Country Name,"Country Code","Series Name","Series Code","Time","Time Code","Value"
Angola,"AGO","Disaster risk reduction progress score (1-5 scale; 5=best)","EN.CLC.DRSK.XQ","2019","YR2019","NA"
Angola,"AGO","Food production index (2014-2016 = 100)","AG.PRD.FOOD.XD","2019","YR2019","110.28"
Angola,"AGO","Plant species (higher), threatened","EN.HPT.THRD.NO","2019","YR2019","NA"
Angola,"AGO","Mammal species, threatened","EN.MAM.THRD.NO","2019","YR2019","NA"
Angola,"AGO","PM2.5 air pollution, population exposed to levels exceeding WHO guideline value (% of total)","EN.ATM.PM25.MC.ZS","2019","YR2019","NA"
Angola,"AGO","PM2.5 pollution, population exposed to levels exceeding WHO Interim Target-2 value (% of total)","EN.ATM.PM25.MC.T2.ZS","2019","YR2019","NA"
Angola,"AGO","Population density (people per sq. km of land area)","EN.POP.DNST","2019","YR2019","25.969063928772"
Angola,"AGO","Population living in slums (% of urban population)","EN.POP.SLUM.UR.ZS","2019","YR2019","NA"
Angola,"AGO","People using safely managed sanitation services (% of population)","SH.STA.SMSS.ZS","2019","YR2019","NA"
Angola,"AGO","People using at least basic sanitation services (% of population)","SH.STA.BASS.ZS","2019","YR2019","49.5470237290202"
Angola,"AGO","People practicing open defecation (% of population)","SH.STA.ODFC.ZS","2019","YR2019","26.8345097354645"
Angola,"AGO","Prevalence of current tobacco use (% of adults)","SH.PRV.SMOK","2019","YR2019","NA"
Angola,"AGO","Prevalence of moderate or severe food insecurity in the population (%)","SN.ITK.MSFI.ZS","2019","YR2019","73.5"
Angola,"AGO","Proportion of population facing financial hardship due to out-of-pocket health expenditure (%)","SH_UHC_FH40","2019","YR2019","NA"
Angola,"AGO","Proportion of population facing large (but non-impoverishing) out-of-pocket health expenditure (%)","SH_UHC_FH40_LARGE","2019","YR2019","NA"
Angola,"AGO","Proportion of population pushed into poverty (based on the societal poverty line) due to out-of-pocket health expenditure (%)","SH_UHC_FH40_PUSHED","2019","YR2019","NA"
Angola,"AGO","Risk of catastrophic expenditure for surgical care (% of people at risk)","SH.SGR.CRSK.ZS","2019","YR2019","50.5"
Angola,"AGO","Suicide mortality rate (per 100,000 population)","SH.STA.SUIC.P5","2019","YR2019","7.52"
Angola,"AGO","Total alcohol consumption per capita (liters of pure alcohol, projected estimates, 15+ years of age)","SH.ALC.PCAP.LI","2019","YR2019","6.17"
Angola,"AGO","Birth rate, crude (per 1,000 people)","SP.DYN.CBRT.IN","2019","YR2019","39.539"
Angola,"AGO","Cause of death, by communicable diseases and maternal, prenatal and nutrition conditions (% of total)","SH.DTH.COMM.ZS","2019","YR2019","57.1772720297183"
Angola,"AGO","Cause of death, by non-communicable diseases (% of total)","SH.DTH.NCOM.ZS","2019","YR2019","35.2601729043332"
Angola,"AGO","Current health expenditure per capita (current US$)","SH.XPD.CHEX.PC.CD","2019","YR2019","64.4466095"
Angola,"AGO","Death rate, crude (per 1,000 people)","SP.DYN.CDRT.IN","2019","YR2019","7.701"
Angola,"AGO","Domestic general government health expenditure (% of GDP)","SH.XPD.GHED.GD.ZS","2019","YR2019","1.00303984"
Angola,"AGO","Domestic general government health expenditure per capita (current US$)","SH.XPD.GHED.PC.CD","2019","YR2019","29.33039764"
Angola,"AGO","Domestic private health expenditure (% of current health expenditure)","SH.XPD.PVTD.CH.ZS","2019","YR2019","50.52954102"
Angola,"AGO","Domestic private health expenditure per capita, PPP (current international $)","SH.XPD.PVTD.PP.CD","2019","YR2019","95.4711899988042"
Angola,"AGO","External health expenditure (% of current health expenditure)","SH.XPD.EHEX.CH.ZS","2019","YR2019","3.95930076"
Angola,"AGO","Incidence of tuberculosis (per 100,000 people)","SH.TBS.INCD","2019","YR2019","390"
Angola,"AGO","Incidence of HIV, all (per 1,000 uninfected population)","SH.HIV.INCD.TL.P3","2019","YR2019","0.79"
Angola,"AGO","Mortality rate attributed to household and ambient air pollution, age-standardized, female (per 100,000 female population)","SH.STA.AIRP.FE.P5","2019","YR2019","121.4"
Angola,"AGO","Mortality rate attributed to unintentional poisoning (per 100,000 population)","SH.STA.POIS.P5","2019","YR2019","1.03"
Angola,"AGO","Mortality rate, infant (per 1,000 live births)","SP.DYN.IMRT.IN","2019","YR2019","35.5"
Angola,"AGO","Mortality rate, under-5 (per 1,000 live births)","SH.DYN.MORT","2019","YR2019","55.3"
Angola,"AGO","Out-of-pocket expenditure (% of current health expenditure)","SH.XPD.OOPC.CH.ZS","2019","YR2019","33.14308548"
Angola,"AGO","People using at least basic drinking water services (% of population)","SH.H2O.BASW.ZS","2019","YR2019","64.1599110373067"
Angola,"AGO","People with basic handwashing facilities including soap and water (% of population)","SH.STA.HYGN.ZS","2019","YR2019","36.1386026929238"
Angola,"AGO","Population growth (annual %)","SP.POP.GROW","2019","YR2019","3.38788422184303"
Angola,"AGO","Prevalence of severe food insecurity in the population (%)","SN.ITK.SVFI.ZS","2019","YR2019","26.9"
Angola,"AGO","Prevalence of undernourishment (% of population)","SN.ITK.DEFC.ZS","2019","YR2019","18.2"
Angola,"AGO","Proportion of population facing impoverishing out-of-pocket health expenditure, based on the societal poverty line (%)","SH_UHC_FH40_IMPOV","2019","YR2019","NA"
Angola,"AGO","Proportion of population further impoverished due to out-of-pocket health expenditure, based on the societal poverty line (%)","SH_UHC_FH40_FURTHER","2019","YR2019","NA"
Angola,"AGO","Risk of impoverishing expenditure for surgical care (% of people at risk)","SH.SGR.IRSK.ZS","2019","YR2019","51.7"
Angola,"AGO","UHC service coverage index","SH_UHC_SCI","2019","YR2019","45"
Angola,"AGO","Wanted fertility rate (births per woman)","SP.DYN.WFRT","2019","YR2019","NA"
Angola,"AGO","Access to electricity (% of population)","EG.ELC.ACCS.ZS","2019","YR2019","45.6"
Angola,"AGO","Bird species, threatened","EN.BIR.THRD.NO","2019","YR2019","NA"
Angola,"AGO","Fish species, threatened","EN.FSH.THRD.NO","2019","YR2019","NA"
Angola,"AGO","Adjusted savings: particulate emission damage (% of GNI)","NY.ADJ.DPEM.GN.ZS","2019","YR2019","0.720941911594837"
Angola,"AGO","Adjusted net savings, excluding particulate emission damage (% of GNI)","NY.ADJ.SVNX.GN.ZS","2019","YR2019","5.41429181866104"
Angola,"AGO","Adjusted net savings, including particulate emission damage (% of GNI)","NY.ADJ.SVNG.GN.ZS","2019","YR2019","4.69334990706621"
Angola,"AGO","Adjusted savings: carbon dioxide damage (% of GNI)","NY.ADJ.DCO2.GN.ZS","2019","YR2019","1.63069231400158"
Benin,"BEN","Disaster risk reduction progress score (1-5 scale; 5=best)","EN.CLC.DRSK.XQ","2019","YR2019","NA"
Benin,"BEN","Food production index (2014-2016 = 100)","AG.PRD.FOOD.XD","2019","YR2019","117.25"
Benin,"BEN","Plant species (higher), threatened","EN.HPT.THRD.NO","2019","YR2019","NA"
Benin,"BEN","Mammal species, threatened","EN.MAM.THRD.NO","2019","YR2019","NA"
Benin,"BEN","PM2.5 air pollution, population exposed to levels exceeding WHO guideline value (% of total)","EN.ATM.PM25.MC.ZS","2019","YR2019","NA"
Benin,"BEN","PM2.5 pollution, population exposed to levels exceeding WHO Interim Target-2 value (% of total)","EN.ATM.PM25.MC.T2.ZS","2019","YR2019","NA"
Benin,"BEN","Population density (people per sq. km of land area)","EN.POP.DNST","2019","YR2019","112.865865555161"
Benin,"BEN","Population living in slums (% of urban population)","EN.POP.SLUM.UR.ZS","2019","YR2019","NA"
Benin,"BEN","People using safely managed sanitation services (% of population)","SH.STA.SMSS.ZS","2019","YR2019","13.9609164956735"
Benin,"BEN","People using at least basic sanitation services (% of population)","SH.STA.BASS.ZS","2019","YR2019","18.8420840944928"
Benin,"BEN","People practicing open defecation (% of population)","SH.STA.ODFC.ZS","2019","YR2019","51.2266898882158"
Benin,"BEN","Prevalence of current tobacco use (% of adults)","SH.PRV.SMOK","2019","YR2019","NA"
Benin,"BEN","Prevalence of moderate or severe food insecurity in the population (%)","SN.ITK.MSFI.ZS","2019","YR2019","64"
Benin,"BEN","Proportion of population facing financial hardship due to out-of-pocket health expenditure (%)","SH_UHC_FH40","2019","YR2019","NA"
Benin,"BEN","Proportion of population facing large (but non-impoverishing) out-of-pocket health expenditure (%)","SH_UHC_FH40_LARGE","2019","YR2019","NA"
Benin,"BEN","Proportion of population pushed into poverty (based on the societal poverty line) due to out-of-pocket health expenditure (%)","SH_UHC_FH40_PUSHED","2019","YR2019","NA"
Benin,"BEN","Risk of catastrophic expenditure for surgical care (% of people at risk)","SH.SGR.CRSK.ZS","2019","YR2019","47.4"
Benin,"BEN","Suicide mortality rate (per 100,000 population)","SH.STA.SUIC.P5","2019","YR2019","7.23"
Benin,"BEN","Total alcohol consumption per capita (liters of pure alcohol, projected estimates, 15+ years of age)","SH.ALC.PCAP.LI","2019","YR2019","8.35"
Benin,"BEN","Birth rate, crude (per 1,000 people)","SP.DYN.CBRT.IN","2019","YR2019","36.036"
Benin,"BEN","Cause of death, by communicable diseases and maternal, prenatal and nutrition conditions (% of total)","SH.DTH.COMM.ZS","2019","YR2019","54.7126301158935"
Benin,"BEN","Cause of death, by non-communicable diseases (% of total)","SH.DTH.NCOM.ZS","2019","YR2019","36.7245534730502"
Benin,"BEN","Current health expenditure per capita (current US$)","SH.XPD.CHEX.PC.CD","2019","YR2019","33.9457283"
Benin,"BEN","Death rate, crude (per 1,000 people)","SP.DYN.CDRT.IN","2019","YR2019","9.335"
Benin,"BEN","Domestic general government health expenditure (% of GDP)","SH.XPD.GHED.GD.ZS","2019","YR2019","0.45625761"
Benin,"BEN","Domestic general government health expenditure per capita (current US$)","SH.XPD.GHED.PC.CD","2019","YR2019","5.15910829"
Benin,"BEN","Domestic private health expenditure (% of current health expenditure)","SH.XPD.PVTD.CH.ZS","2019","YR2019","60.24988937"
Benin,"BEN","Domestic private health expenditure per capita, PPP (current international $)","SH.XPD.PVTD.PP.CD","2019","YR2019","56.956956023166"
Benin,"BEN","External health expenditure (% of current health expenditure)","SH.XPD.EHEX.CH.ZS","2019","YR2019","24.55200005"
Benin,"BEN","Incidence of tuberculosis (per 100,000 people)","SH.TBS.INCD","2019","YR2019","51"
Benin,"BEN","Incidence of HIV, all (per 1,000 uninfected population)","SH.HIV.INCD.TL.P3","2019","YR2019","0.16"
Benin,"BEN","Mortality rate attributed to household and ambient air pollution, age-standardized, female (per 100,000 female population)","SH.STA.AIRP.FE.P5","2019","YR2019","180.5"
Benin,"BEN","Mortality rate attributed to unintentional poisoning (per 100,000 population)","SH.STA.POIS.P5","2019","YR2019","1.13"
Benin,"BEN","Mortality rate, infant (per 1,000 live births)","SP.DYN.IMRT.IN","2019","YR2019","51.8"
Benin,"BEN","Mortality rate, under-5 (per 1,000 live births)","SH.DYN.MORT","2019","YR2019","87"
Benin,"BEN","Out-of-pocket expenditure (% of current health expenditure)","SH.XPD.OOPC.CH.ZS","2019","YR2019","54.70105362"
Benin,"BEN","People using at least basic drinking water services (% of population)","SH.H2O.BASW.ZS","2019","YR2019","67.9832516982572"
Benin,"BEN","People with basic handwashing facilities including soap and water (% of population)","SH.STA.HYGN.ZS","2019","YR2019","10.5210062342298"
Benin,"BEN","Population growth (annual %)","SP.POP.GROW","2019","YR2019","2.73538842831436"
Benin,"BEN","Prevalence of severe food insecurity in the population (%)","SN.ITK.SVFI.ZS","2019","YR2019","14.7"
Benin,"BEN","Prevalence of undernourishment (% of population)","SN.ITK.DEFC.ZS","2019","YR2019","11.8"
Benin,"BEN","Proportion of population facing impoverishing out-of-pocket health expenditure, based on the societal poverty line (%)","SH_UHC_FH40_IMPOV","2019","YR2019","NA"
Benin,"BEN","Proportion of population further impoverished due to out-of-pocket health expenditure, based on the societal poverty line (%)","SH_UHC_FH40_FURTHER","2019","YR2019","NA"
Benin,"BEN","Risk of impoverishing expenditure for surgical care (% of people at risk)","SH.SGR.IRSK.ZS","2019","YR2019","63.9"
Benin,"BEN","UHC service coverage index","SH_UHC_SCI","2019","YR2019","34"
Benin,"BEN","Wanted fertility rate (births per woman)","SP.DYN.WFRT","2019","YR2019","NA"
Benin,"BEN","Access to electricity (% of population)","EG.ELC.ACCS.ZS","2019","YR2019","40"
Benin,"BEN","Bird species, threatened","EN.BIR.THRD.NO","2019","YR2019","NA"
Benin,"BEN","Fish species, threatened","EN.FSH.THRD.NO","2019","YR2019","NA"
Benin,"BEN","Adjusted savings: particulate emission damage (% of GNI)","NY.ADJ.DPEM.GN.ZS","2019","YR2019","2.31198338489709"
Benin,"BEN","Adjusted net savings, excluding particulate emission damage (% of GNI)","NY.ADJ.SVNX.GN.ZS","2019","YR2019","12.3354702476526"
Benin,"BEN","Adjusted net savings, including particulate emission damage (% of GNI)","NY.ADJ.SVNG.GN.ZS","2019","YR2019","10.0234868627555"
Benin,"BEN","Adjusted savings: carbon dioxide damage (% of GNI)","NY.ADJ.DCO2.GN.ZS","2019","YR2019","2.08928910434415"
Botswana,"BWA","Disaster risk reduction progress score (1-5 scale; 5=best)","EN.CLC.DRSK.XQ","2019","YR2019","NA"
Botswana,"BWA","Food production index (2014-2016 = 100)","AG.PRD.FOOD.XD","2019","YR2019","92.64"
Botswana,"BWA","Plant species (higher), threatened","EN.HPT.THRD.NO","2019","YR2019","NA"
Botswana,"BWA","Mammal species, threatened","EN.MAM.THRD.NO","2019","YR2019","NA"
Botswana,"BWA","PM2.5 air pollution, population exposed to levels exceeding WHO guideline value (% of total)","EN.ATM.PM25.MC.ZS","2019","YR2019","NA"
Botswana,"BWA","PM2.5 pollution, population exposed to levels exceeding WHO Interim Target-2 value (% of total)","EN.ATM.PM25.MC.T2.ZS","2019","YR2019","NA"
Botswana,"BWA","Population density (people per sq. km of land area)","EN.POP.DNST","2019","YR2019","4.11498067863004"
Botswana,"BWA","Population living in slums (% of urban population)","EN.POP.SLUM.UR.ZS","2019","YR2019","NA"
Botswana,"BWA","People using safely managed sanitation services (% of population)","SH.STA.SMSS.ZS","2019","YR2019","NA"
Botswana,"BWA","People using at least basic sanitation services (% of population)","SH.STA.BASS.ZS","2019","YR2019","69.8150599678289"
Botswana,"BWA","People practicing open defecation (% of population)","SH.STA.ODFC.ZS","2019","YR2019","7.85911899861236"
Botswana,"BWA","Prevalence of current tobacco use (% of adults)","SH.PRV.SMOK","2019","YR2019","NA"
Botswana,"BWA","Prevalence of moderate or severe food insecurity in the population (%)","SN.ITK.MSFI.ZS","2019","YR2019","54"
Botswana,"BWA","Proportion of population facing financial hardship due to out-of-pocket health expenditure (%)","SH_UHC_FH40","2019","YR2019","NA"
Botswana,"BWA","Proportion of population facing large (but non-impoverishing) out-of-pocket health expenditure (%)","SH_UHC_FH40_LARGE","2019","YR2019","NA"
Botswana,"BWA","Proportion of population pushed into poverty (based on the societal poverty line) due to out-of-pocket health expenditure (%)","SH_UHC_FH40_PUSHED","2019","YR2019","NA"
Botswana,"BWA","Risk of catastrophic expenditure for surgical care (% of people at risk)","SH.SGR.CRSK.ZS","2019","YR2019","14.5"
Botswana,"BWA","Suicide mortality rate (per 100,000 population)","SH.STA.SUIC.P5","2019","YR2019","8.99"
Botswana,"BWA","Total alcohol consumption per capita (liters of pure alcohol, projected estimates, 15+ years of age)","SH.ALC.PCAP.LI","2019","YR2019","8.16"
Botswana,"BWA","Birth rate, crude (per 1,000 people)","SP.DYN.CBRT.IN","2019","YR2019","25.751"
Botswana,"BWA","Cause of death, by communicable diseases and maternal, prenatal and nutrition conditions (% of total)","SH.DTH.COMM.ZS","2019","YR2019","52.1364281845063"
Botswana,"BWA","Cause of death, by non-communicable diseases (% of total)","SH.DTH.NCOM.ZS","2019","YR2019","39.7322976461026"
Botswana,"BWA","Current health expenditure per capita (current US$)","SH.XPD.CHEX.PC.CD","2019","YR2019","438.28546143"
Botswana,"BWA","Death rate, crude (per 1,000 people)","SP.DYN.CDRT.IN","2019","YR2019","6.408"
Botswana,"BWA","Domestic general government health expenditure (% of GDP)","SH.XPD.GHED.GD.ZS","2019","YR2019","4.37294102"
Botswana,"BWA","Domestic general government health expenditure per capita (current US$)","SH.XPD.GHED.PC.CD","2019","YR2019","313.07052014"
Botswana,"BWA","Domestic private health expenditure (% of current health expenditure)","SH.XPD.PVTD.CH.ZS","2019","YR2019","19.00561905"
Botswana,"BWA","Domestic private health expenditure per capita, PPP (current international $)","SH.XPD.PVTD.PP.CD","2019","YR2019","185.364537610588"
Botswana,"BWA","External health expenditure (% of current health expenditure)","SH.XPD.EHEX.CH.ZS","2019","YR2019","9.56364727"
Botswana,"BWA","Incidence of tuberculosis (per 100,000 people)","SH.TBS.INCD","2019","YR2019","306"
Botswana,"BWA","Incidence of HIV, all (per 1,000 uninfected population)","SH.HIV.INCD.TL.P3","2019","YR2019","3.5"
Botswana,"BWA","Mortality rate attributed to household and ambient air pollution, age-standardized, female (per 100,000 female population)","SH.STA.AIRP.FE.P5","2019","YR2019","115.6"
Botswana,"BWA","Mortality rate attributed to unintentional poisoning (per 100,000 population)","SH.STA.POIS.P5","2019","YR2019","1.07"
Botswana,"BWA","Mortality rate, infant (per 1,000 live births)","SP.DYN.IMRT.IN","2019","YR2019","37.4"
Botswana,"BWA","Mortality rate, under-5 (per 1,000 live births)","SH.DYN.MORT","2019","YR2019","40"
Botswana,"BWA","Out-of-pocket expenditure (% of current health expenditure)","SH.XPD.OOPC.CH.ZS","2019","YR2019","4.49591017"
Botswana,"BWA","People using at least basic drinking water services (% of population)","SH.H2O.BASW.ZS","2019","YR2019","91.4749479975469"
Botswana,"BWA","People with basic handwashing facilities including soap and water (% of population)","SH.STA.HYGN.ZS","2019","YR2019","NA"
Botswana,"BWA","Population growth (annual %)","SP.POP.GROW","2019","YR2019","1.42262847077389"
Botswana,"BWA","Prevalence of severe food insecurity in the population (%)","SN.ITK.SVFI.ZS","2019","YR2019","23.7"
Botswana,"BWA","Prevalence of undernourishment (% of population)","SN.ITK.DEFC.ZS","2019","YR2019","22.8"
Botswana,"BWA","Proportion of population facing impoverishing out-of-pocket health expenditure, based on the societal poverty line (%)","SH_UHC_FH40_IMPOV","2019","YR2019","NA"
Botswana,"BWA","Proportion of population further impoverished due to out-of-pocket health expenditure, based on the societal poverty line (%)","SH_UHC_FH40_FURTHER","2019","YR2019","NA"
Botswana,"BWA","Risk of impoverishing expenditure for surgical care (% of people at risk)","SH.SGR.IRSK.ZS","2019","YR2019","38"
Botswana,"BWA","UHC service coverage index","SH_UHC_SCI","2019","YR2019","58"
Botswana,"BWA","Wanted fertility rate (births per woman)","SP.DYN.WFRT","2019","YR2019","NA"
Botswana,"BWA","Access to electricity (% of population)","EG.ELC.ACCS.ZS","2019","YR2019","70.1"
Botswana,"BWA","Bird species, threatened","EN.BIR.THRD.NO","2019","YR2019","NA"
Botswana,"BWA","Fish species, threatened","EN.FSH.THRD.NO","2019","YR2019","NA"
Botswana,"BWA","Adjusted savings: particulate emission damage (% of GNI)","NY.ADJ.DPEM.GN.ZS","2019","YR2019","0.506309737707856"
Botswana,"BWA","Adjusted net savings, excluding particulate emission damage (% of GNI)","NY.ADJ.SVNX.GN.ZS","2019","YR2019","12.6824225730234"
Botswana,"BWA","Adjusted net savings, including particulate emission damage (% of GNI)","NY.ADJ.SVNG.GN.ZS","2019","YR2019","12.1761128353156"
Botswana,"BWA","Adjusted savings: carbon dioxide damage (% of GNI)","NY.ADJ.DCO2.GN.ZS","2019","YR2019","1.86883433275873"
Burkina Faso,"BFA","Disaster risk reduction progress score (1-5 scale; 5=best)","EN.CLC.DRSK.XQ","2019","YR2019","NA"
Burkina Faso,"BFA","Food production index (2014-2016 = 100)","AG.PRD.FOOD.XD","2019","YR2019","119.25"
Burkina Faso,"BFA","Plant species (higher), threatened","EN.HPT.THRD.NO","2019","YR2019","NA"
Burkina Faso,"BFA","Mammal species, threatened","EN.MAM.THRD.NO","2019","YR2019","NA"
Burkina Faso,"BFA","PM2.5 air pollution, population exposed to levels exceeding WHO guideline value (% of total)","EN.ATM.PM25.MC.ZS","2019","YR2019","NA"
Burkina Faso,"BFA","PM2.5 pollution, population exposed to levels exceeding WHO Interim Target-2 value (% of total)","EN.ATM.PM25.MC.T2.ZS","2019","YR2019","NA"
Burkina Faso,"BFA","Population density (people per sq. km of land area)","EN.POP.DNST","2019","YR2019","76.6153216374269"
Burkina Faso,"BFA","Population living in slums (% of urban population)","EN.POP.SLUM.UR.ZS","2019","YR2019","NA"
Burkina Faso,"BFA","People using safely managed sanitation services (% of population)","SH.STA.SMSS.ZS","2019","YR2019","20.5746092519547"
Burkina Faso,"BFA","People using at least basic sanitation services (% of population)","SH.STA.BASS.ZS","2019","YR2019","26.7185691114763"
Burkina Faso,"BFA","People practicing open defecation (% of population)","SH.STA.ODFC.ZS","2019","YR2019","38.3554784716963"
Burkina Faso,"BFA","Prevalence of current tobacco use (% of adults)","SH.PRV.SMOK","2019","YR2019","NA"
Burkina Faso,"BFA","Prevalence of moderate or severe food insecurity in the population (%)","SN.ITK.MSFI.ZS","2019","YR2019","39.5"
Burkina Faso,"BFA","Proportion of population facing financial hardship due to out-of-pocket health expenditure (%)","SH_UHC_FH40","2019","YR2019","NA"
Burkina Faso,"BFA","Proportion of population facing large (but non-impoverishing) out-of-pocket health expenditure (%)","SH_UHC_FH40_LARGE","2019","YR2019","NA"
Burkina Faso,"BFA","Proportion of population pushed into poverty (based on the societal poverty line) due to out-of-pocket health expenditure (%)","SH_UHC_FH40_PUSHED","2019","YR2019","NA"
Burkina Faso,"BFA","Risk of catastrophic expenditure for surgical care (% of people at risk)","SH.SGR.CRSK.ZS","2019","YR2019","58.6"
Burkina Faso,"BFA","Suicide mortality rate (per 100,000 population)","SH.STA.SUIC.P5","2019","YR2019","8.45"
Burkina Faso,"BFA","Total alcohol consumption per capita (liters of pure alcohol, projected estimates, 15+ years of age)","SH.ALC.PCAP.LI","2019","YR2019","9.81"
Burkina Faso,"BFA","Birth rate, crude (per 1,000 people)","SP.DYN.CBRT.IN","2019","YR2019","34.325"
Burkina Faso,"BFA","Cause of death, by communicable diseases and maternal, prenatal and nutrition conditions (% of total)","SH.DTH.COMM.ZS","2019","YR2019","52.3338381998252"
Burkina Faso,"BFA","Cause of death, by non-communicable diseases (% of total)","SH.DTH.NCOM.ZS","2019","YR2019","36.1212714408879"
Burkina Faso,"BFA","Current health expenditure per capita (current US$)","SH.XPD.CHEX.PC.CD","2019","YR2019","41.06895828"
Burkina Faso,"BFA","Death rate, crude (per 1,000 people)","SP.DYN.CDRT.IN","2019","YR2019","8.564"
Burkina Faso,"BFA","Domestic general government health expenditure (% of GDP)","SH.XPD.GHED.GD.ZS","2019","YR2019","2.23602796"
Burkina Faso,"BFA","Domestic general government health expenditure per capita (current US$)","SH.XPD.GHED.PC.CD","2019","YR2019","17.16469763"
Burkina Faso,"BFA","Domestic private health expenditure (% of current health expenditure)","SH.XPD.PVTD.CH.ZS","2019","YR2019","42.41405487"
Burkina Faso,"BFA","Domestic private health expenditure per capita, PPP (current international $)","SH.XPD.PVTD.PP.CD","2019","YR2019","50.8359929398947"
Burkina Faso,"BFA","External health expenditure (% of current health expenditure)","SH.XPD.EHEX.CH.ZS","2019","YR2019","15.79112339"
Burkina Faso,"BFA","Incidence of tuberculosis (per 100,000 people)","SH.TBS.INCD","2019","YR2019","63"
Burkina Faso,"BFA","Incidence of HIV, all (per 1,000 uninfected population)","SH.HIV.INCD.TL.P3","2019","YR2019","0.14"
Burkina Faso,"BFA","Mortality rate attributed to household and ambient air pollution, age-standardized, female (per 100,000 female population)","SH.STA.AIRP.FE.P5","2019","YR2019","167.4"
Burkina Faso,"BFA","Mortality rate attributed to unintentional poisoning (per 100,000 population)","SH.STA.POIS.P5","2019","YR2019","1.67"
Burkina Faso,"BFA","Mortality rate, infant (per 1,000 live births)","SP.DYN.IMRT.IN","2019","YR2019","50.2"
Burkina Faso,"BFA","Mortality rate, under-5 (per 1,000 live births)","SH.DYN.MORT","2019","YR2019","88.1"
Burkina Faso,"BFA","Out-of-pocket expenditure (% of current health expenditure)","SH.XPD.OOPC.CH.ZS","2019","YR2019","34.67798996"
Burkina Faso,"BFA","People using at least basic drinking water services (% of population)","SH.H2O.BASW.ZS","2019","YR2019","50.6996167671279"
Burkina Faso,"BFA","People with basic handwashing facilities including soap and water (% of population)","SH.STA.HYGN.ZS","2019","YR2019","21.1814048552497"
Burkina Faso,"BFA","Population growth (annual %)","SP.POP.GROW","2019","YR2019","2.52989803984158"
Burkina Faso,"BFA","Prevalence of severe food insecurity in the population (%)","SN.ITK.SVFI.ZS","2019","YR2019","6.3"
Burkina Faso,"BFA","Prevalence of undernourishment (% of population)","SN.ITK.DEFC.ZS","2019","YR2019","14.3"
Burkina Faso,"BFA","Proportion of population facing impoverishing out-of-pocket health expenditure, based on the societal poverty line (%)","SH_UHC_FH40_IMPOV","2019","YR2019","NA"
Burkina Faso,"BFA","Proportion of population further impoverished due to out-of-pocket health expenditure, based on the societal poverty line (%)","SH_UHC_FH40_FURTHER","2019","YR2019","NA"
Burkina Faso,"BFA","Risk of impoverishing expenditure for surgical care (% of people at risk)","SH.SGR.IRSK.ZS","2019","YR2019","84.2"
Burkina Faso,"BFA","UHC service coverage index","SH_UHC_SCI","2019","YR2019","40"
Burkina Faso,"BFA","Wanted fertility rate (births per woman)","SP.DYN.WFRT","2019","YR2019","NA"
Burkina Faso,"BFA","Access to electricity (% of population)","EG.ELC.ACCS.ZS","2019","YR2019","17.6"
Burkina Faso,"BFA","Bird species, threatened","EN.BIR.THRD.NO","2019","YR2019","NA"
Burkina Faso,"BFA","Fish species, threatened","EN.FSH.THRD.NO","2019","YR2019","NA"
Burkina Faso,"BFA","Adjusted savings: particulate emission damage (% of GNI)","NY.ADJ.DPEM.GN.ZS","2019","YR2019","2.46556393122713"
Burkina Faso,"BFA","Adjusted net savings, excluding particulate emission damage (% of GNI)","NY.ADJ.SVNX.GN.ZS","2019","YR2019","10.0805562274939"
Burkina Faso,"BFA","Adjusted net savings, including particulate emission damage (% of GNI)","NY.ADJ.SVNG.GN.ZS","2019","YR2019","7.61499229626679"
Burkina Faso,"BFA","Adjusted savings: carbon dioxide damage (% of GNI)","NY.ADJ.DCO2.GN.ZS","2019","YR2019","1.33034267370063"
Burundi,"BDI","Disaster risk reduction progress score (1-5 scale; 5=best)","EN.CLC.DRSK.XQ","2019","YR2019","NA"
Burundi,"BDI","Food production index (2014-2016 = 100)","AG.PRD.FOOD.XD","2019","YR2019","128.45"
Burundi,"BDI","Plant species (higher), threatened","EN.HPT.THRD.NO","2019","YR2019","NA"
Burundi,"BDI","Mammal species, threatened","EN.MAM.THRD.NO","2019","YR2019","NA"
Burundi,"BDI","PM2.5 air pollution, population exposed to levels exceeding WHO guideline value (% of total)","EN.ATM.PM25.MC.ZS","2019","YR2019","NA"
Burundi,"BDI","PM2.5 pollution, population exposed to levels exceeding WHO Interim Target-2 value (% of total)","EN.ATM.PM25.MC.T2.ZS","2019","YR2019","NA"
Burundi,"BDI","Population density (people per sq. km of land area)","EN.POP.DNST","2019","YR2019","477.232710280374"
Burundi,"BDI","Population living in slums (% of urban population)","EN.POP.SLUM.UR.ZS","2019","YR2019","NA"
Burundi,"BDI","People using safely managed sanitation services (% of population)","SH.STA.SMSS.ZS","2019","YR2019","NA"
Burundi,"BDI","People using at least basic sanitation services (% of population)","SH.STA.BASS.ZS","2019","YR2019","44.3577388229315"
Burundi,"BDI","People practicing open defecation (% of population)","SH.STA.ODFC.ZS","2019","YR2019","2.07902898585401"
Burundi,"BDI","Prevalence of current tobacco use (% of adults)","SH.PRV.SMOK","2019","YR2019","NA"
Burundi,"BDI","Prevalence of moderate or severe food insecurity in the population (%)","SN.ITK.MSFI.ZS","2019","YR2019","NA"
Burundi,"BDI","Proportion of population facing financial hardship due to out-of-pocket health expenditure (%)","SH_UHC_FH40","2019","YR2019","NA"
Burundi,"BDI","Proportion of population facing large (but non-impoverishing) out-of-pocket health expenditure (%)","SH_UHC_FH40_LARGE","2019","YR2019","NA"
Burundi,"BDI","Proportion of population pushed into poverty (based on the societal poverty line) due to out-of-pocket health expenditure (%)","SH_UHC_FH40_PUSHED","2019","YR2019","NA"
Burundi,"BDI","Risk of catastrophic expenditure for surgical care (% of people at risk)","SH.SGR.CRSK.ZS","2019","YR2019","NA"
Burundi,"BDI","Suicide mortality rate (per 100,000 population)","SH.STA.SUIC.P5","2019","YR2019","6.88"
Burundi,"BDI","Total alcohol consumption per capita (liters of pure alcohol, projected estimates, 15+ years of age)","SH.ALC.PCAP.LI","2019","YR2019","4.13"
Burundi,"BDI","Birth rate, crude (per 1,000 people)","SP.DYN.CBRT.IN","2019","YR2019","36.579"
Burundi,"BDI","Cause of death, by communicable diseases and maternal, prenatal and nutrition conditions (% of total)","SH.DTH.COMM.ZS","2019","YR2019","52.0689189061514"
Burundi,"BDI","Cause of death, by non-communicable diseases (% of total)","SH.DTH.NCOM.ZS","2019","YR2019","36.8831915735238"
Burundi,"BDI","Current health expenditure per capita (current US$)","SH.XPD.CHEX.PC.CD","2019","YR2019","22.2435379"
Burundi,"BDI","Death rate, crude (per 1,000 people)","SP.DYN.CDRT.IN","2019","YR2019","7.394"
Burundi,"BDI","Domestic general government health expenditure (% of GDP)","SH.XPD.GHED.GD.ZS","2019","YR2019","2.27763605"
Burundi,"BDI","Domestic general government health expenditure per capita (current US$)","SH.XPD.GHED.PC.CD","2019","YR2019","5.59227403"
Burundi,"BDI","Domestic private health expenditure (% of current health expenditure)","SH.XPD.PVTD.CH.ZS","2019","YR2019","23.53046227"
Burundi,"BDI","Domestic private health expenditure per capita, PPP (current international $)","SH.XPD.PVTD.PP.CD","2019","YR2019","16.5923481534517"
Burundi,"BDI","External health expenditure (% of current health expenditure)","SH.XPD.EHEX.CH.ZS","2019","YR2019","51.32841873"
Burundi,"BDI","Incidence of tuberculosis (per 100,000 people)","SH.TBS.INCD","2019","YR2019","102"
Burundi,"BDI","Incidence of HIV, all (per 1,000 uninfected population)","SH.HIV.INCD.TL.P3","2019","YR2019","0.12"
Burundi,"BDI","Mortality rate attributed to household and ambient air pollution, age-standardized, female (per 100,000 female population)","SH.STA.AIRP.FE.P5","2019","YR2019","181"
Burundi,"BDI","Mortality rate attributed to unintentional poisoning (per 100,000 population)","SH.STA.POIS.P5","2019","YR2019","2.15"
Burundi,"BDI","Mortality rate, infant (per 1,000 live births)","SP.DYN.IMRT.IN","2019","YR2019","35.7"
Burundi,"BDI","Mortality rate, under-5 (per 1,000 live births)","SH.DYN.MORT","2019","YR2019","56.2"
Burundi,"BDI","Out-of-pocket expenditure (% of current health expenditure)","SH.XPD.OOPC.CH.ZS","2019","YR2019","22.21719551"
Burundi,"BDI","People using at least basic drinking water services (% of population)","SH.H2O.BASW.ZS","2019","YR2019","63.7579908768374"
Burundi,"BDI","People with basic handwashing facilities including soap and water (% of population)","SH.STA.HYGN.ZS","2019","YR2019","6.14287998187904"
Burundi,"BDI","Population growth (annual %)","SP.POP.GROW","2019","YR2019","3.28367531420808"
Burundi,"BDI","Prevalence of severe food insecurity in the population (%)","SN.ITK.SVFI.ZS","2019","YR2019","NA"
Burundi,"BDI","Prevalence of undernourishment (% of population)","SN.ITK.DEFC.ZS","2019","YR2019","NA"
Burundi,"BDI","Proportion of population facing impoverishing out-of-pocket health expenditure, based on the societal poverty line (%)","SH_UHC_FH40_IMPOV","2019","YR2019","NA"
Burundi,"BDI","Proportion of population further impoverished due to out-of-pocket health expenditure, based on the societal poverty line (%)","SH_UHC_FH40_FURTHER","2019","YR2019","NA"
Burundi,"BDI","Risk of impoverishing expenditure for surgical care (% of people at risk)","SH.SGR.IRSK.ZS","2019","YR2019","NA"
Burundi,"BDI","UHC service coverage index","SH_UHC_SCI","2019","YR2019","49"
Burundi,"BDI","Wanted fertility rate (births per woman)","SP.DYN.WFRT","2019","YR2019","NA"
Burundi,"BDI","Access to electricity (% of population)","EG.ELC.ACCS.ZS","2019","YR2019","9.8"
Burundi,"BDI","Bird species, threatened","EN.BIR.THRD.NO","2019","YR2019","NA"
Burundi,"BDI","Fish species, threatened","EN.FSH.THRD.NO","2019","YR2019","NA"
Burundi,"BDI","Adjusted savings: particulate emission damage (% of GNI)","NY.ADJ.DPEM.GN.ZS","2019","YR2019","1.94326753907615"
Burundi,"BDI","Adjusted net savings, excluding particulate emission damage (% of GNI)","NY.ADJ.SVNX.GN.ZS","2019","YR2019","NA"
Burundi,"BDI","Adjusted net savings, including particulate emission damage (% of GNI)","NY.ADJ.SVNG.GN.ZS","2019","YR2019","NA"
Burundi,"BDI","Adjusted savings: carbon dioxide damage (% of GNI)","NY.ADJ.DCO2.GN.ZS","2019","YR2019","1.1362838331878"
Cabo Verde,"CPV","Disaster risk reduction progress score (1-5 scale; 5=best)","EN.CLC.DRSK.XQ","2019","YR2019","NA"
Cabo Verde,"CPV","Food production index (2014-2016 = 100)","AG.PRD.FOOD.XD","2019","YR2019","73.93"
Cabo Verde,"CPV","Plant species (higher), threatened","EN.HPT.THRD.NO","2019","YR2019","NA"
Cabo Verde,"CPV","Mammal species, threatened","EN.MAM.THRD.NO","2019","YR2019","NA"
Cabo Verde,"CPV","PM2.5 air pollution, population exposed to levels exceeding WHO guideline value (% of total)","EN.ATM.PM25.MC.ZS","2019","YR2019","NA"
Cabo Verde,"CPV","PM2.5 pollution, population exposed to levels exceeding WHO Interim Target-2 value (% of total)","EN.ATM.PM25.MC.T2.ZS","2019","YR2019","NA"
Cabo Verde,"CPV","Population density (people per sq. km of land area)","EN.POP.DNST","2019","YR2019","127.569230769231"
Cabo Verde,"CPV","Population living in slums (% of urban population)","EN.POP.SLUM.UR.ZS","2019","YR2019","NA"
Cabo Verde,"CPV","People using safely managed sanitation services (% of population)","SH.STA.SMSS.ZS","2019","YR2019","NA"
Cabo Verde,"CPV","People using at least basic sanitation services (% of population)","SH.STA.BASS.ZS","2019","YR2019","78.8249549430518"
Cabo Verde,"CPV","People practicing open defecation (% of population)","SH.STA.ODFC.ZS","2019","YR2019","12.4843435287343"
Cabo Verde,"CPV","Prevalence of current tobacco use (% of adults)","SH.PRV.SMOK","2019","YR2019","NA"
Cabo Verde,"CPV","Prevalence of moderate or severe food insecurity in the population (%)","SN.ITK.MSFI.ZS","2019","YR2019","35.1"
Cabo Verde,"CPV","Proportion of population facing financial hardship due to out-of-pocket health expenditure (%)","SH_UHC_FH40","2019","YR2019","NA"
Cabo Verde,"CPV","Proportion of population facing large (but non-impoverishing) out-of-pocket health expenditure (%)","SH_UHC_FH40_LARGE","2019","YR2019","NA"
Cabo Verde,"CPV","Proportion of population pushed into poverty (based on the societal poverty line) due to out-of-pocket health expenditure (%)","SH_UHC_FH40_PUSHED","2019","YR2019","NA"
Cabo Verde,"CPV","Risk of catastrophic expenditure for surgical care (% of people at risk)","SH.SGR.CRSK.ZS","2019","YR2019","13.3"
Cabo Verde,"CPV","Suicide mortality rate (per 100,000 population)","SH.STA.SUIC.P5","2019","YR2019","14.56"
Cabo Verde,"CPV","Total alcohol consumption per capita (liters of pure alcohol, projected estimates, 15+ years of age)","SH.ALC.PCAP.LI","2019","YR2019","6.27"
Cabo Verde,"CPV","Birth rate, crude (per 1,000 people)","SP.DYN.CBRT.IN","2019","YR2019","14.288"
Cabo Verde,"CPV","Cause of death, by communicable diseases and maternal, prenatal and nutrition conditions (% of total)","SH.DTH.COMM.ZS","2019","YR2019","16.7793753242354"
Cabo Verde,"CPV","Cause of death, by non-communicable diseases (% of total)","SH.DTH.NCOM.ZS","2019","YR2019","70.7244163607047"
Cabo Verde,"CPV","Current health expenditure per capita (current US$)","SH.XPD.CHEX.PC.CD","2019","YR2019","211.24963379"
Cabo Verde,"CPV","Death rate, crude (per 1,000 people)","SP.DYN.CDRT.IN","2019","YR2019","5.004"
Cabo Verde,"CPV","Domestic general government health expenditure (% of GDP)","SH.XPD.GHED.GD.ZS","2019","YR2019","3.24034405"
Cabo Verde,"CPV","Domestic general government health expenditure per capita (current US$)","SH.XPD.GHED.PC.CD","2019","YR2019","141.88993757"
Cabo Verde,"CPV","Domestic private health expenditure (% of current health expenditure)","SH.XPD.PVTD.CH.ZS","2019","YR2019","30.30004883"
Cabo Verde,"CPV","Domestic private health expenditure per capita, PPP (current international $)","SH.XPD.PVTD.PP.CD","2019","YR2019","126.325419482599"
Cabo Verde,"CPV","External health expenditure (% of current health expenditure)","SH.XPD.EHEX.CH.ZS","2019","YR2019","2.53299904"
Cabo Verde,"CPV","Incidence of tuberculosis (per 100,000 people)","SH.TBS.INCD","2019","YR2019","57"
Cabo Verde,"CPV","Incidence of HIV, all (per 1,000 uninfected population)","SH.HIV.INCD.TL.P3","2019","YR2019","0.42"
Cabo Verde,"CPV","Mortality rate attributed to household and ambient air pollution, age-standardized, female (per 100,000 female population)","SH.STA.AIRP.FE.P5","2019","YR2019","70.7"
Cabo Verde,"CPV","Mortality rate attributed to unintentional poisoning (per 100,000 population)","SH.STA.POIS.P5","2019","YR2019","0.29"
Cabo Verde,"CPV","Mortality rate, infant (per 1,000 live births)","SP.DYN.IMRT.IN","2019","YR2019","13.2"
Cabo Verde,"CPV","Mortality rate, under-5 (per 1,000 live births)","SH.DYN.MORT","2019","YR2019","14.1"
Cabo Verde,"CPV","Out-of-pocket expenditure (% of current health expenditure)","SH.XPD.OOPC.CH.ZS","2019","YR2019","24.94114113"
Cabo Verde,"CPV","People using at least basic drinking water services (% of population)","SH.H2O.BASW.ZS","2019","YR2019","87.808568861158"
Cabo Verde,"CPV","People with basic handwashing facilities including soap and water (% of population)","SH.STA.HYGN.ZS","2019","YR2019","60.1215611084393"
Cabo Verde,"CPV","Population growth (annual %)","SP.POP.GROW","2019","YR2019","0.134109462358547"
Cabo Verde,"CPV","Prevalence of severe food insecurity in the population (%)","SN.ITK.SVFI.ZS","2019","YR2019","7.6"
Cabo Verde,"CPV","Prevalence of undernourishment (% of population)","SN.ITK.DEFC.ZS","2019","YR2019","13.4"
Cabo Verde,"CPV","Proportion of population facing impoverishing out-of-pocket health expenditure, based on the societal poverty line (%)","SH_UHC_FH40_IMPOV","2019","YR2019","NA"
Cabo Verde,"CPV","Proportion of population further impoverished due to out-of-pocket health expenditure, based on the societal poverty line (%)","SH_UHC_FH40_FURTHER","2019","YR2019","NA"
Cabo Verde,"CPV","Risk of impoverishing expenditure for surgical care (% of people at risk)","SH.SGR.IRSK.ZS","2019","YR2019","18.2"
Cabo Verde,"CPV","UHC service coverage index","SH_UHC_SCI","2019","YR2019","67"
Cabo Verde,"CPV","Wanted fertility rate (births per woman)","SP.DYN.WFRT","2019","YR2019","NA"
Cabo Verde,"CPV","Access to electricity (% of population)","EG.ELC.ACCS.ZS","2019","YR2019","91.4"
Cabo Verde,"CPV","Bird species, threatened","EN.BIR.THRD.NO","2019","YR2019","NA"
Cabo Verde,"CPV","Fish species, threatened","EN.FSH.THRD.NO","2019","YR2019","NA"
Cabo Verde,"CPV","Adjusted savings: particulate emission damage (% of GNI)","NY.ADJ.DPEM.GN.ZS","2019","YR2019","0.411403809885473"
Cabo Verde,"CPV","Adjusted net savings, excluding particulate emission damage (% of GNI)","NY.ADJ.SVNX.GN.ZS","2019","YR2019","28.2693937629616"
Cabo Verde,"CPV","Adjusted net savings, including particulate emission damage (% of GNI)","NY.ADJ.SVNG.GN.ZS","2019","YR2019","27.8579899530761"
Cabo Verde,"CPV","Adjusted savings: carbon dioxide damage (% of GNI)","NY.ADJ.DCO2.GN.ZS","2019","YR2019","1.36652806110313"
Cameroon,"CMR","Disaster risk reduction progress score (1-5 scale; 5=best)","EN.CLC.DRSK.XQ","2019","YR2019","NA"
Cameroon,"CMR","Food production index (2014-2016 = 100)","AG.PRD.FOOD.XD","2019","YR2019","104.17"
Cameroon,"CMR","Plant species (higher), threatened","EN.HPT.THRD.NO","2019","YR2019","NA"
Cameroon,"CMR","Mammal species, threatened","EN.MAM.THRD.NO","2019","YR2019","NA"
Cameroon,"CMR","PM2.5 air pollution, population exposed to levels exceeding WHO guideline value (% of total)","EN.ATM.PM25.MC.ZS","2019","YR2019","NA"
Cameroon,"CMR","PM2.5 pollution, population exposed to levels exceeding WHO Interim Target-2 value (% of total)","EN.ATM.PM25.MC.T2.ZS","2019","YR2019","NA"
Cameroon,"CMR","Population density (people per sq. km of land area)","EN.POP.DNST","2019","YR2019","53.9571724736096"
Cameroon,"CMR","Population living in slums (% of urban population)","EN.POP.SLUM.UR.ZS","2019","YR2019","NA"
Cameroon,"CMR","People using safely managed sanitation services (% of population)","SH.STA.SMSS.ZS","2019","YR2019","NA"
Cameroon,"CMR","People using at least basic sanitation services (% of population)","SH.STA.BASS.ZS","2019","YR2019","44.8498829146317"
Cameroon,"CMR","People practicing open defecation (% of population)","SH.STA.ODFC.ZS","2019","YR2019","5.13599220648208"
Cameroon,"CMR","Prevalence of current tobacco use (% of adults)","SH.PRV.SMOK","2019","YR2019","NA"
Cameroon,"CMR","Prevalence of moderate or severe food insecurity in the population (%)","SN.ITK.MSFI.ZS","2019","YR2019","56.4"
Cameroon,"CMR","Proportion of population facing financial hardship due to out-of-pocket health expenditure (%)","SH_UHC_FH40","2019","YR2019","NA"
Cameroon,"CMR","Proportion of population facing large (but non-impoverishing) out-of-pocket health expenditure (%)","SH_UHC_FH40_LARGE","2019","YR2019","NA"
Cameroon,"CMR","Proportion of population pushed into poverty (based on the societal poverty line) due to out-of-pocket health expenditure (%)","SH_UHC_FH40_PUSHED","2019","YR2019","NA"
Cameroon,"CMR","Risk of catastrophic expenditure for surgical care (% of people at risk)","SH.SGR.CRSK.ZS","2019","YR2019","56.4"
Cameroon,"CMR","Suicide mortality rate (per 100,000 population)","SH.STA.SUIC.P5","2019","YR2019","8.22"
Cameroon,"CMR","Total alcohol consumption per capita (liters of pure alcohol, projected estimates, 15+ years of age)","SH.ALC.PCAP.LI","2019","YR2019","10.1"
Cameroon,"CMR","Birth rate, crude (per 1,000 people)","SP.DYN.CBRT.IN","2019","YR2019","36.183"
Cameroon,"CMR","Cause of death, by communicable diseases and maternal, prenatal and nutrition conditions (% of total)","SH.DTH.COMM.ZS","2019","YR2019","54.1350394491912"
Cameroon,"CMR","Cause of death, by non-communicable diseases (% of total)","SH.DTH.NCOM.ZS","2019","YR2019","36.7779174629782"
Cameroon,"CMR","Current health expenditure per capita (current US$)","SH.XPD.CHEX.PC.CD","2019","YR2019","56.79493713"
Cameroon,"CMR","Death rate, crude (per 1,000 people)","SP.DYN.CDRT.IN","2019","YR2019","8.163"
Cameroon,"CMR","Domestic general government health expenditure (% of GDP)","SH.XPD.GHED.GD.ZS","2019","YR2019","0.40687224"
Cameroon,"CMR","Domestic general government health expenditure per capita (current US$)","SH.XPD.GHED.PC.CD","2019","YR2019","6.32829881"
Cameroon,"CMR","Domestic private health expenditure (% of current health expenditure)","SH.XPD.PVTD.CH.ZS","2019","YR2019","75.81052399"
Cameroon,"CMR","Domestic private health expenditure per capita, PPP (current international $)","SH.XPD.PVTD.PP.CD","2019","YR2019","117.405901442029"
Cameroon,"CMR","External health expenditure (% of current health expenditure)","SH.XPD.EHEX.CH.ZS","2019","YR2019","13.0471077"
Cameroon,"CMR","Incidence of tuberculosis (per 100,000 people)","SH.TBS.INCD","2019","YR2019","168"
Cameroon,"CMR","Incidence of HIV, all (per 1,000 uninfected population)","SH.HIV.INCD.TL.P3","2019","YR2019","0.78"
Cameroon,"CMR","Mortality rate attributed to household and ambient air pollution, age-standardized, female (per 100,000 female population)","SH.STA.AIRP.FE.P5","2019","YR2019","178"
Cameroon,"CMR","Mortality rate attributed to unintentional poisoning (per 100,000 population)","SH.STA.POIS.P5","2019","YR2019","1.07"
Cameroon,"CMR","Mortality rate, infant (per 1,000 live births)","SP.DYN.IMRT.IN","2019","YR2019","46.9"
Cameroon,"CMR","Mortality rate, under-5 (per 1,000 live births)","SH.DYN.MORT","2019","YR2019","76.6"
Cameroon,"CMR","Out-of-pocket expenditure (% of current health expenditure)","SH.XPD.OOPC.CH.ZS","2019","YR2019","72.18878174"
Cameroon,"CMR","People using at least basic drinking water services (% of population)","SH.H2O.BASW.ZS","2019","YR2019","68.7910816912942"
Cameroon,"CMR","People with basic handwashing facilities including soap and water (% of population)","SH.STA.HYGN.ZS","2019","YR2019","37.3519340918623"
Cameroon,"CMR","Population growth (annual %)","SP.POP.GROW","2019","YR2019","2.78164441246944"
Cameroon,"CMR","Prevalence of severe food insecurity in the population (%)","SN.ITK.SVFI.ZS","2019","YR2019","27.3"
Cameroon,"CMR","Prevalence of undernourishment (% of population)","SN.ITK.DEFC.ZS","2019","YR2019","6.1"
Cameroon,"CMR","Proportion of population facing impoverishing out-of-pocket health expenditure, based on the societal poverty line (%)","SH_UHC_FH40_IMPOV","2019","YR2019","NA"
Cameroon,"CMR","Proportion of population further impoverished due to out-of-pocket health expenditure, based on the societal poverty line (%)","SH_UHC_FH40_FURTHER","2019","YR2019","NA"
Cameroon,"CMR","Risk of impoverishing expenditure for surgical care (% of people at risk)","SH.SGR.IRSK.ZS","2019","YR2019","50.2"
Cameroon,"CMR","UHC service coverage index","SH_UHC_SCI","2019","YR2019","46"
Cameroon,"CMR","Wanted fertility rate (births per woman)","SP.DYN.WFRT","2019","YR2019","NA"
Cameroon,"CMR","Access to electricity (% of population)","EG.ELC.ACCS.ZS","2019","YR2019","63.2"
Cameroon,"CMR","Bird species, threatened","EN.BIR.THRD.NO","2019","YR2019","NA"
Cameroon,"CMR","Fish species, threatened","EN.FSH.THRD.NO","2019","YR2019","NA"
Cameroon,"CMR","Adjusted savings: particulate emission damage (% of GNI)","NY.ADJ.DPEM.GN.ZS","2019","YR2019","1.41809552311187"
Cameroon,"CMR","Adjusted net savings, excluding particulate emission damage (% of GNI)","NY.ADJ.SVNX.GN.ZS","2019","YR2019","-0.257247664863017"
Cameroon,"CMR","Adjusted net savings, including particulate emission damage (% of GNI)","NY.ADJ.SVNG.GN.ZS","2019","YR2019","-1.67534318797489"
Cameroon,"CMR","Adjusted savings: carbon dioxide damage (% of GNI)","NY.ADJ.DCO2.GN.ZS","2019","YR2019","0.990385190764388"
Central African Republic,"CAF","Disaster risk reduction progress score (1-5 scale; 5=best)","EN.CLC.DRSK.XQ","2019","YR2019","NA"
Central African Republic,"CAF","Food production index (2014-2016 = 100)","AG.PRD.FOOD.XD","2019","YR2019","134.09"
Central African Republic,"CAF","Plant species (higher), threatened","EN.HPT.THRD.NO","2019","YR2019","NA"
Central African Republic,"CAF","Mammal species, threatened","EN.MAM.THRD.NO","2019","YR2019","NA"
Central African Republic,"CAF","PM2.5 air pollution, population exposed to levels exceeding WHO guideline value (% of total)","EN.ATM.PM25.MC.ZS","2019","YR2019","NA"
Central African Republic,"CAF","PM2.5 pollution, population exposed to levels exceeding WHO Interim Target-2 value (% of total)","EN.ATM.PM25.MC.T2.ZS","2019","YR2019","NA"
Central African Republic,"CAF","Population density (people per sq. km of land area)","EN.POP.DNST","2019","YR2019","7.93717775851552"
Central African Republic,"CAF","Population living in slums (% of urban population)","EN.POP.SLUM.UR.ZS","2019","YR2019","NA"
Central African Republic,"CAF","People using safely managed sanitation services (% of population)","SH.STA.SMSS.ZS","2019","YR2019","13.9461920909341"
Central African Republic,"CAF","People using at least basic sanitation services (% of population)","SH.STA.BASS.ZS","2019","YR2019","14.481982156805"
Central African Republic,"CAF","People practicing open defecation (% of population)","SH.STA.ODFC.ZS","2019","YR2019","25.0918034966502"
Central African Republic,"CAF","Prevalence of current tobacco use (% of adults)","SH.PRV.SMOK","2019","YR2019","NA"
Central African Republic,"CAF","Prevalence of moderate or severe food insecurity in the population (%)","SN.ITK.MSFI.ZS","2019","YR2019","NA"
Central African Republic,"CAF","Proportion of population facing financial hardship due to out-of-pocket health expenditure (%)","SH_UHC_FH40","2019","YR2019","NA"
Central African Republic,"CAF","Proportion of population facing large (but non-impoverishing) out-of-pocket health expenditure (%)","SH_UHC_FH40_LARGE","2019","YR2019","NA"
Central African Republic,"CAF","Proportion of population pushed into poverty (based on the societal poverty line) due to out-of-pocket health expenditure (%)","SH_UHC_FH40_PUSHED","2019","YR2019","NA"
Central African Republic,"CAF","Risk of catastrophic expenditure for surgical care (% of people at risk)","SH.SGR.CRSK.ZS","2019","YR2019","NA"
Central African Republic,"CAF","Suicide mortality rate (per 100,000 population)","SH.STA.SUIC.P5","2019","YR2019","9.45"
Central African Republic,"CAF","Total alcohol consumption per capita (liters of pure alcohol, projected estimates, 15+ years of age)","SH.ALC.PCAP.LI","2019","YR2019","1.99"
Central African Republic,"CAF","Birth rate, crude (per 1,000 people)","SP.DYN.CBRT.IN","2019","YR2019","44.108"
Central African Republic,"CAF","Cause of death, by communicable diseases and maternal, prenatal and nutrition conditions (% of total)","SH.DTH.COMM.ZS","2019","YR2019","65.8893116932645"
Central African Republic,"CAF","Cause of death, by non-communicable diseases (% of total)","SH.DTH.NCOM.ZS","2019","YR2019","25.0323798183583"
Central African Republic,"CAF","Current health expenditure per capita (current US$)","SH.XPD.CHEX.PC.CD","2019","YR2019","35.76099014"
Central African Republic,"CAF","Death rate, crude (per 1,000 people)","SP.DYN.CDRT.IN","2019","YR2019","30.25"
Central African Republic,"CAF","Domestic general government health expenditure (% of GDP)","SH.XPD.GHED.GD.ZS","2019","YR2019","0.81889474"
Central African Republic,"CAF","Domestic general government health expenditure per capita (current US$)","SH.XPD.GHED.PC.CD","2019","YR2019","3.77337779"
Central African Republic,"CAF","Domestic private health expenditure (% of current health expenditure)","SH.XPD.PVTD.CH.ZS","2019","YR2019","61.55036926"
Central African Republic,"CAF","Domestic private health expenditure per capita, PPP (current international $)","SH.XPD.PVTD.PP.CD","2019","YR2019","48.2547427520558"
Central African Republic,"CAF","External health expenditure (% of current health expenditure)","SH.XPD.EHEX.CH.ZS","2019","YR2019","27.8979702"
Central African Republic,"CAF","Incidence of tuberculosis (per 100,000 people)","SH.TBS.INCD","2019","YR2019","464"
Central African Republic,"CAF","Incidence of HIV, all (per 1,000 uninfected population)","SH.HIV.INCD.TL.P3","2019","YR2019","0.96"
Central African Republic,"CAF","Mortality rate attributed to household and ambient air pollution, age-standardized, female (per 100,000 female population)","SH.STA.AIRP.FE.P5","2019","YR2019","257.8"
Central African Republic,"CAF","Mortality rate attributed to unintentional poisoning (per 100,000 population)","SH.STA.POIS.P5","2019","YR2019","1.43"
Central African Republic,"CAF","Mortality rate, infant (per 1,000 live births)","SP.DYN.IMRT.IN","2019","YR2019","128.9"
Central African Republic,"CAF","Mortality rate, under-5 (per 1,000 live births)","SH.DYN.MORT","2019","YR2019","254.7"
Central African Republic,"CAF","Out-of-pocket expenditure (% of current health expenditure)","SH.XPD.OOPC.CH.ZS","2019","YR2019","60.55824661"
Central African Republic,"CAF","People using at least basic drinking water services (% of population)","SH.H2O.BASW.ZS","2019","YR2019","38.2122663974409"
Central African Republic,"CAF","People with basic handwashing facilities including soap and water (% of population)","SH.STA.HYGN.ZS","2019","YR2019","20.9638784740053"
Central African Republic,"CAF","Population growth (annual %)","SP.POP.GROW","2019","YR2019","1.34469255324203"
Central African Republic,"CAF","Prevalence of severe food insecurity in the population (%)","SN.ITK.SVFI.ZS","2019","YR2019","NA"
Central African Republic,"CAF","Prevalence of undernourishment (% of population)","SN.ITK.DEFC.ZS","2019","YR2019","25.2"
Central African Republic,"CAF","Proportion of population facing impoverishing out-of-pocket health expenditure, based on the societal poverty line (%)","SH_UHC_FH40_IMPOV","2019","YR2019","NA"
Central African Republic,"CAF","Proportion of population further impoverished due to out-of-pocket health expenditure, based on the societal poverty line (%)","SH_UHC_FH40_FURTHER","2019","YR2019","NA"
Central African Republic,"CAF","Risk of impoverishing expenditure for surgical care (% of people at risk)","SH.SGR.IRSK.ZS","2019","YR2019","NA"
Central African Republic,"CAF","UHC service coverage index","SH_UHC_SCI","2019","YR2019","31"
Central African Republic,"CAF","Wanted fertility rate (births per woman)","SP.DYN.WFRT","2019","YR2019","NA"
Central African Republic,"CAF","Access to electricity (% of population)","EG.ELC.ACCS.ZS","2019","YR2019","14.3"
Central African Republic,"CAF","Bird species, threatened","EN.BIR.THRD.NO","2019","YR2019","NA"
Central African Republic,"CAF","Fish species, threatened","EN.FSH.THRD.NO","2019","YR2019","NA"
Central African Republic,"CAF","Adjusted savings: particulate emission damage (% of GNI)","NY.ADJ.DPEM.GN.ZS","2019","YR2019","0.926200648793321"
Central African Republic,"CAF","Adjusted net savings, excluding particulate emission damage (% of GNI)","NY.ADJ.SVNX.GN.ZS","2019","YR2019","NA"
Central African Republic,"CAF","Adjusted net savings, including particulate emission damage (% of GNI)","NY.ADJ.SVNG.GN.ZS","2019","YR2019","NA"
Central African Republic,"CAF","Adjusted savings: carbon dioxide damage (% of GNI)","NY.ADJ.DCO2.GN.ZS","2019","YR2019","0.410177882936122"
Chad,"TCD","Disaster risk reduction progress score (1-5 scale; 5=best)","EN.CLC.DRSK.XQ","2019","YR2019","NA"
Chad,"TCD","Food production index (2014-2016 = 100)","AG.PRD.FOOD.XD","2019","YR2019","118.38"
Chad,"TCD","Plant species (higher), threatened","EN.HPT.THRD.NO","2019","YR2019","NA"
Chad,"TCD","Mammal species, threatened","EN.MAM.THRD.NO","2019","YR2019","NA"
Chad,"TCD","PM2.5 air pollution, population exposed to levels exceeding WHO guideline value (% of total)","EN.ATM.PM25.MC.ZS","2019","YR2019","NA"
Chad,"TCD","PM2.5 pollution, population exposed to levels exceeding WHO Interim Target-2 value (% of total)","EN.ATM.PM25.MC.T2.ZS","2019","YR2019","NA"
Chad,"TCD","Population density (people per sq. km of land area)","EN.POP.DNST","2019","YR2019","13.2506535895807"
Chad,"TCD","Population living in slums (% of urban population)","EN.POP.SLUM.UR.ZS","2019","YR2019","NA"
Chad,"TCD","People using safely managed sanitation services (% of population)","SH.STA.SMSS.ZS","2019","YR2019","10.4248103094045"
Chad,"TCD","People using at least basic sanitation services (% of population)","SH.STA.BASS.ZS","2019","YR2019","12.2940184363217"
Chad,"TCD","People practicing open defecation (% of population)","SH.STA.ODFC.ZS","2019","YR2019","63.7827846882969"
Chad,"TCD","Prevalence of current tobacco use (% of adults)","SH.PRV.SMOK","2019","YR2019","NA"
Chad,"TCD","Prevalence of moderate or severe food insecurity in the population (%)","SN.ITK.MSFI.ZS","2019","YR2019","75.9"
Chad,"TCD","Proportion of population facing financial hardship due to out-of-pocket health expenditure (%)","SH_UHC_FH40","2019","YR2019","NA"
Chad,"TCD","Proportion of population facing large (but non-impoverishing) out-of-pocket health expenditure (%)","SH_UHC_FH40_LARGE","2019","YR2019","NA"
Chad,"TCD","Proportion of population pushed into poverty (based on the societal poverty line) due to out-of-pocket health expenditure (%)","SH_UHC_FH40_PUSHED","2019","YR2019","NA"
Chad,"TCD","Risk of catastrophic expenditure for surgical care (% of people at risk)","SH.SGR.CRSK.ZS","2019","YR2019","77.5"
Chad,"TCD","Suicide mortality rate (per 100,000 population)","SH.STA.SUIC.P5","2019","YR2019","5.26"
Chad,"TCD","Total alcohol consumption per capita (liters of pure alcohol, projected estimates, 15+ years of age)","SH.ALC.PCAP.LI","2019","YR2019","3.73"
Chad,"TCD","Birth rate, crude (per 1,000 people)","SP.DYN.CBRT.IN","2019","YR2019","44.316"
Chad,"TCD","Cause of death, by communicable diseases and maternal, prenatal and nutrition conditions (% of total)","SH.DTH.COMM.ZS","2019","YR2019","67.8818028393383"
Chad,"TCD","Cause of death, by non-communicable diseases (% of total)","SH.DTH.NCOM.ZS","2019","YR2019","23.9958599103051"
Chad,"TCD","Current health expenditure per capita (current US$)","SH.XPD.CHEX.PC.CD","2019","YR2019","30.23690224"
Chad,"TCD","Death rate, crude (per 1,000 people)","SP.DYN.CDRT.IN","2019","YR2019","12.519"
Chad,"TCD","Domestic general government health expenditure (% of GDP)","SH.XPD.GHED.GD.ZS","2019","YR2019","0.51349735"
Chad,"TCD","Domestic general government health expenditure per capita (current US$)","SH.XPD.GHED.PC.CD","2019","YR2019","4.58725909"
Chad,"TCD","Domestic private health expenditure (% of current health expenditure)","SH.XPD.PVTD.CH.ZS","2019","YR2019","65.72789001"
Chad,"TCD","Domestic private health expenditure per capita, PPP (current international $)","SH.XPD.PVTD.PP.CD","2019","YR2019","52.3172946794918"
Chad,"TCD","External health expenditure (% of current health expenditure)","SH.XPD.EHEX.CH.ZS","2019","YR2019","19.10104752"
Chad,"TCD","Incidence of tuberculosis (per 100,000 people)","SH.TBS.INCD","2019","YR2019","135"
Chad,"TCD","Incidence of HIV, all (per 1,000 uninfected population)","SH.HIV.INCD.TL.P3","2019","YR2019","0.31"
Chad,"TCD","Mortality rate attributed to household and ambient air pollution, age-standardized, female (per 100,000 female population)","SH.STA.AIRP.FE.P5","2019","YR2019","206.6"
Chad,"TCD","Mortality rate attributed to unintentional poisoning (per 100,000 population)","SH.STA.POIS.P5","2019","YR2019","1.16"
Chad,"TCD","Mortality rate, infant (per 1,000 live births)","SP.DYN.IMRT.IN","2019","YR2019","64.6"
Chad,"TCD","Mortality rate, under-5 (per 1,000 live births)","SH.DYN.MORT","2019","YR2019","114"
Chad,"TCD","Out-of-pocket expenditure (% of current health expenditure)","SH.XPD.OOPC.CH.ZS","2019","YR2019","63.70339966"
Chad,"TCD","People using at least basic drinking water services (% of population)","SH.H2O.BASW.ZS","2019","YR2019","50.4980631195055"
Chad,"TCD","People with basic handwashing facilities including soap and water (% of population)","SH.STA.HYGN.ZS","2019","YR2019","24.4317133814829"
Chad,"TCD","Population growth (annual %)","SP.POP.GROW","2019","YR2019","3.21991132048391"
Chad,"TCD","Prevalence of severe food insecurity in the population (%)","SN.ITK.SVFI.ZS","2019","YR2019","38.4"
Chad,"TCD","Prevalence of undernourishment (% of population)","SN.ITK.DEFC.ZS","2019","YR2019","29.8"
Chad,"TCD","Proportion of population facing impoverishing out-of-pocket health expenditure, based on the societal poverty line (%)","SH_UHC_FH40_IMPOV","2019","YR2019","NA"
Chad,"TCD","Proportion of population further impoverished due to out-of-pocket health expenditure, based on the societal poverty line (%)","SH_UHC_FH40_FURTHER","2019","YR2019","NA"
Chad,"TCD","Risk of impoverishing expenditure for surgical care (% of people at risk)","SH.SGR.IRSK.ZS","2019","YR2019","79.7"
Chad,"TCD","UHC service coverage index","SH_UHC_SCI","2019","YR2019","24"
Chad,"TCD","Wanted fertility rate (births per woman)","SP.DYN.WFRT","2019","YR2019","NA"
Chad,"TCD","Access to electricity (% of population)","EG.ELC.ACCS.ZS","2019","YR2019","8.4"
Chad,"TCD","Bird species, threatened","EN.BIR.THRD.NO","2019","YR2019","NA"
Chad,"TCD","Fish species, threatened","EN.FSH.THRD.NO","2019","YR2019","NA"
Chad,"TCD","Adjusted savings: particulate emission damage (% of GNI)","NY.ADJ.DPEM.GN.ZS","2019","YR2019","3.29419292853877"
Chad,"TCD","Adjusted net savings, excluding particulate emission damage (% of GNI)","NY.ADJ.SVNX.GN.ZS","2019","YR2019","NA"
Chad,"TCD","Adjusted net savings, including particulate emission damage (% of GNI)","NY.ADJ.SVNG.GN.ZS","2019","YR2019","NA"
Chad,"TCD","Adjusted savings: carbon dioxide damage (% of GNI)","NY.ADJ.DCO2.GN.ZS","2019","YR2019","0.823557879134014"
Comoros,"COM","Disaster risk reduction progress score (1-5 scale; 5=best)","EN.CLC.DRSK.XQ","2019","YR2019","NA"
Comoros,"COM","Food production index (2014-2016 = 100)","AG.PRD.FOOD.XD","2019","YR2019","104.72"
Comoros,"COM","Plant species (higher), threatened","EN.HPT.THRD.NO","2019","YR2019","NA"
Comoros,"COM","Mammal species, threatened","EN.MAM.THRD.NO","2019","YR2019","NA"
Comoros,"COM","PM2.5 air pollution, population exposed to levels exceeding WHO guideline value (% of total)","EN.ATM.PM25.MC.ZS","2019","YR2019","NA"
Comoros,"COM","PM2.5 pollution, population exposed to levels exceeding WHO Interim Target-2 value (% of total)","EN.ATM.PM25.MC.T2.ZS","2019","YR2019","NA"
Comoros,"COM","Population density (people per sq. km of land area)","EN.POP.DNST","2019","YR2019","422.664159054272"
Comoros,"COM","Population living in slums (% of urban population)","EN.POP.SLUM.UR.ZS","2019","YR2019","NA"
Comoros,"COM","People using safely managed sanitation services (% of population)","SH.STA.SMSS.ZS","2019","YR2019","44.986494872175"
Comoros,"COM","People using at least basic sanitation services (% of population)","SH.STA.BASS.ZS","2019","YR2019","51.3942491790653"
Comoros,"COM","People practicing open defecation (% of population)","SH.STA.ODFC.ZS","2019","YR2019","1.56990185424167"
Comoros,"COM","Prevalence of current tobacco use (% of adults)","SH.PRV.SMOK","2019","YR2019","NA"
Comoros,"COM","Prevalence of moderate or severe food insecurity in the population (%)","SN.ITK.MSFI.ZS","2019","YR2019","NA"
Comoros,"COM","Proportion of population facing financial hardship due to out-of-pocket health expenditure (%)","SH_UHC_FH40","2019","YR2019","NA"
Comoros,"COM","Proportion of population facing large (but non-impoverishing) out-of-pocket health expenditure (%)","SH_UHC_FH40_LARGE","2019","YR2019","NA"
Comoros,"COM","Proportion of population pushed into poverty (based on the societal poverty line) due to out-of-pocket health expenditure (%)","SH_UHC_FH40_PUSHED","2019","YR2019","NA"
Comoros,"COM","Risk of catastrophic expenditure for surgical care (% of people at risk)","SH.SGR.CRSK.ZS","2019","YR2019","44"
Comoros,"COM","Suicide mortality rate (per 100,000 population)","SH.STA.SUIC.P5","2019","YR2019","6.18"
Comoros,"COM","Total alcohol consumption per capita (liters of pure alcohol, projected estimates, 15+ years of age)","SH.ALC.PCAP.LI","2019","YR2019","0.25"
Comoros,"COM","Birth rate, crude (per 1,000 people)","SP.DYN.CBRT.IN","2019","YR2019","30.447"
Comoros,"COM","Cause of death, by communicable diseases and maternal, prenatal and nutrition conditions (% of total)","SH.DTH.COMM.ZS","2019","YR2019","35.2152596512165"
Comoros,"COM","Cause of death, by non-communicable diseases (% of total)","SH.DTH.NCOM.ZS","2019","YR2019","52.5619249769885"
Comoros,"COM","Current health expenditure per capita (current US$)","SH.XPD.CHEX.PC.CD","2019","YR2019","78.23674774"
Comoros,"COM","Death rate, crude (per 1,000 people)","SP.DYN.CDRT.IN","2019","YR2019","7.644"
Comoros,"COM","Domestic general government health expenditure (% of GDP)","SH.XPD.GHED.GD.ZS","2019","YR2019","0.83244753"
Comoros,"COM","Domestic general government health expenditure per capita (current US$)","SH.XPD.GHED.PC.CD","2019","YR2019","12.57189089"
Comoros,"COM","Domestic private health expenditure (% of current health expenditure)","SH.XPD.PVTD.CH.ZS","2019","YR2019","66.36086273"
Comoros,"COM","Domestic private health expenditure per capita, PPP (current international $)","SH.XPD.PVTD.PP.CD","2019","YR2019","113.20828723229"
Comoros,"COM","External health expenditure (% of current health expenditure)","SH.XPD.EHEX.CH.ZS","2019","YR2019","17.57010078"
Comoros,"COM","Incidence of tuberculosis (per 100,000 people)","SH.TBS.INCD","2019","YR2019","37"
Comoros,"COM","Incidence of HIV, all (per 1,000 uninfected population)","SH.HIV.INCD.TL.P3","2019","YR2019","0.1"
Comoros,"COM","Mortality rate attributed to household and ambient air pollution, age-standardized, female (per 100,000 female population)","SH.STA.AIRP.FE.P5","2019","YR2019","155.2"
Comoros,"COM","Mortality rate attributed to unintentional poisoning (per 100,000 population)","SH.STA.POIS.P5","2019","YR2019","1.43"
Comoros,"COM","Mortality rate, infant (per 1,000 live births)","SP.DYN.IMRT.IN","2019","YR2019","39.8"
Comoros,"COM","Mortality rate, under-5 (per 1,000 live births)","SH.DYN.MORT","2019","YR2019","44.8"
Comoros,"COM","Out-of-pocket expenditure (% of current health expenditure)","SH.XPD.OOPC.CH.ZS","2019","YR2019","61.82796478"
Comoros,"COM","People using at least basic drinking water services (% of population)","SH.H2O.BASW.ZS","2019","YR2019","85.582654605357"
Comoros,"COM","People with basic handwashing facilities including soap and water (% of population)","SH.STA.HYGN.ZS","2019","YR2019","26.7231296828251"
Comoros,"COM","Population growth (annual %)","SP.POP.GROW","2019","YR2019","1.92385702700328"
Comoros,"COM","Prevalence of severe food insecurity in the population (%)","SN.ITK.SVFI.ZS","2019","YR2019","NA"
Comoros,"COM","Prevalence of undernourishment (% of population)","SN.ITK.DEFC.ZS","2019","YR2019","13.5"
Comoros,"COM","Proportion of population facing impoverishing out-of-pocket health expenditure, based on the societal poverty line (%)","SH_UHC_FH40_IMPOV","2019","YR2019","NA"
Comoros,"COM","Proportion of population further impoverished due to out-of-pocket health expenditure, based on the societal poverty line (%)","SH_UHC_FH40_FURTHER","2019","YR2019","NA"
Comoros,"COM","Risk of impoverishing expenditure for surgical care (% of people at risk)","SH.SGR.IRSK.ZS","2019","YR2019","45.2"
Comoros,"COM","UHC service coverage index","SH_UHC_SCI","2019","YR2019","49"
Comoros,"COM","Wanted fertility rate (births per woman)","SP.DYN.WFRT","2019","YR2019","NA"
Comoros,"COM","Access to electricity (% of population)","EG.ELC.ACCS.ZS","2019","YR2019","83.3"
Comoros,"COM","Bird species, threatened","EN.BIR.THRD.NO","2019","YR2019","NA"
Comoros,"COM","Fish species, threatened","EN.FSH.THRD.NO","2019","YR2019","NA"
Comoros,"COM","Adjusted savings: particulate emission damage (% of GNI)","NY.ADJ.DPEM.GN.ZS","2019","YR2019","1.15323211459673"
Comoros,"COM","Adjusted net savings, excluding particulate emission damage (% of GNI)","NY.ADJ.SVNX.GN.ZS","2019","YR2019","3.69593227046783"
Comoros,"COM","Adjusted net savings, including particulate emission damage (% of GNI)","NY.ADJ.SVNG.GN.ZS","2019","YR2019","2.5427001558711"
Comoros,"COM","Adjusted savings: carbon dioxide damage (% of GNI)","NY.ADJ.DCO2.GN.ZS","2019","YR2019","1.08683640810851"
"Congo, Dem. Rep.","COD","Disaster risk reduction progress score (1-5 scale; 5=best)","EN.CLC.DRSK.XQ","2019","YR2019","NA"
"Congo, Dem. Rep.","COD","Food production index (2014-2016 = 100)","AG.PRD.FOOD.XD","2019","YR2019","108.52"
"Congo, Dem. Rep.","COD","Plant species (higher), threatened","EN.HPT.THRD.NO","2019","YR2019","NA"
"Congo, Dem. Rep.","COD","Mammal species, threatened","EN.MAM.THRD.NO","2019","YR2019","NA"
"Congo, Dem. Rep.","COD","PM2.5 air pollution, population exposed to levels exceeding WHO guideline value (% of total)","EN.ATM.PM25.MC.ZS","2019","YR2019","NA"
"Congo, Dem. Rep.","COD","PM2.5 pollution, population exposed to levels exceeding WHO Interim Target-2 value (% of total)","EN.ATM.PM25.MC.T2.ZS","2019","YR2019","NA"
"Congo, Dem. Rep.","COD","Population density (people per sq. km of land area)","EN.POP.DNST","2019","YR2019","40.9992907081891"
"Congo, Dem. Rep.","COD","Population living in slums (% of urban population)","EN.POP.SLUM.UR.ZS","2019","YR2019","NA"
"Congo, Dem. Rep.","COD","People using safely managed sanitation services (% of population)","SH.STA.SMSS.ZS","2019","YR2019","13.5010594064563"
"Congo, Dem. Rep.","COD","People using at least basic sanitation services (% of population)","SH.STA.BASS.ZS","2019","YR2019","16.416662028181"
"Congo, Dem. Rep.","COD","People practicing open defecation (% of population)","SH.STA.ODFC.ZS","2019","YR2019","11.9707970340757"
"Congo, Dem. Rep.","COD","Prevalence of current tobacco use (% of adults)","SH.PRV.SMOK","2019","YR2019","NA"
"Congo, Dem. Rep.","COD","Prevalence of moderate or severe food insecurity in the population (%)","SN.ITK.MSFI.ZS","2019","YR2019","69.2"
"Congo, Dem. Rep.","COD","Proportion of population facing financial hardship due to out-of-pocket health expenditure (%)","SH_UHC_FH40","2019","YR2019","NA"
"Congo, Dem. Rep.","COD","Proportion of population facing large (but non-impoverishing) out-of-pocket health expenditure (%)","SH_UHC_FH40_LARGE","2019","YR2019","NA"
"Congo, Dem. Rep.","COD","Proportion of population pushed into poverty (based on the societal poverty line) due to out-of-pocket health expenditure (%)","SH_UHC_FH40_PUSHED","2019","YR2019","NA"
"Congo, Dem. Rep.","COD","Risk of catastrophic expenditure for surgical care (% of people at risk)","SH.SGR.CRSK.ZS","2019","YR2019","NA"
"Congo, Dem. Rep.","COD","Suicide mortality rate (per 100,000 population)","SH.STA.SUIC.P5","2019","YR2019","8.33"
"Congo, Dem. Rep.","COD","Total alcohol consumption per capita (liters of pure alcohol, projected estimates, 15+ years of age)","SH.ALC.PCAP.LI","2019","YR2019","2.12"
"Congo, Dem. Rep.","COD","Birth rate, crude (per 1,000 people)","SP.DYN.CBRT.IN","2019","YR2019","42.549"
"Congo, Dem. Rep.","COD","Cause of death, by communicable diseases and maternal, prenatal and nutrition conditions (% of total)","SH.DTH.COMM.ZS","2019","YR2019","57.5103028676614"
"Congo, Dem. Rep.","COD","Cause of death, by non-communicable diseases (% of total)","SH.DTH.NCOM.ZS","2019","YR2019","34.0715643837097"
"Congo, Dem. Rep.","COD","Current health expenditure per capita (current US$)","SH.XPD.CHEX.PC.CD","2019","YR2019","19.20812035"
"Congo, Dem. Rep.","COD","Death rate, crude (per 1,000 people)","SP.DYN.CDRT.IN","2019","YR2019","9.46"
"Congo, Dem. Rep.","COD","Domestic general government health expenditure (% of GDP)","SH.XPD.GHED.GD.ZS","2019","YR2019","0.55490303"
"Congo, Dem. Rep.","COD","Domestic general government health expenditure per capita (current US$)","SH.XPD.GHED.PC.CD","2019","YR2019","3.03834808"
"Congo, Dem. Rep.","COD","Domestic private health expenditure (% of current health expenditure)","SH.XPD.PVTD.CH.ZS","2019","YR2019","45.35539246"
"Congo, Dem. Rep.","COD","Domestic private health expenditure per capita, PPP (current international $)","SH.XPD.PVTD.PP.CD","2019","YR2019","18.2563638873724"
"Congo, Dem. Rep.","COD","External health expenditure (% of current health expenditure)","SH.XPD.EHEX.CH.ZS","2019","YR2019","38.82657242"
"Congo, Dem. Rep.","COD","Incidence of tuberculosis (per 100,000 people)","SH.TBS.INCD","2019","YR2019","417"
"Congo, Dem. Rep.","COD","Incidence of HIV, all (per 1,000 uninfected population)","SH.HIV.INCD.TL.P3","2019","YR2019","0.32"
"Congo, Dem. Rep.","COD","Mortality rate attributed to household and ambient air pollution, age-standardized, female (per 100,000 female population)","SH.STA.AIRP.FE.P5","2019","YR2019","188.8"
"Congo, Dem. Rep.","COD","Mortality rate attributed to unintentional poisoning (per 100,000 population)","SH.STA.POIS.P5","2019","YR2019","1.27"
"Congo, Dem. Rep.","COD","Mortality rate, infant (per 1,000 live births)","SP.DYN.IMRT.IN","2019","YR2019","56.5"
"Congo, Dem. Rep.","COD","Mortality rate, under-5 (per 1,000 live births)","SH.DYN.MORT","2019","YR2019","92.2"
"Congo, Dem. Rep.","COD","Out-of-pocket expenditure (% of current health expenditure)","SH.XPD.OOPC.CH.ZS","2019","YR2019","38.49700546"
"Congo, Dem. Rep.","COD","People using at least basic drinking water services (% of population)","SH.H2O.BASW.ZS","2019","YR2019","35.6878940308452"
"Congo, Dem. Rep.","COD","People with basic handwashing facilities including soap and water (% of population)","SH.STA.HYGN.ZS","2019","YR2019","19.0840768719515"
"Congo, Dem. Rep.","COD","Population growth (annual %)","SP.POP.GROW","2019","YR2019","3.1695285579572"
"Congo, Dem. Rep.","COD","Prevalence of severe food insecurity in the population (%)","SN.ITK.SVFI.ZS","2019","YR2019","38.5"
"Congo, Dem. Rep.","COD","Prevalence of undernourishment (% of population)","SN.ITK.DEFC.ZS","2019","YR2019","34.1"
"Congo, Dem. Rep.","COD","Proportion of population facing impoverishing out-of-pocket health expenditure, based on the societal poverty line (%)","SH_UHC_FH40_IMPOV","2019","YR2019","NA"
"Congo, Dem. Rep.","COD","Proportion of population further impoverished due to out-of-pocket health expenditure, based on the societal poverty line (%)","SH_UHC_FH40_FURTHER","2019","YR2019","NA"
"Congo, Dem. Rep.","COD","Risk of impoverishing expenditure for surgical care (% of people at risk)","SH.SGR.IRSK.ZS","2019","YR2019","NA"
"Congo, Dem. Rep.","COD","UHC service coverage index","SH_UHC_SCI","2019","YR2019","39"
"Congo, Dem. Rep.","COD","Wanted fertility rate (births per woman)","SP.DYN.WFRT","2019","YR2019","NA"
"Congo, Dem. Rep.","COD","Access to electricity (% of population)","EG.ELC.ACCS.ZS","2019","YR2019","19.1"
"Congo, Dem. Rep.","COD","Bird species, threatened","EN.BIR.THRD.NO","2019","YR2019","NA"
"Congo, Dem. Rep.","COD","Fish species, threatened","EN.FSH.THRD.NO","2019","YR2019","NA"
"Congo, Dem. Rep.","COD","Adjusted savings: particulate emission damage (% of GNI)","NY.ADJ.DPEM.GN.ZS","2019","YR2019","1.15317177050563"
"Congo, Dem. Rep.","COD","Adjusted net savings, excluding particulate emission damage (% of GNI)","NY.ADJ.SVNX.GN.ZS","2019","YR2019","1.67374115851893"
"Congo, Dem. Rep.","COD","Adjusted net savings, including particulate emission damage (% of GNI)","NY.ADJ.SVNG.GN.ZS","2019","YR2019","0.520569388013303"
"Congo, Dem. Rep.","COD","Adjusted savings: carbon dioxide damage (% of GNI)","NY.ADJ.DCO2.GN.ZS","2019","YR2019","0.26735239605706"
"Congo, Rep.","COG","Disaster risk reduction progress score (1-5 scale; 5=best)","EN.CLC.DRSK.XQ","2019","YR2019","NA"
"Congo, Rep.","COG","Food production index (2014-2016 = 100)","AG.PRD.FOOD.XD","2019","YR2019","101.44"
"Congo, Rep.","COG","Plant species (higher), threatened","EN.HPT.THRD.NO","2019","YR2019","NA"
"Congo, Rep.","COG","Mammal species, threatened","EN.MAM.THRD.NO","2019","YR2019","NA"
"Congo, Rep.","COG","PM2.5 air pollution, population exposed to levels exceeding WHO guideline value (% of total)","EN.ATM.PM25.MC.ZS","2019","YR2019","NA"
"Congo, Rep.","COG","PM2.5 pollution, population exposed to levels exceeding WHO Interim Target-2 value (% of total)","EN.ATM.PM25.MC.T2.ZS","2019","YR2019","NA"
"Congo, Rep.","COG","Population density (people per sq. km of land area)","EN.POP.DNST","2019","YR2019","16.4470307467057"
"Congo, Rep.","COG","Population living in slums (% of urban population)","EN.POP.SLUM.UR.ZS","2019","YR2019","NA"
"Congo, Rep.","COG","People using safely managed sanitation services (% of population)","SH.STA.SMSS.ZS","2019","YR2019","NA"
"Congo, Rep.","COG","People using at least basic sanitation services (% of population)","SH.STA.BASS.ZS","2019","YR2019","20.3642632516174"
"Congo, Rep.","COG","People practicing open defecation (% of population)","SH.STA.ODFC.ZS","2019","YR2019","8.54888042748428"
"Congo, Rep.","COG","Prevalence of current tobacco use (% of adults)","SH.PRV.SMOK","2019","YR2019","NA"
"Congo, Rep.","COG","Prevalence of moderate or severe food insecurity in the population (%)","SN.ITK.MSFI.ZS","2019","YR2019","NA"
"Congo, Rep.","COG","Proportion of population facing financial hardship due to out-of-pocket health expenditure (%)","SH_UHC_FH40","2019","YR2019","NA"
"Congo, Rep.","COG","Proportion of population facing large (but non-impoverishing) out-of-pocket health expenditure (%)","SH_UHC_FH40_LARGE","2019","YR2019","NA"
"Congo, Rep.","COG","Proportion of population pushed into poverty (based on the societal poverty line) due to out-of-pocket health expenditure (%)","SH_UHC_FH40_PUSHED","2019","YR2019","NA"
"Congo, Rep.","COG","Risk of catastrophic expenditure for surgical care (% of people at risk)","SH.SGR.CRSK.ZS","2019","YR2019","63.8"
"Congo, Rep.","COG","Suicide mortality rate (per 100,000 population)","SH.STA.SUIC.P5","2019","YR2019","7.05"
"Congo, Rep.","COG","Total alcohol consumption per capita (liters of pure alcohol, projected estimates, 15+ years of age)","SH.ALC.PCAP.LI","2019","YR2019","6.4"
"Congo, Rep.","COG","Birth rate, crude (per 1,000 people)","SP.DYN.CBRT.IN","2019","YR2019","32.183"
"Congo, Rep.","COG","Cause of death, by communicable diseases and maternal, prenatal and nutrition conditions (% of total)","SH.DTH.COMM.ZS","2019","YR2019","55.6854592350319"
"Congo, Rep.","COG","Cause of death, by non-communicable diseases (% of total)","SH.DTH.NCOM.ZS","2019","YR2019","36.0071118969785"
"Congo, Rep.","COG","Current health expenditure per capita (current US$)","SH.XPD.CHEX.PC.CD","2019","YR2019","58.42106628"
"Congo, Rep.","COG","Death rate, crude (per 1,000 people)","SP.DYN.CDRT.IN","2019","YR2019","7.344"
"Congo, Rep.","COG","Domestic general government health expenditure (% of GDP)","SH.XPD.GHED.GD.ZS","2019","YR2019","1.02925241"
"Congo, Rep.","COG","Domestic general government health expenditure per capita (current US$)","SH.XPD.GHED.PC.CD","2019","YR2019","25.61217073"
"Congo, Rep.","COG","Domestic private health expenditure (% of current health expenditure)","SH.XPD.PVTD.CH.ZS","2019","YR2019","49.14888"
"Congo, Rep.","COG","Domestic private health expenditure per capita, PPP (current international $)","SH.XPD.PVTD.PP.CD","2019","YR2019","65.9970050428604"
"Congo, Rep.","COG","External health expenditure (% of current health expenditure)","SH.XPD.EHEX.CH.ZS","2019","YR2019","7.01047707"
"Congo, Rep.","COG","Incidence of tuberculosis (per 100,000 people)","SH.TBS.INCD","2019","YR2019","304"
"Congo, Rep.","COG","Incidence of HIV, all (per 1,000 uninfected population)","SH.HIV.INCD.TL.P3","2019","YR2019","2"
"Congo, Rep.","COG","Mortality rate attributed to household and ambient air pollution, age-standardized, female (per 100,000 female population)","SH.STA.AIRP.FE.P5","2019","YR2019","169.8"
"Congo, Rep.","COG","Mortality rate attributed to unintentional poisoning (per 100,000 population)","SH.STA.POIS.P5","2019","YR2019","1.4"
"Congo, Rep.","COG","Mortality rate, infant (per 1,000 live births)","SP.DYN.IMRT.IN","2019","YR2019","33.2"
"Congo, Rep.","COG","Mortality rate, under-5 (per 1,000 live births)","SH.DYN.MORT","2019","YR2019","52.2"
"Congo, Rep.","COG","Out-of-pocket expenditure (% of current health expenditure)","SH.XPD.OOPC.CH.ZS","2019","YR2019","42.17203903"
"Congo, Rep.","COG","People using at least basic drinking water services (% of population)","SH.H2O.BASW.ZS","2019","YR2019","73.0980812765278"
"Congo, Rep.","COG","People with basic handwashing facilities including soap and water (% of population)","SH.STA.HYGN.ZS","2019","YR2019","48.1857800199617"
"Congo, Rep.","COG","Population growth (annual %)","SP.POP.GROW","2019","YR2019","2.40634419722279"
"Congo, Rep.","COG","Prevalence of severe food insecurity in the population (%)","SN.ITK.SVFI.ZS","2019","YR2019","NA"
"Congo, Rep.","COG","Prevalence of undernourishment (% of population)","SN.ITK.DEFC.ZS","2019","YR2019","29"
"Congo, Rep.","COG","Proportion of population facing impoverishing out-of-pocket health expenditure, based on the societal poverty line (%)","SH_UHC_FH40_IMPOV","2019","YR2019","NA"
"Congo, Rep.","COG","Proportion of population further impoverished due to out-of-pocket health expenditure, based on the societal poverty line (%)","SH_UHC_FH40_FURTHER","2019","YR2019","NA"
"Congo, Rep.","COG","Risk of impoverishing expenditure for surgical care (% of people at risk)","SH.SGR.IRSK.ZS","2019","YR2019","68.1"
"Congo, Rep.","COG","UHC service coverage index","SH_UHC_SCI","2019","YR2019","43"
"Congo, Rep.","COG","Wanted fertility rate (births per woman)","SP.DYN.WFRT","2019","YR2019","NA"
"Congo, Rep.","COG","Access to electricity (% of population)","EG.ELC.ACCS.ZS","2019","YR2019","47.7"
"Congo, Rep.","COG","Bird species, threatened","EN.BIR.THRD.NO","2019","YR2019","NA"
"Congo, Rep.","COG","Fish species, threatened","EN.FSH.THRD.NO","2019","YR2019","NA"
"Congo, Rep.","COG","Adjusted savings: particulate emission damage (% of GNI)","NY.ADJ.DPEM.GN.ZS","2019","YR2019","1.07903255743369"
"Congo, Rep.","COG","Adjusted net savings, excluding particulate emission damage (% of GNI)","NY.ADJ.SVNX.GN.ZS","2019","YR2019","-18.0330125620995"
"Congo, Rep.","COG","Adjusted net savings, including particulate emission damage (% of GNI)","NY.ADJ.SVNG.GN.ZS","2019","YR2019","-19.1120451195332"
"Congo, Rep.","COG","Adjusted savings: carbon dioxide damage (% of GNI)","NY.ADJ.DCO2.GN.ZS","2019","YR2019","2.61023628525642"
Cote d'Ivoire,"CIV","Disaster risk reduction progress score (1-5 scale; 5=best)","EN.CLC.DRSK.XQ","2019","YR2019","NA"
Cote d'Ivoire,"CIV","Food production index (2014-2016 = 100)","AG.PRD.FOOD.XD","2019","YR2019","116.76"
Cote d'Ivoire,"CIV","Plant species (higher), threatened","EN.HPT.THRD.NO","2019","YR2019","NA"
Cote d'Ivoire,"CIV","Mammal species, threatened","EN.MAM.THRD.NO","2019","YR2019","NA"
Cote d'Ivoire,"CIV","PM2.5 air pollution, population exposed to levels exceeding WHO guideline value (% of total)","EN.ATM.PM25.MC.ZS","2019","YR2019","NA"
Cote d'Ivoire,"CIV","PM2.5 pollution, population exposed to levels exceeding WHO Interim Target-2 value (% of total)","EN.ATM.PM25.MC.T2.ZS","2019","YR2019","NA"
Cote d'Ivoire,"CIV","Population density (people per sq. km of land area)","EN.POP.DNST","2019","YR2019","88.6572610062893"
Cote d'Ivoire,"CIV","Population living in slums (% of urban population)","EN.POP.SLUM.UR.ZS","2019","YR2019","NA"
Cote d'Ivoire,"CIV","People using safely managed sanitation services (% of population)","SH.STA.SMSS.ZS","2019","YR2019","24.2556841108877"
Cote d'Ivoire,"CIV","People using at least basic sanitation services (% of population)","SH.STA.BASS.ZS","2019","YR2019","35.8059580233634"
Cote d'Ivoire,"CIV","People practicing open defecation (% of population)","SH.STA.ODFC.ZS","2019","YR2019","20.7545588138758"
Cote d'Ivoire,"CIV","Prevalence of current tobacco use (% of adults)","SH.PRV.SMOK","2019","YR2019","NA"
Cote d'Ivoire,"CIV","Prevalence of moderate or severe food insecurity in the population (%)","SN.ITK.MSFI.ZS","2019","YR2019","39.5"
Cote d'Ivoire,"CIV","Proportion of population facing financial hardship due to out-of-pocket health expenditure (%)","SH_UHC_FH40","2019","YR2019","NA"
Cote d'Ivoire,"CIV","Proportion of population facing large (but non-impoverishing) out-of-pocket health expenditure (%)","SH_UHC_FH40_LARGE","2019","YR2019","NA"
Cote d'Ivoire,"CIV","Proportion of population pushed into poverty (based on the societal poverty line) due to out-of-pocket health expenditure (%)","SH_UHC_FH40_PUSHED","2019","YR2019","NA"
Cote d'Ivoire,"CIV","Risk of catastrophic expenditure for surgical care (% of people at risk)","SH.SGR.CRSK.ZS","2019","YR2019","97.6"
Cote d'Ivoire,"CIV","Suicide mortality rate (per 100,000 population)","SH.STA.SUIC.P5","2019","YR2019","7.75"
Cote d'Ivoire,"CIV","Total alcohol consumption per capita (liters of pure alcohol, projected estimates, 15+ years of age)","SH.ALC.PCAP.LI","2019","YR2019","2.8"
Cote d'Ivoire,"CIV","Birth rate, crude (per 1,000 people)","SP.DYN.CBRT.IN","2019","YR2019","34.306"
Cote d'Ivoire,"CIV","Cause of death, by communicable diseases and maternal, prenatal and nutrition conditions (% of total)","SH.DTH.COMM.ZS","2019","YR2019","53.9401959393894"
Cote d'Ivoire,"CIV","Cause of death, by non-communicable diseases (% of total)","SH.DTH.NCOM.ZS","2019","YR2019","36.3173658451069"
Cote d'Ivoire,"CIV","Current health expenditure per capita (current US$)","SH.XPD.CHEX.PC.CD","2019","YR2019","68.30471039"
Cote d'Ivoire,"CIV","Death rate, crude (per 1,000 people)","SP.DYN.CDRT.IN","2019","YR2019","8.492"
Cote d'Ivoire,"CIV","Domestic general government health expenditure (% of GDP)","SH.XPD.GHED.GD.ZS","2019","YR2019","0.96328849"
Cote d'Ivoire,"CIV","Domestic general government health expenditure per capita (current US$)","SH.XPD.GHED.PC.CD","2019","YR2019","20.63144067"
Cote d'Ivoire,"CIV","Domestic private health expenditure (% of current health expenditure)","SH.XPD.PVTD.CH.ZS","2019","YR2019","56.79614258"
Cote d'Ivoire,"CIV","Domestic private health expenditure per capita, PPP (current international $)","SH.XPD.PVTD.PP.CD","2019","YR2019","99.9199013135191"
Cote d'Ivoire,"CIV","External health expenditure (% of current health expenditure)","SH.XPD.EHEX.CH.ZS","2019","YR2019","12.99884796"
Cote d'Ivoire,"CIV","Incidence of tuberculosis (per 100,000 people)","SH.TBS.INCD","2019","YR2019","126"
Cote d'Ivoire,"CIV","Incidence of HIV, all (per 1,000 uninfected population)","SH.HIV.INCD.TL.P3","2019","YR2019","0.41"
Cote d'Ivoire,"CIV","Mortality rate attributed to household and ambient air pollution, age-standardized, female (per 100,000 female population)","SH.STA.AIRP.FE.P5","2019","YR2019","148.2"
Cote d'Ivoire,"CIV","Mortality rate attributed to unintentional poisoning (per 100,000 population)","SH.STA.POIS.P5","2019","YR2019","1.03"
Cote d'Ivoire,"CIV","Mortality rate, infant (per 1,000 live births)","SP.DYN.IMRT.IN","2019","YR2019","51.8"
Cote d'Ivoire,"CIV","Mortality rate, under-5 (per 1,000 live births)","SH.DYN.MORT","2019","YR2019","75.3"
Cote d'Ivoire,"CIV","Out-of-pocket expenditure (% of current health expenditure)","SH.XPD.OOPC.CH.ZS","2019","YR2019","37.26046371"
Cote d'Ivoire,"CIV","People using at least basic drinking water services (% of population)","SH.H2O.BASW.ZS","2019","YR2019","75.6490184756229"
Cote d'Ivoire,"CIV","People with basic handwashing facilities including soap and water (% of population)","SH.STA.HYGN.ZS","2019","YR2019","20.9474827295716"
Cote d'Ivoire,"CIV","Population growth (annual %)","SP.POP.GROW","2019","YR2019","2.61916841176218"
Cote d'Ivoire,"CIV","Prevalence of severe food insecurity in the population (%)","SN.ITK.SVFI.ZS","2019","YR2019","9"
Cote d'Ivoire,"CIV","Prevalence of undernourishment (% of population)","SN.ITK.DEFC.ZS","2019","YR2019","9.4"
Cote d'Ivoire,"CIV","Proportion of population facing impoverishing out-of-pocket health expenditure, based on the societal poverty line (%)","SH_UHC_FH40_IMPOV","2019","YR2019","NA"
Cote d'Ivoire,"CIV","Proportion of population further impoverished due to out-of-pocket health expenditure, based on the societal poverty line (%)","SH_UHC_FH40_FURTHER","2019","YR2019","NA"
Cote d'Ivoire,"CIV","Risk of impoverishing expenditure for surgical care (% of people at risk)","SH.SGR.IRSK.ZS","2019","YR2019","99.8"
Cote d'Ivoire,"CIV","UHC service coverage index","SH_UHC_SCI","2019","YR2019","45"
Cote d'Ivoire,"CIV","Wanted fertility rate (births per woman)","SP.DYN.WFRT","2019","YR2019","NA"
Cote d'Ivoire,"CIV","Access to electricity (% of population)","EG.ELC.ACCS.ZS","2019","YR2019","68.6"
Cote d'Ivoire,"CIV","Bird species, threatened","EN.BIR.THRD.NO","2019","YR2019","NA"
Cote d'Ivoire,"CIV","Fish species, threatened","EN.FSH.THRD.NO","2019","YR2019","NA"
Cote d'Ivoire,"CIV","Adjusted savings: particulate emission damage (% of GNI)","NY.ADJ.DPEM.GN.ZS","2019","YR2019","1.08103145213115"
Cote d'Ivoire,"CIV","Adjusted net savings, excluding particulate emission damage (% of GNI)","NY.ADJ.SVNX.GN.ZS","2019","YR2019","15.9014302830286"
Cote d'Ivoire,"CIV","Adjusted net savings, including particulate emission damage (% of GNI)","NY.ADJ.SVNG.GN.ZS","2019","YR2019","14.8203988308974"
Cote d'Ivoire,"CIV","Adjusted savings: carbon dioxide damage (% of GNI)","NY.ADJ.DCO2.GN.ZS","2019","YR2019","0.775131249813015"
Equatorial Guinea,"GNQ","Disaster risk reduction progress score (1-5 scale; 5=best)","EN.CLC.DRSK.XQ","2019","YR2019","NA"
Equatorial Guinea,"GNQ","Food production index (2014-2016 = 100)","AG.PRD.FOOD.XD","2019","YR2019","104.54"
Equatorial Guinea,"GNQ","Plant species (higher), threatened","EN.HPT.THRD.NO","2019","YR2019","NA"
Equatorial Guinea,"GNQ","Mammal species, threatened","EN.MAM.THRD.NO","2019","YR2019","NA"
Equatorial Guinea,"GNQ","PM2.5 air pollution, population exposed to levels exceeding WHO guideline value (% of total)","EN.ATM.PM25.MC.ZS","2019","YR2019","NA"
Equatorial Guinea,"GNQ","PM2.5 pollution, population exposed to levels exceeding WHO Interim Target-2 value (% of total)","EN.ATM.PM25.MC.T2.ZS","2019","YR2019","NA"
Equatorial Guinea,"GNQ","Population density (people per sq. km of land area)","EN.POP.DNST","2019","YR2019","59.5428520499109"
Equatorial Guinea,"GNQ","Population living in slums (% of urban population)","EN.POP.SLUM.UR.ZS","2019","YR2019","NA"
Equatorial Guinea,"GNQ","People using safely managed sanitation services (% of population)","SH.STA.SMSS.ZS","2019","YR2019","NA"
Equatorial Guinea,"GNQ","People using at least basic sanitation services (% of population)","SH.STA.BASS.ZS","2019","YR2019","NA"
Equatorial Guinea,"GNQ","People practicing open defecation (% of population)","SH.STA.ODFC.ZS","2019","YR2019","NA"
Equatorial Guinea,"GNQ","Prevalence of current tobacco use (% of adults)","SH.PRV.SMOK","2019","YR2019","NA"
Equatorial Guinea,"GNQ","Prevalence of moderate or severe food insecurity in the population (%)","SN.ITK.MSFI.ZS","2019","YR2019","NA"
Equatorial Guinea,"GNQ","Proportion of population facing financial hardship due to out-of-pocket health expenditure (%)","SH_UHC_FH40","2019","YR2019","NA"
Equatorial Guinea,"GNQ","Proportion of population facing large (but non-impoverishing) out-of-pocket health expenditure (%)","SH_UHC_FH40_LARGE","2019","YR2019","NA"
Equatorial Guinea,"GNQ","Proportion of population pushed into poverty (based on the societal poverty line) due to out-of-pocket health expenditure (%)","SH_UHC_FH40_PUSHED","2019","YR2019","NA"
Equatorial Guinea,"GNQ","Risk of catastrophic expenditure for surgical care (% of people at risk)","SH.SGR.CRSK.ZS","2019","YR2019","NA"
Equatorial Guinea,"GNQ","Suicide mortality rate (per 100,000 population)","SH.STA.SUIC.P5","2019","YR2019","7.71"
Equatorial Guinea,"GNQ","Total alcohol consumption per capita (liters of pure alcohol, projected estimates, 15+ years of age)","SH.ALC.PCAP.LI","2019","YR2019","6.94"
Equatorial Guinea,"GNQ","Birth rate, crude (per 1,000 people)","SP.DYN.CBRT.IN","2019","YR2019","31.783"
Equatorial Guinea,"GNQ","Cause of death, by communicable diseases and maternal, prenatal and nutrition conditions (% of total)","SH.DTH.COMM.ZS","2019","YR2019","61.7878538546425"
Equatorial Guinea,"GNQ","Cause of death, by non-communicable diseases (% of total)","SH.DTH.NCOM.ZS","2019","YR2019","33.0854059024549"
Equatorial Guinea,"GNQ","Current health expenditure per capita (current US$)","SH.XPD.CHEX.PC.CD","2019","YR2019","223.14128113"
Equatorial Guinea,"GNQ","Death rate, crude (per 1,000 people)","SP.DYN.CDRT.IN","2019","YR2019","8.496"
Equatorial Guinea,"GNQ","Domestic general government health expenditure (% of GDP)","SH.XPD.GHED.GD.ZS","2019","YR2019","0.8050639"
Equatorial Guinea,"GNQ","Domestic general government health expenditure per capita (current US$)","SH.XPD.GHED.PC.CD","2019","YR2019","54.77774925"
Equatorial Guinea,"GNQ","Domestic private health expenditure (% of current health expenditure)","SH.XPD.PVTD.CH.ZS","2019","YR2019","74.64995575"
Equatorial Guinea,"GNQ","Domestic private health expenditure per capita, PPP (current international $)","SH.XPD.PVTD.PP.CD","2019","YR2019","402.75186248169"
Equatorial Guinea,"GNQ","External health expenditure (% of current health expenditure)","SH.XPD.EHEX.CH.ZS","2019","YR2019","0.80158436"
Equatorial Guinea,"GNQ","Incidence of tuberculosis (per 100,000 people)","SH.TBS.INCD","2019","YR2019","220"
Equatorial Guinea,"GNQ","Incidence of HIV, all (per 1,000 uninfected population)","SH.HIV.INCD.TL.P3","2019","YR2019","NA"
Equatorial Guinea,"GNQ","Mortality rate attributed to household and ambient air pollution, age-standardized, female (per 100,000 female population)","SH.STA.AIRP.FE.P5","2019","YR2019","164.5"
Equatorial Guinea,"GNQ","Mortality rate attributed to unintentional poisoning (per 100,000 population)","SH.STA.POIS.P5","2019","YR2019","0.72"
Equatorial Guinea,"GNQ","Mortality rate, infant (per 1,000 live births)","SP.DYN.IMRT.IN","2019","YR2019","55.7"
Equatorial Guinea,"GNQ","Mortality rate, under-5 (per 1,000 live births)","SH.DYN.MORT","2019","YR2019","80.7"
Equatorial Guinea,"GNQ","Out-of-pocket expenditure (% of current health expenditure)","SH.XPD.OOPC.CH.ZS","2019","YR2019","73.77350616"
Equatorial Guinea,"GNQ","People using at least basic drinking water services (% of population)","SH.H2O.BASW.ZS","2019","YR2019","NA"
Equatorial Guinea,"GNQ","People with basic handwashing facilities including soap and water (% of population)","SH.STA.HYGN.ZS","2019","YR2019","NA"
Equatorial Guinea,"GNQ","Population growth (annual %)","SP.POP.GROW","2019","YR2019","3.271454421427"
Equatorial Guinea,"GNQ","Prevalence of severe food insecurity in the population (%)","SN.ITK.SVFI.ZS","2019","YR2019","NA"
Equatorial Guinea,"GNQ","Prevalence of undernourishment (% of population)","SN.ITK.DEFC.ZS","2019","YR2019","NA"
Equatorial Guinea,"GNQ","Proportion of population facing impoverishing out-of-pocket health expenditure, based on the societal poverty line (%)","SH_UHC_FH40_IMPOV","2019","YR2019","NA"
Equatorial Guinea,"GNQ","Proportion of population further impoverished due to out-of-pocket health expenditure, based on the societal poverty line (%)","SH_UHC_FH40_FURTHER","2019","YR2019","NA"
Equatorial Guinea,"GNQ","Risk of impoverishing expenditure for surgical care (% of people at risk)","SH.SGR.IRSK.ZS","2019","YR2019","NA"
Equatorial Guinea,"GNQ","UHC service coverage index","SH_UHC_SCI","2019","YR2019","48"
Equatorial Guinea,"GNQ","Wanted fertility rate (births per woman)","SP.DYN.WFRT","2019","YR2019","NA"
Equatorial Guinea,"GNQ","Access to electricity (% of population)","EG.ELC.ACCS.ZS","2019","YR2019","66.6"
Equatorial Guinea,"GNQ","Bird species, threatened","EN.BIR.THRD.NO","2019","YR2019","NA"
Equatorial Guinea,"GNQ","Fish species, threatened","EN.FSH.THRD.NO","2019","YR2019","NA"
Equatorial Guinea,"GNQ","Adjusted savings: particulate emission damage (% of GNI)","NY.ADJ.DPEM.GN.ZS","2019","YR2019","0.761629344098714"
Equatorial Guinea,"GNQ","Adjusted net savings, excluding particulate emission damage (% of GNI)","NY.ADJ.SVNX.GN.ZS","2019","YR2019","NA"
Equatorial Guinea,"GNQ","Adjusted net savings, including particulate emission damage (% of GNI)","NY.ADJ.SVNG.GN.ZS","2019","YR2019","NA"
Equatorial Guinea,"GNQ","Adjusted savings: carbon dioxide damage (% of GNI)","NY.ADJ.DCO2.GN.ZS","2019","YR2019","2.61908038191087"
Eritrea,"ERI","Disaster risk reduction progress score (1-5 scale; 5=best)","EN.CLC.DRSK.XQ","2019","YR2019","NA"
Eritrea,"ERI","Food production index (2014-2016 = 100)","AG.PRD.FOOD.XD","2019","YR2019","104.62"
Eritrea,"ERI","Plant species (higher), threatened","EN.HPT.THRD.NO","2019","YR2019","NA"
Eritrea,"ERI","Mammal species, threatened","EN.MAM.THRD.NO","2019","YR2019","NA"
Eritrea,"ERI","PM2.5 air pollution, population exposed to levels exceeding WHO guideline value (% of total)","EN.ATM.PM25.MC.ZS","2019","YR2019","NA"
Eritrea,"ERI","PM2.5 pollution, population exposed to levels exceeding WHO Interim Target-2 value (% of total)","EN.ATM.PM25.MC.T2.ZS","2019","YR2019","NA"
Eritrea,"ERI","Population density (people per sq. km of land area)","EN.POP.DNST","2019","YR2019","26.7606490641362"
Eritrea,"ERI","Population living in slums (% of urban population)","EN.POP.SLUM.UR.ZS","2019","YR2019","NA"
Eritrea,"ERI","People using safely managed sanitation services (% of population)","SH.STA.SMSS.ZS","2019","YR2019","NA"
Eritrea,"ERI","People using at least basic sanitation services (% of population)","SH.STA.BASS.ZS","2019","YR2019","NA"
Eritrea,"ERI","People practicing open defecation (% of population)","SH.STA.ODFC.ZS","2019","YR2019","NA"
Eritrea,"ERI","Prevalence of current tobacco use (% of adults)","SH.PRV.SMOK","2019","YR2019","NA"
Eritrea,"ERI","Prevalence of moderate or severe food insecurity in the population (%)","SN.ITK.MSFI.ZS","2019","YR2019","NA"
Eritrea,"ERI","Proportion of population facing financial hardship due to out-of-pocket health expenditure (%)","SH_UHC_FH40","2019","YR2019","NA"
Eritrea,"ERI","Proportion of population facing large (but non-impoverishing) out-of-pocket health expenditure (%)","SH_UHC_FH40_LARGE","2019","YR2019","NA"
Eritrea,"ERI","Proportion of population pushed into poverty (based on the societal poverty line) due to out-of-pocket health expenditure (%)","SH_UHC_FH40_PUSHED","2019","YR2019","NA"
Eritrea,"ERI","Risk of catastrophic expenditure for surgical care (% of people at risk)","SH.SGR.CRSK.ZS","2019","YR2019","NA"
Eritrea,"ERI","Suicide mortality rate (per 100,000 population)","SH.STA.SUIC.P5","2019","YR2019","13"
Eritrea,"ERI","Total alcohol consumption per capita (liters of pure alcohol, projected estimates, 15+ years of age)","SH.ALC.PCAP.LI","2019","YR2019","1.23"
Eritrea,"ERI","Birth rate, crude (per 1,000 people)","SP.DYN.CBRT.IN","2019","YR2019","29.119"
Eritrea,"ERI","Cause of death, by communicable diseases and maternal, prenatal and nutrition conditions (% of total)","SH.DTH.COMM.ZS","2019","YR2019","36.9849370654438"
Eritrea,"ERI","Cause of death, by non-communicable diseases (% of total)","SH.DTH.NCOM.ZS","2019","YR2019","52.6885283822511"
Eritrea,"ERI","Current health expenditure per capita (current US$)","SH.XPD.CHEX.PC.CD","2019","YR2019","28.42930794"
Eritrea,"ERI","Death rate, crude (per 1,000 people)","SP.DYN.CDRT.IN","2019","YR2019","6.413"
Eritrea,"ERI","Domestic general government health expenditure (% of GDP)","SH.XPD.GHED.GD.ZS","2019","YR2019","0.74166143"
Eritrea,"ERI","Domestic general government health expenditure per capita (current US$)","SH.XPD.GHED.PC.CD","2019","YR2019","4.53627948"
Eritrea,"ERI","Domestic private health expenditure (% of current health expenditure)","SH.XPD.PVTD.CH.ZS","2019","YR2019","46.44067764"
Eritrea,"ERI","Domestic private health expenditure per capita, PPP (current international $)","SH.XPD.PVTD.PP.CD","2019","YR2019","42.4284031486614"
Eritrea,"ERI","External health expenditure (% of current health expenditure)","SH.XPD.EHEX.CH.ZS","2019","YR2019","37.60297394"
Eritrea,"ERI","Incidence of tuberculosis (per 100,000 people)","SH.TBS.INCD","2019","YR2019","127"
Eritrea,"ERI","Incidence of HIV, all (per 1,000 uninfected population)","SH.HIV.INCD.TL.P3","2019","YR2019","0.11"
Eritrea,"ERI","Mortality rate attributed to household and ambient air pollution, age-standardized, female (per 100,000 female population)","SH.STA.AIRP.FE.P5","2019","YR2019","193.4"
Eritrea,"ERI","Mortality rate attributed to unintentional poisoning (per 100,000 population)","SH.STA.POIS.P5","2019","YR2019","2.09"
Eritrea,"ERI","Mortality rate, infant (per 1,000 live births)","SP.DYN.IMRT.IN","2019","YR2019","28.7"
Eritrea,"ERI","Mortality rate, under-5 (per 1,000 live births)","SH.DYN.MORT","2019","YR2019","40.5"
Eritrea,"ERI","Out-of-pocket expenditure (% of current health expenditure)","SH.XPD.OOPC.CH.ZS","2019","YR2019","46.44067764"
Eritrea,"ERI","People using at least basic drinking water services (% of population)","SH.H2O.BASW.ZS","2019","YR2019","NA"
Eritrea,"ERI","People with basic handwashing facilities including soap and water (% of population)","SH.STA.HYGN.ZS","2019","YR2019","NA"
Eritrea,"ERI","Population growth (annual %)","SP.POP.GROW","2019","YR2019","1.47474580694345"
Eritrea,"ERI","Prevalence of severe food insecurity in the population (%)","SN.ITK.SVFI.ZS","2019","YR2019","NA"
Eritrea,"ERI","Prevalence of undernourishment (% of population)","SN.ITK.DEFC.ZS","2019","YR2019","NA"
Eritrea,"ERI","Proportion of population facing impoverishing out-of-pocket health expenditure, based on the societal poverty line (%)","SH_UHC_FH40_IMPOV","2019","YR2019","NA"
Eritrea,"ERI","Proportion of population further impoverished due to out-of-pocket health expenditure, based on the societal poverty line (%)","SH_UHC_FH40_FURTHER","2019","YR2019","NA"
Eritrea,"ERI","Risk of impoverishing expenditure for surgical care (% of people at risk)","SH.SGR.IRSK.ZS","2019","YR2019","NA"
Eritrea,"ERI","UHC service coverage index","SH_UHC_SCI","2019","YR2019","41"
Eritrea,"ERI","Wanted fertility rate (births per woman)","SP.DYN.WFRT","2019","YR2019","NA"
Eritrea,"ERI","Access to electricity (% of population)","EG.ELC.ACCS.ZS","2019","YR2019","50.3"
Eritrea,"ERI","Bird species, threatened","EN.BIR.THRD.NO","2019","YR2019","NA"
Eritrea,"ERI","Fish species, threatened","EN.FSH.THRD.NO","2019","YR2019","NA"
Eritrea,"ERI","Adjusted savings: particulate emission damage (% of GNI)","NY.ADJ.DPEM.GN.ZS","2019","YR2019","NA"
Eritrea,"ERI","Adjusted net savings, excluding particulate emission damage (% of GNI)","NY.ADJ.SVNX.GN.ZS","2019","YR2019","NA"
Eritrea,"ERI","Adjusted net savings, including particulate emission damage (% of GNI)","NY.ADJ.SVNG.GN.ZS","2019","YR2019","NA"
Eritrea,"ERI","Adjusted savings: carbon dioxide damage (% of GNI)","NY.ADJ.DCO2.GN.ZS","2019","YR2019","NA"
Eswatini,"SWZ","Disaster risk reduction progress score (1-5 scale; 5=best)","EN.CLC.DRSK.XQ","2019","YR2019","NA"
Eswatini,"SWZ","Food production index (2014-2016 = 100)","AG.PRD.FOOD.XD","2019","YR2019","104.6"
Eswatini,"SWZ","Plant species (higher), threatened","EN.HPT.THRD.NO","2019","YR2019","NA"
Eswatini,"SWZ","Mammal species, threatened","EN.MAM.THRD.NO","2019","YR2019","NA"
Eswatini,"SWZ","PM2.5 air pollution, population exposed to levels exceeding WHO guideline value (% of total)","EN.ATM.PM25.MC.ZS","2019","YR2019","NA"
Eswatini,"SWZ","PM2.5 pollution, population exposed to levels exceeding WHO Interim Target-2 value (% of total)","EN.ATM.PM25.MC.T2.ZS","2019","YR2019","NA"
Eswatini,"SWZ","Population density (people per sq. km of land area)","EN.POP.DNST","2019","YR2019","68.5973255813954"
Eswatini,"SWZ","Population living in slums (% of urban population)","EN.POP.SLUM.UR.ZS","2019","YR2019","NA"
Eswatini,"SWZ","People using safely managed sanitation services (% of population)","SH.STA.SMSS.ZS","2019","YR2019","57.1716763372805"
Eswatini,"SWZ","People using at least basic sanitation services (% of population)","SH.STA.BASS.ZS","2019","YR2019","61.4575194811054"
Eswatini,"SWZ","People practicing open defecation (% of population)","SH.STA.ODFC.ZS","2019","YR2019","3.26018293049568"
Eswatini,"SWZ","Prevalence of current tobacco use (% of adults)","SH.PRV.SMOK","2019","YR2019","NA"
Eswatini,"SWZ","Prevalence of moderate or severe food insecurity in the population (%)","SN.ITK.MSFI.ZS","2019","YR2019","NA"
Eswatini,"SWZ","Proportion of population facing financial hardship due to out-of-pocket health expenditure (%)","SH_UHC_FH40","2019","YR2019","NA"
Eswatini,"SWZ","Proportion of population facing large (but non-impoverishing) out-of-pocket health expenditure (%)","SH_UHC_FH40_LARGE","2019","YR2019","NA"
Eswatini,"SWZ","Proportion of population pushed into poverty (based on the societal poverty line) due to out-of-pocket health expenditure (%)","SH_UHC_FH40_PUSHED","2019","YR2019","NA"
Eswatini,"SWZ","Risk of catastrophic expenditure for surgical care (% of people at risk)","SH.SGR.CRSK.ZS","2019","YR2019","NA"
Eswatini,"SWZ","Suicide mortality rate (per 100,000 population)","SH.STA.SUIC.P5","2019","YR2019","28.13"
Eswatini,"SWZ","Total alcohol consumption per capita (liters of pure alcohol, projected estimates, 15+ years of age)","SH.ALC.PCAP.LI","2019","YR2019","8.09"
Eswatini,"SWZ","Birth rate, crude (per 1,000 people)","SP.DYN.CBRT.IN","2019","YR2019","25.889"
Eswatini,"SWZ","Cause of death, by communicable diseases and maternal, prenatal and nutrition conditions (% of total)","SH.DTH.COMM.ZS","2019","YR2019","47.8824034780573"
Eswatini,"SWZ","Cause of death, by non-communicable diseases (% of total)","SH.DTH.NCOM.ZS","2019","YR2019","42.8439359150166"
Eswatini,"SWZ","Current health expenditure per capita (current US$)","SH.XPD.CHEX.PC.CD","2019","YR2019","320.05084229"
Eswatini,"SWZ","Death rate, crude (per 1,000 people)","SP.DYN.CDRT.IN","2019","YR2019","9.372"
Eswatini,"SWZ","Domestic general government health expenditure (% of GDP)","SH.XPD.GHED.GD.ZS","2019","YR2019","4.40824461"
Eswatini,"SWZ","Domestic general government health expenditure per capita (current US$)","SH.XPD.GHED.PC.CD","2019","YR2019","167.95304845"
Eswatini,"SWZ","Domestic private health expenditure (% of current health expenditure)","SH.XPD.PVTD.CH.ZS","2019","YR2019","24.26520348"
Eswatini,"SWZ","Domestic private health expenditure per capita, PPP (current international $)","SH.XPD.PVTD.PP.CD","2019","YR2019","183.543837879408"
Eswatini,"SWZ","External health expenditure (% of current health expenditure)","SH.XPD.EHEX.CH.ZS","2019","YR2019","23.25780869"
Eswatini,"SWZ","Incidence of tuberculosis (per 100,000 people)","SH.TBS.INCD","2019","YR2019","363"
Eswatini,"SWZ","Incidence of HIV, all (per 1,000 uninfected population)","SH.HIV.INCD.TL.P3","2019","YR2019","6.6"
Eswatini,"SWZ","Mortality rate attributed to household and ambient air pollution, age-standardized, female (per 100,000 female population)","SH.STA.AIRP.FE.P5","2019","YR2019","116.9"
Eswatini,"SWZ","Mortality rate attributed to unintentional poisoning (per 100,000 population)","SH.STA.POIS.P5","2019","YR2019","2.94"
Eswatini,"SWZ","Mortality rate, infant (per 1,000 live births)","SP.DYN.IMRT.IN","2019","YR2019","47.6"
Eswatini,"SWZ","Mortality rate, under-5 (per 1,000 live births)","SH.DYN.MORT","2019","YR2019","51.5"
Eswatini,"SWZ","Out-of-pocket expenditure (% of current health expenditure)","SH.XPD.OOPC.CH.ZS","2019","YR2019","9.2169857"
Eswatini,"SWZ","People using at least basic drinking water services (% of population)","SH.H2O.BASW.ZS","2019","YR2019","74.3032304184965"
Eswatini,"SWZ","People with basic handwashing facilities including soap and water (% of population)","SH.STA.HYGN.ZS","2019","YR2019","33.7900796022329"
Eswatini,"SWZ","Population growth (annual %)","SP.POP.GROW","2019","YR2019","0.931970814127083"
Eswatini,"SWZ","Prevalence of severe food insecurity in the population (%)","SN.ITK.SVFI.ZS","2019","YR2019","NA"
Eswatini,"SWZ","Prevalence of undernourishment (% of population)","SN.ITK.DEFC.ZS","2019","YR2019","11.7"
Eswatini,"SWZ","Proportion of population facing impoverishing out-of-pocket health expenditure, based on the societal poverty line (%)","SH_UHC_FH40_IMPOV","2019","YR2019","NA"
Eswatini,"SWZ","Proportion of population further impoverished due to out-of-pocket health expenditure, based on the societal poverty line (%)","SH_UHC_FH40_FURTHER","2019","YR2019","NA"
Eswatini,"SWZ","Risk of impoverishing expenditure for surgical care (% of people at risk)","SH.SGR.IRSK.ZS","2019","YR2019","NA"
Eswatini,"SWZ","UHC service coverage index","SH_UHC_SCI","2019","YR2019","66"
Eswatini,"SWZ","Wanted fertility rate (births per woman)","SP.DYN.WFRT","2019","YR2019","NA"
Eswatini,"SWZ","Access to electricity (% of population)","EG.ELC.ACCS.ZS","2019","YR2019","77"
Eswatini,"SWZ","Bird species, threatened","EN.BIR.THRD.NO","2019","YR2019","NA"
Eswatini,"SWZ","Fish species, threatened","EN.FSH.THRD.NO","2019","YR2019","NA"
Eswatini,"SWZ","Adjusted savings: particulate emission damage (% of GNI)","NY.ADJ.DPEM.GN.ZS","2019","YR2019","1.21329686085933"
Eswatini,"SWZ","Adjusted net savings, excluding particulate emission damage (% of GNI)","NY.ADJ.SVNX.GN.ZS","2019","YR2019","1.16562464829057"
Eswatini,"SWZ","Adjusted net savings, including particulate emission damage (% of GNI)","NY.ADJ.SVNG.GN.ZS","2019","YR2019","-0.0476722125687599"
Eswatini,"SWZ","Adjusted savings: carbon dioxide damage (% of GNI)","NY.ADJ.DCO2.GN.ZS","2019","YR2019","0.968422952149024"
Ethiopia,"ETH","Disaster risk reduction progress score (1-5 scale; 5=best)","EN.CLC.DRSK.XQ","2019","YR2019","NA"
Ethiopia,"ETH","Food production index (2014-2016 = 100)","AG.PRD.FOOD.XD","2019","YR2019","110.17"
Ethiopia,"ETH","Plant species (higher), threatened","EN.HPT.THRD.NO","2019","YR2019","NA"
Ethiopia,"ETH","Mammal species, threatened","EN.MAM.THRD.NO","2019","YR2019","NA"
Ethiopia,"ETH","PM2.5 air pollution, population exposed to levels exceeding WHO guideline value (% of total)","EN.ATM.PM25.MC.ZS","2019","YR2019","NA"
Ethiopia,"ETH","PM2.5 pollution, population exposed to levels exceeding WHO Interim Target-2 value (% of total)","EN.ATM.PM25.MC.T2.ZS","2019","YR2019","NA"
Ethiopia,"ETH","Population density (people per sq. km of land area)","EN.POP.DNST","2019","YR2019","102.552159549746"
Ethiopia,"ETH","Population living in slums (% of urban population)","EN.POP.SLUM.UR.ZS","2019","YR2019","NA"
Ethiopia,"ETH","People using safely managed sanitation services (% of population)","SH.STA.SMSS.ZS","2019","YR2019","6.7494890417608"
Ethiopia,"ETH","People using at least basic sanitation services (% of population)","SH.STA.BASS.ZS","2019","YR2019","8.68474048756754"
Ethiopia,"ETH","People practicing open defecation (% of population)","SH.STA.ODFC.ZS","2019","YR2019","27.3569393884392"
Ethiopia,"ETH","Prevalence of current tobacco use (% of adults)","SH.PRV.SMOK","2019","YR2019","NA"
Ethiopia,"ETH","Prevalence of moderate or severe food insecurity in the population (%)","SN.ITK.MSFI.ZS","2019","YR2019","56.3"
Ethiopia,"ETH","Proportion of population facing financial hardship due to out-of-pocket health expenditure (%)","SH_UHC_FH40","2019","YR2019","NA"
Ethiopia,"ETH","Proportion of population facing large (but non-impoverishing) out-of-pocket health expenditure (%)","SH_UHC_FH40_LARGE","2019","YR2019","NA"
Ethiopia,"ETH","Proportion of population pushed into poverty (based on the societal poverty line) due to out-of-pocket health expenditure (%)","SH_UHC_FH40_PUSHED","2019","YR2019","NA"
Ethiopia,"ETH","Risk of catastrophic expenditure for surgical care (% of people at risk)","SH.SGR.CRSK.ZS","2019","YR2019","NA"
Ethiopia,"ETH","Suicide mortality rate (per 100,000 population)","SH.STA.SUIC.P5","2019","YR2019","5.67"
Ethiopia,"ETH","Total alcohol consumption per capita (liters of pure alcohol, projected estimates, 15+ years of age)","SH.ALC.PCAP.LI","2019","YR2019","3.36"
Ethiopia,"ETH","Birth rate, crude (per 1,000 people)","SP.DYN.CBRT.IN","2019","YR2019","33.549"
Ethiopia,"ETH","Cause of death, by communicable diseases and maternal, prenatal and nutrition conditions (% of total)","SH.DTH.COMM.ZS","2019","YR2019","49.2411163721754"
Ethiopia,"ETH","Cause of death, by non-communicable diseases (% of total)","SH.DTH.NCOM.ZS","2019","YR2019","40.3085593622236"
Ethiopia,"ETH","Current health expenditure per capita (current US$)","SH.XPD.CHEX.PC.CD","2019","YR2019","25.93511963"
Ethiopia,"ETH","Death rate, crude (per 1,000 people)","SP.DYN.CDRT.IN","2019","YR2019","6.481"
Ethiopia,"ETH","Domestic general government health expenditure (% of GDP)","SH.XPD.GHED.GD.ZS","2019","YR2019","0.73088509"
Ethiopia,"ETH","Domestic general government health expenditure per capita (current US$)","SH.XPD.GHED.PC.CD","2019","YR2019","5.84531137"
Ethiopia,"ETH","Domestic private health expenditure (% of current health expenditure)","SH.XPD.PVTD.CH.ZS","2019","YR2019","43.12816238"
Ethiopia,"ETH","Domestic private health expenditure per capita, PPP (current international $)","SH.XPD.PVTD.PP.CD","2019","YR2019","31.3626220471653"
Ethiopia,"ETH","External health expenditure (% of current health expenditure)","SH.XPD.EHEX.CH.ZS","2019","YR2019","34.33362579"
Ethiopia,"ETH","Incidence of tuberculosis (per 100,000 people)","SH.TBS.INCD","2019","YR2019","163"
Ethiopia,"ETH","Incidence of HIV, all (per 1,000 uninfected population)","SH.HIV.INCD.TL.P3","2019","YR2019","0.13"
Ethiopia,"ETH","Mortality rate attributed to household and ambient air pollution, age-standardized, female (per 100,000 female population)","SH.STA.AIRP.FE.P5","2019","YR2019","126.9"
Ethiopia,"ETH","Mortality rate attributed to unintentional poisoning (per 100,000 population)","SH.STA.POIS.P5","2019","YR2019","1.18"
Ethiopia,"ETH","Mortality rate, infant (per 1,000 live births)","SP.DYN.IMRT.IN","2019","YR2019","40.8"
Ethiopia,"ETH","Mortality rate, under-5 (per 1,000 live births)","SH.DYN.MORT","2019","YR2019","53.6"
Ethiopia,"ETH","Out-of-pocket expenditure (% of current health expenditure)","SH.XPD.OOPC.CH.ZS","2019","YR2019","37.81941223"
Ethiopia,"ETH","People using at least basic drinking water services (% of population)","SH.H2O.BASW.ZS","2019","YR2019","48.1464763368745"
Ethiopia,"ETH","People with basic handwashing facilities including soap and water (% of population)","SH.STA.HYGN.ZS","2019","YR2019","7.3387546968329"
Ethiopia,"ETH","Population growth (annual %)","SP.POP.GROW","2019","YR2019","2.69123978261516"
Ethiopia,"ETH","Prevalence of severe food insecurity in the population (%)","SN.ITK.SVFI.ZS","2019","YR2019","16.4"
Ethiopia,"ETH","Prevalence of undernourishment (% of population)","SN.ITK.DEFC.ZS","2019","YR2019","18.5"
Ethiopia,"ETH","Proportion of population facing impoverishing out-of-pocket health expenditure, based on the societal poverty line (%)","SH_UHC_FH40_IMPOV","2019","YR2019","NA"
Ethiopia,"ETH","Proportion of population further impoverished due to out-of-pocket health expenditure, based on the societal poverty line (%)","SH_UHC_FH40_FURTHER","2019","YR2019","NA"
Ethiopia,"ETH","Risk of impoverishing expenditure for surgical care (% of people at risk)","SH.SGR.IRSK.ZS","2019","YR2019","NA"
Ethiopia,"ETH","UHC service coverage index","SH_UHC_SCI","2019","YR2019","30"
Ethiopia,"ETH","Wanted fertility rate (births per woman)","SP.DYN.WFRT","2019","YR2019","NA"
Ethiopia,"ETH","Access to electricity (% of population)","EG.ELC.ACCS.ZS","2019","YR2019","48"
Ethiopia,"ETH","Bird species, threatened","EN.BIR.THRD.NO","2019","YR2019","NA"
Ethiopia,"ETH","Fish species, threatened","EN.FSH.THRD.NO","2019","YR2019","NA"
Ethiopia,"ETH","Adjusted savings: particulate emission damage (% of GNI)","NY.ADJ.DPEM.GN.ZS","2019","YR2019","0.850416088083144"
Ethiopia,"ETH","Adjusted net savings, excluding particulate emission damage (% of GNI)","NY.ADJ.SVNX.GN.ZS","2019","YR2019","17.5516338836143"
Ethiopia,"ETH","Adjusted net savings, including particulate emission damage (% of GNI)","NY.ADJ.SVNG.GN.ZS","2019","YR2019","16.7012177955312"
Ethiopia,"ETH","Adjusted savings: carbon dioxide damage (% of GNI)","NY.ADJ.DCO2.GN.ZS","2019","YR2019","0.785435846738338"
Gabon,"GAB","Disaster risk reduction progress score (1-5 scale; 5=best)","EN.CLC.DRSK.XQ","2019","YR2019","NA"
Gabon,"GAB","Food production index (2014-2016 = 100)","AG.PRD.FOOD.XD","2019","YR2019","103.98"
Gabon,"GAB","Plant species (higher), threatened","EN.HPT.THRD.NO","2019","YR2019","NA"
Gabon,"GAB","Mammal species, threatened","EN.MAM.THRD.NO","2019","YR2019","NA"
Gabon,"GAB","PM2.5 air pollution, population exposed to levels exceeding WHO guideline value (% of total)","EN.ATM.PM25.MC.ZS","2019","YR2019","NA"
Gabon,"GAB","PM2.5 pollution, population exposed to levels exceeding WHO Interim Target-2 value (% of total)","EN.ATM.PM25.MC.T2.ZS","2019","YR2019","NA"
Gabon,"GAB","Population density (people per sq. km of land area)","EN.POP.DNST","2019","YR2019","8.80081499592502"
Gabon,"GAB","Population living in slums (% of urban population)","EN.POP.SLUM.UR.ZS","2019","YR2019","NA"
Gabon,"GAB","People using safely managed sanitation services (% of population)","SH.STA.SMSS.ZS","2019","YR2019","NA"
Gabon,"GAB","People using at least basic sanitation services (% of population)","SH.STA.BASS.ZS","2019","YR2019","51.4223011158649"
Gabon,"GAB","People practicing open defecation (% of population)","SH.STA.ODFC.ZS","2019","YR2019","1.50639303004306"
Gabon,"GAB","Prevalence of current tobacco use (% of adults)","SH.PRV.SMOK","2019","YR2019","NA"
Gabon,"GAB","Prevalence of moderate or severe food insecurity in the population (%)","SN.ITK.MSFI.ZS","2019","YR2019","NA"
Gabon,"GAB","Proportion of population facing financial hardship due to out-of-pocket health expenditure (%)","SH_UHC_FH40","2019","YR2019","NA"
Gabon,"GAB","Proportion of population facing large (but non-impoverishing) out-of-pocket health expenditure (%)","SH_UHC_FH40_LARGE","2019","YR2019","NA"
Gabon,"GAB","Proportion of population pushed into poverty (based on the societal poverty line) due to out-of-pocket health expenditure (%)","SH_UHC_FH40_PUSHED","2019","YR2019","NA"
Gabon,"GAB","Risk of catastrophic expenditure for surgical care (% of people at risk)","SH.SGR.CRSK.ZS","2019","YR2019","13.9"
Gabon,"GAB","Suicide mortality rate (per 100,000 population)","SH.STA.SUIC.P5","2019","YR2019","8.86"
Gabon,"GAB","Total alcohol consumption per capita (liters of pure alcohol, projected estimates, 15+ years of age)","SH.ALC.PCAP.LI","2019","YR2019","7.33"
Gabon,"GAB","Birth rate, crude (per 1,000 people)","SP.DYN.CBRT.IN","2019","YR2019","30.146"
Gabon,"GAB","Cause of death, by communicable diseases and maternal, prenatal and nutrition conditions (% of total)","SH.DTH.COMM.ZS","2019","YR2019","47.786337705363"
Gabon,"GAB","Cause of death, by non-communicable diseases (% of total)","SH.DTH.NCOM.ZS","2019","YR2019","45.1034460111782"
Gabon,"GAB","Current health expenditure per capita (current US$)","SH.XPD.CHEX.PC.CD","2019","YR2019","205.99945068"
Gabon,"GAB","Death rate, crude (per 1,000 people)","SP.DYN.CDRT.IN","2019","YR2019","6.693"
Gabon,"GAB","Domestic general government health expenditure (% of GDP)","SH.XPD.GHED.GD.ZS","2019","YR2019","1.66963005"
Gabon,"GAB","Domestic general government health expenditure per capita (current US$)","SH.XPD.GHED.PC.CD","2019","YR2019","124.24018612"
Gabon,"GAB","Domestic private health expenditure (% of current health expenditure)","SH.XPD.PVTD.CH.ZS","2019","YR2019","39.12090302"
Gabon,"GAB","Domestic private health expenditure per capita, PPP (current international $)","SH.XPD.PVTD.PP.CD","2019","YR2019","172.736447685882"
Gabon,"GAB","External health expenditure (% of current health expenditure)","SH.XPD.EHEX.CH.ZS","2019","YR2019","0.56816685"
Gabon,"GAB","Incidence of tuberculosis (per 100,000 people)","SH.TBS.INCD","2019","YR2019","427"
Gabon,"GAB","Incidence of HIV, all (per 1,000 uninfected population)","SH.HIV.INCD.TL.P3","2019","YR2019","1.1"
Gabon,"GAB","Mortality rate attributed to household and ambient air pollution, age-standardized, female (per 100,000 female population)","SH.STA.AIRP.FE.P5","2019","YR2019","61.5"
Gabon,"GAB","Mortality rate attributed to unintentional poisoning (per 100,000 population)","SH.STA.POIS.P5","2019","YR2019","0.77"
Gabon,"GAB","Mortality rate, infant (per 1,000 live births)","SP.DYN.IMRT.IN","2019","YR2019","30.1"
Gabon,"GAB","Mortality rate, under-5 (per 1,000 live births)","SH.DYN.MORT","2019","YR2019","38.5"
Gabon,"GAB","Out-of-pocket expenditure (% of current health expenditure)","SH.XPD.OOPC.CH.ZS","2019","YR2019","23.08802223"
Gabon,"GAB","People using at least basic drinking water services (% of population)","SH.H2O.BASW.ZS","2019","YR2019","87.472846570073"
Gabon,"GAB","People with basic handwashing facilities including soap and water (% of population)","SH.STA.HYGN.ZS","2019","YR2019","47.8876790956477"
Gabon,"GAB","Population growth (annual %)","SP.POP.GROW","2019","YR2019","2.47279132038176"
Gabon,"GAB","Prevalence of severe food insecurity in the population (%)","SN.ITK.SVFI.ZS","2019","YR2019","NA"
Gabon,"GAB","Prevalence of undernourishment (% of population)","SN.ITK.DEFC.ZS","2019","YR2019","18.6"
Gabon,"GAB","Proportion of population facing impoverishing out-of-pocket health expenditure, based on the societal poverty line (%)","SH_UHC_FH40_IMPOV","2019","YR2019","NA"
Gabon,"GAB","Proportion of population further impoverished due to out-of-pocket health expenditure, based on the societal poverty line (%)","SH_UHC_FH40_FURTHER","2019","YR2019","NA"
Gabon,"GAB","Risk of impoverishing expenditure for surgical care (% of people at risk)","SH.SGR.IRSK.ZS","2019","YR2019","18.6"
Gabon,"GAB","UHC service coverage index","SH_UHC_SCI","2019","YR2019","49"
Gabon,"GAB","Wanted fertility rate (births per woman)","SP.DYN.WFRT","2019","YR2019","NA"
Gabon,"GAB","Access to electricity (% of population)","EG.ELC.ACCS.ZS","2019","YR2019","90.3"
Gabon,"GAB","Bird species, threatened","EN.BIR.THRD.NO","2019","YR2019","NA"
Gabon,"GAB","Fish species, threatened","EN.FSH.THRD.NO","2019","YR2019","NA"
Gabon,"GAB","Adjusted savings: particulate emission damage (% of GNI)","NY.ADJ.DPEM.GN.ZS","2019","YR2019","0.286842523790586"
Gabon,"GAB","Adjusted net savings, excluding particulate emission damage (% of GNI)","NY.ADJ.SVNX.GN.ZS","2019","YR2019","NA"
Gabon,"GAB","Adjusted net savings, including particulate emission damage (% of GNI)","NY.ADJ.SVNG.GN.ZS","2019","YR2019","NA"
Gabon,"GAB","Adjusted savings: carbon dioxide damage (% of GNI)","NY.ADJ.DCO2.GN.ZS","2019","YR2019","1.38023007435226"
"Gambia, The","GMB","Disaster risk reduction progress score (1-5 scale; 5=best)","EN.CLC.DRSK.XQ","2019","YR2019","NA"
"Gambia, The","GMB","Food production index (2014-2016 = 100)","AG.PRD.FOOD.XD","2019","YR2019","62.04"
"Gambia, The","GMB","Plant species (higher), threatened","EN.HPT.THRD.NO","2019","YR2019","NA"
"Gambia, The","GMB","Mammal species, threatened","EN.MAM.THRD.NO","2019","YR2019","NA"
"Gambia, The","GMB","PM2.5 air pollution, population exposed to levels exceeding WHO guideline value (% of total)","EN.ATM.PM25.MC.ZS","2019","YR2019","NA"
"Gambia, The","GMB","PM2.5 pollution, population exposed to levels exceeding WHO Interim Target-2 value (% of total)","EN.ATM.PM25.MC.T2.ZS","2019","YR2019","NA"
"Gambia, The","GMB","Population density (people per sq. km of land area)","EN.POP.DNST","2019","YR2019","242.771146245059"
"Gambia, The","GMB","Population living in slums (% of urban population)","EN.POP.SLUM.UR.ZS","2019","YR2019","NA"
"Gambia, The","GMB","People using safely managed sanitation services (% of population)","SH.STA.SMSS.ZS","2019","YR2019","29.8897660758442"
"Gambia, The","GMB","People using at least basic sanitation services (% of population)","SH.STA.BASS.ZS","2019","YR2019","47.2014093425827"
"Gambia, The","GMB","People practicing open defecation (% of population)","SH.STA.ODFC.ZS","2019","YR2019","0.601510938592732"
"Gambia, The","GMB","Prevalence of current tobacco use (% of adults)","SH.PRV.SMOK","2019","YR2019","NA"
"Gambia, The","GMB","Prevalence of moderate or severe food insecurity in the population (%)","SN.ITK.MSFI.ZS","2019","YR2019","56"
"Gambia, The","GMB","Proportion of population facing financial hardship due to out-of-pocket health expenditure (%)","SH_UHC_FH40","2019","YR2019","NA"
"Gambia, The","GMB","Proportion of population facing large (but non-impoverishing) out-of-pocket health expenditure (%)","SH_UHC_FH40_LARGE","2019","YR2019","NA"
"Gambia, The","GMB","Proportion of population pushed into poverty (based on the societal poverty line) due to out-of-pocket health expenditure (%)","SH_UHC_FH40_PUSHED","2019","YR2019","NA"
"Gambia, The","GMB","Risk of catastrophic expenditure for surgical care (% of people at risk)","SH.SGR.CRSK.ZS","2019","YR2019","41.2"
"Gambia, The","GMB","Suicide mortality rate (per 100,000 population)","SH.STA.SUIC.P5","2019","YR2019","5.02"
"Gambia, The","GMB","Total alcohol consumption per capita (liters of pure alcohol, projected estimates, 15+ years of age)","SH.ALC.PCAP.LI","2019","YR2019","1.11"
"Gambia, The","GMB","Birth rate, crude (per 1,000 people)","SP.DYN.CBRT.IN","2019","YR2019","31.921"
"Gambia, The","GMB","Cause of death, by communicable diseases and maternal, prenatal and nutrition conditions (% of total)","SH.DTH.COMM.ZS","2019","YR2019","49.0332361637192"
"Gambia, The","GMB","Cause of death, by non-communicable diseases (% of total)","SH.DTH.NCOM.ZS","2019","YR2019","42.1820935397393"
"Gambia, The","GMB","Current health expenditure per capita (current US$)","SH.XPD.CHEX.PC.CD","2019","YR2019","23.21861267"
"Gambia, The","GMB","Death rate, crude (per 1,000 people)","SP.DYN.CDRT.IN","2019","YR2019","6.807"
"Gambia, The","GMB","Domestic general government health expenditure (% of GDP)","SH.XPD.GHED.GD.ZS","2019","YR2019","1.28750503"
"Gambia, The","GMB","Domestic general government health expenditure per capita (current US$)","SH.XPD.GHED.PC.CD","2019","YR2019","9.50421633"
"Gambia, The","GMB","Domestic private health expenditure (% of current health expenditure)","SH.XPD.PVTD.CH.ZS","2019","YR2019","31.84418488"
"Gambia, The","GMB","Domestic private health expenditure per capita, PPP (current international $)","SH.XPD.PVTD.PP.CD","2019","YR2019","24.2563059207167"
"Gambia, The","GMB","External health expenditure (% of current health expenditure)","SH.XPD.EHEX.CH.ZS","2019","YR2019","27.22220612"
"Gambia, The","GMB","Incidence of tuberculosis (per 100,000 people)","SH.TBS.INCD","2019","YR2019","158"
"Gambia, The","GMB","Incidence of HIV, all (per 1,000 uninfected population)","SH.HIV.INCD.TL.P3","2019","YR2019","0.64"
"Gambia, The","GMB","Mortality rate attributed to household and ambient air pollution, age-standardized, female (per 100,000 female population)","SH.STA.AIRP.FE.P5","2019","YR2019","201.3"
"Gambia, The","GMB","Mortality rate attributed to unintentional poisoning (per 100,000 population)","SH.STA.POIS.P5","2019","YR2019","0.93"
"Gambia, The","GMB","Mortality rate, infant (per 1,000 live births)","SP.DYN.IMRT.IN","2019","YR2019","38.2"
"Gambia, The","GMB","Mortality rate, under-5 (per 1,000 live births)","SH.DYN.MORT","2019","YR2019","50.4"
"Gambia, The","GMB","Out-of-pocket expenditure (% of current health expenditure)","SH.XPD.OOPC.CH.ZS","2019","YR2019","20.29882431"
"Gambia, The","GMB","People using at least basic drinking water services (% of population)","SH.H2O.BASW.ZS","2019","YR2019","84.4361946965619"
"Gambia, The","GMB","People with basic handwashing facilities including soap and water (% of population)","SH.STA.HYGN.ZS","2019","YR2019","12.9120231573324"
"Gambia, The","GMB","Population growth (annual %)","SP.POP.GROW","2019","YR2019","2.35622071960344"
"Gambia, The","GMB","Prevalence of severe food insecurity in the population (%)","SN.ITK.SVFI.ZS","2019","YR2019","25.7"
"Gambia, The","GMB","Prevalence of undernourishment (% of population)","SN.ITK.DEFC.ZS","2019","YR2019","16.8"
"Gambia, The","GMB","Proportion of population facing impoverishing out-of-pocket health expenditure, based on the societal poverty line (%)","SH_UHC_FH40_IMPOV","2019","YR2019","NA"
"Gambia, The","GMB","Proportion of population further impoverished due to out-of-pocket health expenditure, based on the societal poverty line (%)","SH_UHC_FH40_FURTHER","2019","YR2019","NA"
"Gambia, The","GMB","Risk of impoverishing expenditure for surgical care (% of people at risk)","SH.SGR.IRSK.ZS","2019","YR2019","72.4"
"Gambia, The","GMB","UHC service coverage index","SH_UHC_SCI","2019","YR2019","47"
"Gambia, The","GMB","Wanted fertility rate (births per woman)","SP.DYN.WFRT","2019","YR2019","NA"
"Gambia, The","GMB","Access to electricity (% of population)","EG.ELC.ACCS.ZS","2019","YR2019","62.1"
"Gambia, The","GMB","Bird species, threatened","EN.BIR.THRD.NO","2019","YR2019","NA"
"Gambia, The","GMB","Fish species, threatened","EN.FSH.THRD.NO","2019","YR2019","NA"
"Gambia, The","GMB","Adjusted savings: particulate emission damage (% of GNI)","NY.ADJ.DPEM.GN.ZS","2019","YR2019","0.993680888601345"
"Gambia, The","GMB","Adjusted net savings, excluding particulate emission damage (% of GNI)","NY.ADJ.SVNX.GN.ZS","2019","YR2019","-0.459444514506755"
"Gambia, The","GMB","Adjusted net savings, including particulate emission damage (% of GNI)","NY.ADJ.SVNG.GN.ZS","2019","YR2019","-1.4531254031081"
"Gambia, The","GMB","Adjusted savings: carbon dioxide damage (% of GNI)","NY.ADJ.DCO2.GN.ZS","2019","YR2019","1.32606321911662"
Ghana,"GHA","Disaster risk reduction progress score (1-5 scale; 5=best)","EN.CLC.DRSK.XQ","2019","YR2019","NA"
Ghana,"GHA","Food production index (2014-2016 = 100)","AG.PRD.FOOD.XD","2019","YR2019","119.42"
Ghana,"GHA","Plant species (higher), threatened","EN.HPT.THRD.NO","2019","YR2019","NA"
Ghana,"GHA","Mammal species, threatened","EN.MAM.THRD.NO","2019","YR2019","NA"
Ghana,"GHA","PM2.5 air pollution, population exposed to levels exceeding WHO guideline value (% of total)","EN.ATM.PM25.MC.ZS","2019","YR2019","NA"
Ghana,"GHA","PM2.5 pollution, population exposed to levels exceeding WHO Interim Target-2 value (% of total)","EN.ATM.PM25.MC.T2.ZS","2019","YR2019","NA"
Ghana,"GHA","Population density (people per sq. km of land area)","EN.POP.DNST","2019","YR2019","137.382028101418"
Ghana,"GHA","Population living in slums (% of urban population)","EN.POP.SLUM.UR.ZS","2019","YR2019","NA"
Ghana,"GHA","People using safely managed sanitation services (% of population)","SH.STA.SMSS.ZS","2019","YR2019","15.5477113866954"
Ghana,"GHA","People using at least basic sanitation services (% of population)","SH.STA.BASS.ZS","2019","YR2019","25.327363008811"
Ghana,"GHA","People practicing open defecation (% of population)","SH.STA.ODFC.ZS","2019","YR2019","18.2549454745029"
Ghana,"GHA","Prevalence of current tobacco use (% of adults)","SH.PRV.SMOK","2019","YR2019","NA"
Ghana,"GHA","Prevalence of moderate or severe food insecurity in the population (%)","SN.ITK.MSFI.ZS","2019","YR2019","38.2"
Ghana,"GHA","Proportion of population facing financial hardship due to out-of-pocket health expenditure (%)","SH_UHC_FH40","2019","YR2019","NA"
Ghana,"GHA","Proportion of population facing large (but non-impoverishing) out-of-pocket health expenditure (%)","SH_UHC_FH40_LARGE","2019","YR2019","NA"
Ghana,"GHA","Proportion of population pushed into poverty (based on the societal poverty line) due to out-of-pocket health expenditure (%)","SH_UHC_FH40_PUSHED","2019","YR2019","NA"
Ghana,"GHA","Risk of catastrophic expenditure for surgical care (% of people at risk)","SH.SGR.CRSK.ZS","2019","YR2019","15.3"
Ghana,"GHA","Suicide mortality rate (per 100,000 population)","SH.STA.SUIC.P5","2019","YR2019","5.29"
Ghana,"GHA","Total alcohol consumption per capita (liters of pure alcohol, projected estimates, 15+ years of age)","SH.ALC.PCAP.LI","2019","YR2019","4.55"
Ghana,"GHA","Birth rate, crude (per 1,000 people)","SP.DYN.CBRT.IN","2019","YR2019","27.891"
Ghana,"GHA","Cause of death, by communicable diseases and maternal, prenatal and nutrition conditions (% of total)","SH.DTH.COMM.ZS","2019","YR2019","45.0562793406133"
Ghana,"GHA","Cause of death, by non-communicable diseases (% of total)","SH.DTH.NCOM.ZS","2019","YR2019","47.2607359033066"
Ghana,"GHA","Current health expenditure per capita (current US$)","SH.XPD.CHEX.PC.CD","2019","YR2019","71.14958191"
Ghana,"GHA","Death rate, crude (per 1,000 people)","SP.DYN.CDRT.IN","2019","YR2019","7.34"
Ghana,"GHA","Domestic general government health expenditure (% of GDP)","SH.XPD.GHED.GD.ZS","2019","YR2019","1.9720608"
Ghana,"GHA","Domestic general government health expenditure per capita (current US$)","SH.XPD.GHED.PC.CD","2019","YR2019","43.11295258"
Ghana,"GHA","Domestic private health expenditure (% of current health expenditure)","SH.XPD.PVTD.CH.ZS","2019","YR2019","30.70255852"
Ghana,"GHA","Domestic private health expenditure per capita, PPP (current international $)","SH.XPD.PVTD.PP.CD","2019","YR2019","59.9784135741681"
Ghana,"GHA","External health expenditure (% of current health expenditure)","SH.XPD.EHEX.CH.ZS","2019","YR2019","8.7026329"
Ghana,"GHA","Incidence of tuberculosis (per 100,000 people)","SH.TBS.INCD","2019","YR2019","144"
Ghana,"GHA","Incidence of HIV, all (per 1,000 uninfected population)","SH.HIV.INCD.TL.P3","2019","YR2019","0.66"
Ghana,"GHA","Mortality rate attributed to household and ambient air pollution, age-standardized, female (per 100,000 female population)","SH.STA.AIRP.FE.P5","2019","YR2019","159.9"
Ghana,"GHA","Mortality rate attributed to unintentional poisoning (per 100,000 population)","SH.STA.POIS.P5","2019","YR2019","0.9"
Ghana,"GHA","Mortality rate, infant (per 1,000 live births)","SP.DYN.IMRT.IN","2019","YR2019","32.9"
Ghana,"GHA","Mortality rate, under-5 (per 1,000 live births)","SH.DYN.MORT","2019","YR2019","44.1"
Ghana,"GHA","Out-of-pocket expenditure (% of current health expenditure)","SH.XPD.OOPC.CH.ZS","2019","YR2019","28.97685051"
Ghana,"GHA","People using at least basic drinking water services (% of population)","SH.H2O.BASW.ZS","2019","YR2019","84.7696150287459"
Ghana,"GHA","People with basic handwashing facilities including soap and water (% of population)","SH.STA.HYGN.ZS","2019","YR2019","42.2170668202961"
Ghana,"GHA","Population growth (annual %)","SP.POP.GROW","2019","YR2019","2.00780519953703"
Ghana,"GHA","Prevalence of severe food insecurity in the population (%)","SN.ITK.SVFI.ZS","2019","YR2019","6"
Ghana,"GHA","Prevalence of undernourishment (% of population)","SN.ITK.DEFC.ZS","2019","YR2019","6.6"
Ghana,"GHA","Proportion of population facing impoverishing out-of-pocket health expenditure, based on the societal poverty line (%)","SH_UHC_FH40_IMPOV","2019","YR2019","NA"
Ghana,"GHA","Proportion of population further impoverished due to out-of-pocket health expenditure, based on the societal poverty line (%)","SH_UHC_FH40_FURTHER","2019","YR2019","NA"
Ghana,"GHA","Risk of impoverishing expenditure for surgical care (% of people at risk)","SH.SGR.IRSK.ZS","2019","YR2019","33.5"
Ghana,"GHA","UHC service coverage index","SH_UHC_SCI","2019","YR2019","51"
Ghana,"GHA","Wanted fertility rate (births per woman)","SP.DYN.WFRT","2019","YR2019","NA"
Ghana,"GHA","Access to electricity (% of population)","EG.ELC.ACCS.ZS","2019","YR2019","83.5"
Ghana,"GHA","Bird species, threatened","EN.BIR.THRD.NO","2019","YR2019","NA"
Ghana,"GHA","Fish species, threatened","EN.FSH.THRD.NO","2019","YR2019","NA"
Ghana,"GHA","Adjusted savings: particulate emission damage (% of GNI)","NY.ADJ.DPEM.GN.ZS","2019","YR2019","0.746401938425166"
Ghana,"GHA","Adjusted net savings, excluding particulate emission damage (% of GNI)","NY.ADJ.SVNX.GN.ZS","2019","YR2019","5.54828569417505"
Ghana,"GHA","Adjusted net savings, including particulate emission damage (% of GNI)","NY.ADJ.SVNG.GN.ZS","2019","YR2019","4.80188375574988"
Ghana,"GHA","Adjusted savings: carbon dioxide damage (% of GNI)","NY.ADJ.DCO2.GN.ZS","2019","YR2019","1.24712833447654"
Guinea,"GIN","Disaster risk reduction progress score (1-5 scale; 5=best)","EN.CLC.DRSK.XQ","2019","YR2019","NA"
Guinea,"GIN","Food production index (2014-2016 = 100)","AG.PRD.FOOD.XD","2019","YR2019","124.53"
Guinea,"GIN","Plant species (higher), threatened","EN.HPT.THRD.NO","2019","YR2019","NA"
Guinea,"GIN","Mammal species, threatened","EN.MAM.THRD.NO","2019","YR2019","NA"
Guinea,"GIN","PM2.5 air pollution, population exposed to levels exceeding WHO guideline value (% of total)","EN.ATM.PM25.MC.ZS","2019","YR2019","NA"
Guinea,"GIN","PM2.5 pollution, population exposed to levels exceeding WHO Interim Target-2 value (% of total)","EN.ATM.PM25.MC.T2.ZS","2019","YR2019","NA"
Guinea,"GIN","Population density (people per sq. km of land area)","EN.POP.DNST","2019","YR2019","53.0455233599219"
Guinea,"GIN","Population living in slums (% of urban population)","EN.POP.SLUM.UR.ZS","2019","YR2019","NA"
Guinea,"GIN","People using safely managed sanitation services (% of population)","SH.STA.SMSS.ZS","2019","YR2019","NA"
Guinea,"GIN","People using at least basic sanitation services (% of population)","SH.STA.BASS.ZS","2019","YR2019","27.6063983510435"
Guinea,"GIN","People practicing open defecation (% of population)","SH.STA.ODFC.ZS","2019","YR2019","9.38439439633605"
Guinea,"GIN","Prevalence of current tobacco use (% of adults)","SH.PRV.SMOK","2019","YR2019","NA"
Guinea,"GIN","Prevalence of moderate or severe food insecurity in the population (%)","SN.ITK.MSFI.ZS","2019","YR2019","NA"
Guinea,"GIN","Proportion of population facing financial hardship due to out-of-pocket health expenditure (%)","SH_UHC_FH40","2019","YR2019","NA"
Guinea,"GIN","Proportion of population facing large (but non-impoverishing) out-of-pocket health expenditure (%)","SH_UHC_FH40_LARGE","2019","YR2019","NA"
Guinea,"GIN","Proportion of population pushed into poverty (based on the societal poverty line) due to out-of-pocket health expenditure (%)","SH_UHC_FH40_PUSHED","2019","YR2019","NA"
Guinea,"GIN","Risk of catastrophic expenditure for surgical care (% of people at risk)","SH.SGR.CRSK.ZS","2019","YR2019","57.5"
Guinea,"GIN","Suicide mortality rate (per 100,000 population)","SH.STA.SUIC.P5","2019","YR2019","5.02"
Guinea,"GIN","Total alcohol consumption per capita (liters of pure alcohol, projected estimates, 15+ years of age)","SH.ALC.PCAP.LI","2019","YR2019","0.47"
Guinea,"GIN","Birth rate, crude (per 1,000 people)","SP.DYN.CBRT.IN","2019","YR2019","35.952"
Guinea,"GIN","Cause of death, by communicable diseases and maternal, prenatal and nutrition conditions (% of total)","SH.DTH.COMM.ZS","2019","YR2019","58.5333995131645"
Guinea,"GIN","Cause of death, by non-communicable diseases (% of total)","SH.DTH.NCOM.ZS","2019","YR2019","34.0393574119597"
Guinea,"GIN","Current health expenditure per capita (current US$)","SH.XPD.CHEX.PC.CD","2019","YR2019","42.16910172"
Guinea,"GIN","Death rate, crude (per 1,000 people)","SP.DYN.CDRT.IN","2019","YR2019","9.945"
Guinea,"GIN","Domestic general government health expenditure (% of GDP)","SH.XPD.GHED.GD.ZS","2019","YR2019","0.92095226"
Guinea,"GIN","Domestic general government health expenditure per capita (current US$)","SH.XPD.GHED.PC.CD","2019","YR2019","9.49816282"
Guinea,"GIN","Domestic private health expenditure (% of current health expenditure)","SH.XPD.PVTD.CH.ZS","2019","YR2019","66.67956543"
Guinea,"GIN","Domestic private health expenditure per capita, PPP (current international $)","SH.XPD.PVTD.PP.CD","2019","YR2019","84.6763237479374"
Guinea,"GIN","External health expenditure (% of current health expenditure)","SH.XPD.EHEX.CH.ZS","2019","YR2019","10.7964468"
Guinea,"GIN","Incidence of tuberculosis (per 100,000 people)","SH.TBS.INCD","2019","YR2019","178"
Guinea,"GIN","Incidence of HIV, all (per 1,000 uninfected population)","SH.HIV.INCD.TL.P3","2019","YR2019","0.58"
Guinea,"GIN","Mortality rate attributed to household and ambient air pollution, age-standardized, female (per 100,000 female population)","SH.STA.AIRP.FE.P5","2019","YR2019","220.9"
Guinea,"GIN","Mortality rate attributed to unintentional poisoning (per 100,000 population)","SH.STA.POIS.P5","2019","YR2019","1.03"
Guinea,"GIN","Mortality rate, infant (per 1,000 live births)","SP.DYN.IMRT.IN","2019","YR2019","67"
Guinea,"GIN","Mortality rate, under-5 (per 1,000 live births)","SH.DYN.MORT","2019","YR2019","105.4"
Guinea,"GIN","Out-of-pocket expenditure (% of current health expenditure)","SH.XPD.OOPC.CH.ZS","2019","YR2019","59.2154274"
Guinea,"GIN","People using at least basic drinking water services (% of population)","SH.H2O.BASW.ZS","2019","YR2019","68.1651301407792"
Guinea,"GIN","People with basic handwashing facilities including soap and water (% of population)","SH.STA.HYGN.ZS","2019","YR2019","20.4017053160542"
Guinea,"GIN","Population growth (annual %)","SP.POP.GROW","2019","YR2019","2.56100451729991"
Guinea,"GIN","Prevalence of severe food insecurity in the population (%)","SN.ITK.SVFI.ZS","2019","YR2019","NA"
Guinea,"GIN","Prevalence of undernourishment (% of population)","SN.ITK.DEFC.ZS","2019","YR2019","12.5"
Guinea,"GIN","Proportion of population facing impoverishing out-of-pocket health expenditure, based on the societal poverty line (%)","SH_UHC_FH40_IMPOV","2019","YR2019","NA"
Guinea,"GIN","Proportion of population further impoverished due to out-of-pocket health expenditure, based on the societal poverty line (%)","SH_UHC_FH40_FURTHER","2019","YR2019","NA"
Guinea,"GIN","Risk of impoverishing expenditure for surgical care (% of people at risk)","SH.SGR.IRSK.ZS","2019","YR2019","72.6"
Guinea,"GIN","UHC service coverage index","SH_UHC_SCI","2019","YR2019","43"
Guinea,"GIN","Wanted fertility rate (births per woman)","SP.DYN.WFRT","2019","YR2019","NA"
Guinea,"GIN","Access to electricity (% of population)","EG.ELC.ACCS.ZS","2019","YR2019","42.2"
Guinea,"GIN","Bird species, threatened","EN.BIR.THRD.NO","2019","YR2019","NA"
Guinea,"GIN","Fish species, threatened","EN.FSH.THRD.NO","2019","YR2019","NA"
Guinea,"GIN","Adjusted savings: particulate emission damage (% of GNI)","NY.ADJ.DPEM.GN.ZS","2019","YR2019","1.79888745626023"
Guinea,"GIN","Adjusted net savings, excluding particulate emission damage (% of GNI)","NY.ADJ.SVNX.GN.ZS","2019","YR2019","-6.83595547233718"
Guinea,"GIN","Adjusted net savings, including particulate emission damage (% of GNI)","NY.ADJ.SVNG.GN.ZS","2019","YR2019","-8.63484292859741"
Guinea,"GIN","Adjusted savings: carbon dioxide damage (% of GNI)","NY.ADJ.DCO2.GN.ZS","2019","YR2019","1.26013509276905"
Guinea-Bissau,"GNB","Disaster risk reduction progress score (1-5 scale; 5=best)","EN.CLC.DRSK.XQ","2019","YR2019","NA"
Guinea-Bissau,"GNB","Food production index (2014-2016 = 100)","AG.PRD.FOOD.XD","2019","YR2019","112.35"
Guinea-Bissau,"GNB","Plant species (higher), threatened","EN.HPT.THRD.NO","2019","YR2019","NA"
Guinea-Bissau,"GNB","Mammal species, threatened","EN.MAM.THRD.NO","2019","YR2019","NA"
Guinea-Bissau,"GNB","PM2.5 air pollution, population exposed to levels exceeding WHO guideline value (% of total)","EN.ATM.PM25.MC.ZS","2019","YR2019","NA"
Guinea-Bissau,"GNB","PM2.5 pollution, population exposed to levels exceeding WHO Interim Target-2 value (% of total)","EN.ATM.PM25.MC.T2.ZS","2019","YR2019","NA"
Guinea-Bissau,"GNB","Population density (people per sq. km of land area)","EN.POP.DNST","2019","YR2019","69.9749644381223"
Guinea-Bissau,"GNB","Population living in slums (% of urban population)","EN.POP.SLUM.UR.ZS","2019","YR2019","NA"
Guinea-Bissau,"GNB","People using safely managed sanitation services (% of population)","SH.STA.SMSS.ZS","2019","YR2019","20.1814162320889"
Guinea-Bissau,"GNB","People using at least basic sanitation services (% of population)","SH.STA.BASS.ZS","2019","YR2019","25.9048078160921"
Guinea-Bissau,"GNB","People practicing open defecation (% of population)","SH.STA.ODFC.ZS","2019","YR2019","10.3271954914066"
Guinea-Bissau,"GNB","Prevalence of current tobacco use (% of adults)","SH.PRV.SMOK","2019","YR2019","NA"
Guinea-Bissau,"GNB","Prevalence of moderate or severe food insecurity in the population (%)","SN.ITK.MSFI.ZS","2019","YR2019","62"
Guinea-Bissau,"GNB","Proportion of population facing financial hardship due to out-of-pocket health expenditure (%)","SH_UHC_FH40","2019","YR2019","NA"
Guinea-Bissau,"GNB","Proportion of population facing large (but non-impoverishing) out-of-pocket health expenditure (%)","SH_UHC_FH40_LARGE","2019","YR2019","NA"
Guinea-Bissau,"GNB","Proportion of population pushed into poverty (based on the societal poverty line) due to out-of-pocket health expenditure (%)","SH_UHC_FH40_PUSHED","2019","YR2019","NA"
Guinea-Bissau,"GNB","Risk of catastrophic expenditure for surgical care (% of people at risk)","SH.SGR.CRSK.ZS","2019","YR2019","88.9"
Guinea-Bissau,"GNB","Suicide mortality rate (per 100,000 population)","SH.STA.SUIC.P5","2019","YR2019","7.38"
Guinea-Bissau,"GNB","Total alcohol consumption per capita (liters of pure alcohol, projected estimates, 15+ years of age)","SH.ALC.PCAP.LI","2019","YR2019","4.14"
Guinea-Bissau,"GNB","Birth rate, crude (per 1,000 people)","SP.DYN.CBRT.IN","2019","YR2019","31.848"
Guinea-Bissau,"GNB","Cause of death, by communicable diseases and maternal, prenatal and nutrition conditions (% of total)","SH.DTH.COMM.ZS","2019","YR2019","58.9953932978029"
Guinea-Bissau,"GNB","Cause of death, by non-communicable diseases (% of total)","SH.DTH.NCOM.ZS","2019","YR2019","32.7395918480718"
Guinea-Bissau,"GNB","Current health expenditure per capita (current US$)","SH.XPD.CHEX.PC.CD","2019","YR2019","53.98390961"
Guinea-Bissau,"GNB","Death rate, crude (per 1,000 people)","SP.DYN.CDRT.IN","2019","YR2019","7.863"
Guinea-Bissau,"GNB","Domestic general government health expenditure (% of GDP)","SH.XPD.GHED.GD.ZS","2019","YR2019","0.45877996"
Guinea-Bissau,"GNB","Domestic general government health expenditure per capita (current US$)","SH.XPD.GHED.PC.CD","2019","YR2019","3.46580799"
Guinea-Bissau,"GNB","Domestic private health expenditure (% of current health expenditure)","SH.XPD.PVTD.CH.ZS","2019","YR2019","72.9759903"
Guinea-Bissau,"GNB","Domestic private health expenditure per capita, PPP (current international $)","SH.XPD.PVTD.PP.CD","2019","YR2019","109.136793805326"
Guinea-Bissau,"GNB","External health expenditure (% of current health expenditure)","SH.XPD.EHEX.CH.ZS","2019","YR2019","20.60392952"
Guinea-Bissau,"GNB","Incidence of tuberculosis (per 100,000 people)","SH.TBS.INCD","2019","YR2019","189"
Guinea-Bissau,"GNB","Incidence of HIV, all (per 1,000 uninfected population)","SH.HIV.INCD.TL.P3","2019","YR2019","0.71"
Guinea-Bissau,"GNB","Mortality rate attributed to household and ambient air pollution, age-standardized, female (per 100,000 female population)","SH.STA.AIRP.FE.P5","2019","YR2019","195.9"
Guinea-Bissau,"GNB","Mortality rate attributed to unintentional poisoning (per 100,000 population)","SH.STA.POIS.P5","2019","YR2019","1.07"
Guinea-Bissau,"GNB","Mortality rate, infant (per 1,000 live births)","SP.DYN.IMRT.IN","2019","YR2019","48.6"
Guinea-Bissau,"GNB","Mortality rate, under-5 (per 1,000 live births)","SH.DYN.MORT","2019","YR2019","79.5"
Guinea-Bissau,"GNB","Out-of-pocket expenditure (% of current health expenditure)","SH.XPD.OOPC.CH.ZS","2019","YR2019","69.62321472"
Guinea-Bissau,"GNB","People using at least basic drinking water services (% of population)","SH.H2O.BASW.ZS","2019","YR2019","61.2378280860905"
Guinea-Bissau,"GNB","People with basic handwashing facilities including soap and water (% of population)","SH.STA.HYGN.ZS","2019","YR2019","16.5820503518016"
Guinea-Bissau,"GNB","Population growth (annual %)","SP.POP.GROW","2019","YR2019","2.34095994762157"
Guinea-Bissau,"GNB","Prevalence of severe food insecurity in the population (%)","SN.ITK.SVFI.ZS","2019","YR2019","8.5"
Guinea-Bissau,"GNB","Prevalence of undernourishment (% of population)","SN.ITK.DEFC.ZS","2019","YR2019","13.1"
Guinea-Bissau,"GNB","Proportion of population facing impoverishing out-of-pocket health expenditure, based on the societal poverty line (%)","SH_UHC_FH40_IMPOV","2019","YR2019","NA"
Guinea-Bissau,"GNB","Proportion of population further impoverished due to out-of-pocket health expenditure, based on the societal poverty line (%)","SH_UHC_FH40_FURTHER","2019","YR2019","NA"
Guinea-Bissau,"GNB","Risk of impoverishing expenditure for surgical care (% of people at risk)","SH.SGR.IRSK.ZS","2019","YR2019","84.7"
Guinea-Bissau,"GNB","UHC service coverage index","SH_UHC_SCI","2019","YR2019","42"
Guinea-Bissau,"GNB","Wanted fertility rate (births per woman)","SP.DYN.WFRT","2019","YR2019","NA"
Guinea-Bissau,"GNB","Access to electricity (% of population)","EG.ELC.ACCS.ZS","2019","YR2019","30.9"
Guinea-Bissau,"GNB","Bird species, threatened","EN.BIR.THRD.NO","2019","YR2019","NA"
Guinea-Bissau,"GNB","Fish species, threatened","EN.FSH.THRD.NO","2019","YR2019","NA"
Guinea-Bissau,"GNB","Adjusted savings: particulate emission damage (% of GNI)","NY.ADJ.DPEM.GN.ZS","2019","YR2019","1.79490189027669"
Guinea-Bissau,"GNB","Adjusted net savings, excluding particulate emission damage (% of GNI)","NY.ADJ.SVNX.GN.ZS","2019","YR2019","-2.6819450274174"
Guinea-Bissau,"GNB","Adjusted net savings, including particulate emission damage (% of GNI)","NY.ADJ.SVNG.GN.ZS","2019","YR2019","-4.47684691769408"
Guinea-Bissau,"GNB","Adjusted savings: carbon dioxide damage (% of GNI)","NY.ADJ.DCO2.GN.ZS","2019","YR2019","0.915433685833631"
Kenya,"KEN","Disaster risk reduction progress score (1-5 scale; 5=best)","EN.CLC.DRSK.XQ","2019","YR2019","NA"
Kenya,"KEN","Food production index (2014-2016 = 100)","AG.PRD.FOOD.XD","2019","YR2019","107.28"
Kenya,"KEN","Plant species (higher), threatened","EN.HPT.THRD.NO","2019","YR2019","NA"
Kenya,"KEN","Mammal species, threatened","EN.MAM.THRD.NO","2019","YR2019","NA"
Kenya,"KEN","PM2.5 air pollution, population exposed to levels exceeding WHO guideline value (% of total)","EN.ATM.PM25.MC.ZS","2019","YR2019","NA"
Kenya,"KEN","PM2.5 pollution, population exposed to levels exceeding WHO Interim Target-2 value (% of total)","EN.ATM.PM25.MC.T2.ZS","2019","YR2019","NA"
Kenya,"KEN","Population density (people per sq. km of land area)","EN.POP.DNST","2019","YR2019","88.4453894988127"
Kenya,"KEN","Population living in slums (% of urban population)","EN.POP.SLUM.UR.ZS","2019","YR2019","NA"
Kenya,"KEN","People using safely managed sanitation services (% of population)","SH.STA.SMSS.ZS","2019","YR2019","32.5970104765088"
Kenya,"KEN","People using at least basic sanitation services (% of population)","SH.STA.BASS.ZS","2019","YR2019","37.298797647533"
Kenya,"KEN","People practicing open defecation (% of population)","SH.STA.ODFC.ZS","2019","YR2019","8.0763845331293"
Kenya,"KEN","Prevalence of current tobacco use (% of adults)","SH.PRV.SMOK","2019","YR2019","NA"
Kenya,"KEN","Prevalence of moderate or severe food insecurity in the population (%)","SN.ITK.MSFI.ZS","2019","YR2019","67.7"
Kenya,"KEN","Proportion of population facing financial hardship due to out-of-pocket health expenditure (%)","SH_UHC_FH40","2019","YR2019","NA"
Kenya,"KEN","Proportion of population facing large (but non-impoverishing) out-of-pocket health expenditure (%)","SH_UHC_FH40_LARGE","2019","YR2019","NA"
Kenya,"KEN","Proportion of population pushed into poverty (based on the societal poverty line) due to out-of-pocket health expenditure (%)","SH_UHC_FH40_PUSHED","2019","YR2019","NA"
Kenya,"KEN","Risk of catastrophic expenditure for surgical care (% of people at risk)","SH.SGR.CRSK.ZS","2019","YR2019","26.7"
Kenya,"KEN","Suicide mortality rate (per 100,000 population)","SH.STA.SUIC.P5","2019","YR2019","6.45"
Kenya,"KEN","Total alcohol consumption per capita (liters of pure alcohol, projected estimates, 15+ years of age)","SH.ALC.PCAP.LI","2019","YR2019","2.87"
Kenya,"KEN","Birth rate, crude (per 1,000 people)","SP.DYN.CBRT.IN","2019","YR2019","28.226"
Kenya,"KEN","Cause of death, by communicable diseases and maternal, prenatal and nutrition conditions (% of total)","SH.DTH.COMM.ZS","2019","YR2019","47.7235952905794"
Kenya,"KEN","Cause of death, by non-communicable diseases (% of total)","SH.DTH.NCOM.ZS","2019","YR2019","42.5082324457645"
Kenya,"KEN","Current health expenditure per capita (current US$)","SH.XPD.CHEX.PC.CD","2019","YR2019","85.64528656"
Kenya,"KEN","Death rate, crude (per 1,000 people)","SP.DYN.CDRT.IN","2019","YR2019","7.294"
Kenya,"KEN","Domestic general government health expenditure (% of GDP)","SH.XPD.GHED.GD.ZS","2019","YR2019","2.00870633"
Kenya,"KEN","Domestic general government health expenditure per capita (current US$)","SH.XPD.GHED.PC.CD","2019","YR2019","39.37885207"
Kenya,"KEN","Domestic private health expenditure (% of current health expenditure)","SH.XPD.PVTD.CH.ZS","2019","YR2019","35.51103973"
Kenya,"KEN","Domestic private health expenditure per capita, PPP (current international $)","SH.XPD.PVTD.PP.CD","2019","YR2019","72.7194051886876"
Kenya,"KEN","External health expenditure (% of current health expenditure)","SH.XPD.EHEX.CH.ZS","2019","YR2019","18.50995064"
Kenya,"KEN","Incidence of tuberculosis (per 100,000 people)","SH.TBS.INCD","2019","YR2019","267"
Kenya,"KEN","Incidence of HIV, all (per 1,000 uninfected population)","SH.HIV.INCD.TL.P3","2019","YR2019","0.51"
Kenya,"KEN","Mortality rate attributed to household and ambient air pollution, age-standardized, female (per 100,000 female population)","SH.STA.AIRP.FE.P5","2019","YR2019","114.2"
Kenya,"KEN","Mortality rate attributed to unintentional poisoning (per 100,000 population)","SH.STA.POIS.P5","2019","YR2019","1.72"
Kenya,"KEN","Mortality rate, infant (per 1,000 live births)","SP.DYN.IMRT.IN","2019","YR2019","37"
Kenya,"KEN","Mortality rate, under-5 (per 1,000 live births)","SH.DYN.MORT","2019","YR2019","42.7"
Kenya,"KEN","Out-of-pocket expenditure (% of current health expenditure)","SH.XPD.OOPC.CH.ZS","2019","YR2019","24.29976273"
Kenya,"KEN","People using at least basic drinking water services (% of population)","SH.H2O.BASW.ZS","2019","YR2019","61.4907638599362"
Kenya,"KEN","People with basic handwashing facilities including soap and water (% of population)","SH.STA.HYGN.ZS","2019","YR2019","33.6648688016375"
Kenya,"KEN","Population growth (annual %)","SP.POP.GROW","2019","YR2019","1.96381549826771"
Kenya,"KEN","Prevalence of severe food insecurity in the population (%)","SN.ITK.SVFI.ZS","2019","YR2019","24.9"
Kenya,"KEN","Prevalence of undernourishment (% of population)","SN.ITK.DEFC.ZS","2019","YR2019","23.7"
Kenya,"KEN","Proportion of population facing impoverishing out-of-pocket health expenditure, based on the societal poverty line (%)","SH_UHC_FH40_IMPOV","2019","YR2019","NA"
Kenya,"KEN","Proportion of population further impoverished due to out-of-pocket health expenditure, based on the societal poverty line (%)","SH_UHC_FH40_FURTHER","2019","YR2019","NA"
Kenya,"KEN","Risk of impoverishing expenditure for surgical care (% of people at risk)","SH.SGR.IRSK.ZS","2019","YR2019","63.3"
Kenya,"KEN","UHC service coverage index","SH_UHC_SCI","2019","YR2019","52"
Kenya,"KEN","Wanted fertility rate (births per woman)","SP.DYN.WFRT","2019","YR2019","NA"
Kenya,"KEN","Access to electricity (% of population)","EG.ELC.ACCS.ZS","2019","YR2019","69.7"
Kenya,"KEN","Bird species, threatened","EN.BIR.THRD.NO","2019","YR2019","NA"
Kenya,"KEN","Fish species, threatened","EN.FSH.THRD.NO","2019","YR2019","NA"
Kenya,"KEN","Adjusted savings: particulate emission damage (% of GNI)","NY.ADJ.DPEM.GN.ZS","2019","YR2019","1.02530097498659"
Kenya,"KEN","Adjusted net savings, excluding particulate emission damage (% of GNI)","NY.ADJ.SVNX.GN.ZS","2019","YR2019","5.14637012491648"
Kenya,"KEN","Adjusted net savings, including particulate emission damage (% of GNI)","NY.ADJ.SVNG.GN.ZS","2019","YR2019","4.12106914992989"
Kenya,"KEN","Adjusted savings: carbon dioxide damage (% of GNI)","NY.ADJ.DCO2.GN.ZS","2019","YR2019","0.919823213834376"
Lesotho,"LSO","Disaster risk reduction progress score (1-5 scale; 5=best)","EN.CLC.DRSK.XQ","2019","YR2019","NA"
Lesotho,"LSO","Food production index (2014-2016 = 100)","AG.PRD.FOOD.XD","2019","YR2019","89.79"
Lesotho,"LSO","Plant species (higher), threatened","EN.HPT.THRD.NO","2019","YR2019","NA"
Lesotho,"LSO","Mammal species, threatened","EN.MAM.THRD.NO","2019","YR2019","NA"
Lesotho,"LSO","PM2.5 air pollution, population exposed to levels exceeding WHO guideline value (% of total)","EN.ATM.PM25.MC.ZS","2019","YR2019","NA"
Lesotho,"LSO","PM2.5 pollution, population exposed to levels exceeding WHO Interim Target-2 value (% of total)","EN.ATM.PM25.MC.T2.ZS","2019","YR2019","NA"
Lesotho,"LSO","Population density (people per sq. km of land area)","EN.POP.DNST","2019","YR2019","72.7735507246377"
Lesotho,"LSO","Population living in slums (% of urban population)","EN.POP.SLUM.UR.ZS","2019","YR2019","NA"
Lesotho,"LSO","People using safely managed sanitation services (% of population)","SH.STA.SMSS.ZS","2019","YR2019","38.6865762514329"
Lesotho,"LSO","People using at least basic sanitation services (% of population)","SH.STA.BASS.ZS","2019","YR2019","41.4091356196007"
Lesotho,"LSO","People practicing open defecation (% of population)","SH.STA.ODFC.ZS","2019","YR2019","20.6538896761652"
Lesotho,"LSO","Prevalence of current tobacco use (% of adults)","SH.PRV.SMOK","2019","YR2019","NA"
Lesotho,"LSO","Prevalence of moderate or severe food insecurity in the population (%)","SN.ITK.MSFI.ZS","2019","YR2019","50.6"
Lesotho,"LSO","Proportion of population facing financial hardship due to out-of-pocket health expenditure (%)","SH_UHC_FH40","2019","YR2019","NA"
Lesotho,"LSO","Proportion of population facing large (but non-impoverishing) out-of-pocket health expenditure (%)","SH_UHC_FH40_LARGE","2019","YR2019","NA"
Lesotho,"LSO","Proportion of population pushed into poverty (based on the societal poverty line) due to out-of-pocket health expenditure (%)","SH_UHC_FH40_PUSHED","2019","YR2019","NA"
Lesotho,"LSO","Risk of catastrophic expenditure for surgical care (% of people at risk)","SH.SGR.CRSK.ZS","2019","YR2019","21.8"
Lesotho,"LSO","Suicide mortality rate (per 100,000 population)","SH.STA.SUIC.P5","2019","YR2019","28.77"
Lesotho,"LSO","Total alcohol consumption per capita (liters of pure alcohol, projected estimates, 15+ years of age)","SH.ALC.PCAP.LI","2019","YR2019","4.54"
Lesotho,"LSO","Birth rate, crude (per 1,000 people)","SP.DYN.CBRT.IN","2019","YR2019","26.44"
Lesotho,"LSO","Cause of death, by communicable diseases and maternal, prenatal and nutrition conditions (% of total)","SH.DTH.COMM.ZS","2019","YR2019","52.1246834059576"
Lesotho,"LSO","Cause of death, by non-communicable diseases (% of total)","SH.DTH.NCOM.ZS","2019","YR2019","37.9228635463673"
Lesotho,"LSO","Current health expenditure per capita (current US$)","SH.XPD.CHEX.PC.CD","2019","YR2019","235.94372559"
Lesotho,"LSO","Death rate, crude (per 1,000 people)","SP.DYN.CDRT.IN","2019","YR2019","11.83"
Lesotho,"LSO","Domestic general government health expenditure (% of GDP)","SH.XPD.GHED.GD.ZS","2019","YR2019","6.75437784"
Lesotho,"LSO","Domestic general government health expenditure per capita (current US$)","SH.XPD.GHED.PC.CD","2019","YR2019","72.69077603"
Lesotho,"LSO","Domestic private health expenditure (% of current health expenditure)","SH.XPD.PVTD.CH.ZS","2019","YR2019","7.29349661"
Lesotho,"LSO","Domestic private health expenditure per capita, PPP (current international $)","SH.XPD.PVTD.PP.CD","2019","YR2019","40.8457361105415"
Lesotho,"LSO","External health expenditure (% of current health expenditure)","SH.XPD.EHEX.CH.ZS","2019","YR2019","61.89797592"
Lesotho,"LSO","Incidence of tuberculosis (per 100,000 people)","SH.TBS.INCD","2019","YR2019","654"
Lesotho,"LSO","Incidence of HIV, all (per 1,000 uninfected population)","SH.HIV.INCD.TL.P3","2019","YR2019","4.2"
Lesotho,"LSO","Mortality rate attributed to household and ambient air pollution, age-standardized, female (per 100,000 female population)","SH.STA.AIRP.FE.P5","2019","YR2019","242.2"
Lesotho,"LSO","Mortality rate attributed to unintentional poisoning (per 100,000 population)","SH.STA.POIS.P5","2019","YR2019","3.53"
Lesotho,"LSO","Mortality rate, infant (per 1,000 live births)","SP.DYN.IMRT.IN","2019","YR2019","63.5"
Lesotho,"LSO","Mortality rate, under-5 (per 1,000 live births)","SH.DYN.MORT","2019","YR2019","68.1"
Lesotho,"LSO","Out-of-pocket expenditure (% of current health expenditure)","SH.XPD.OOPC.CH.ZS","2019","YR2019","7.29349852"
Lesotho,"LSO","People using at least basic drinking water services (% of population)","SH.H2O.BASW.ZS","2019","YR2019","75.1376932253322"
Lesotho,"LSO","People with basic handwashing facilities including soap and water (% of population)","SH.STA.HYGN.ZS","2019","YR2019","11.2258676941838"
Lesotho,"LSO","Population growth (annual %)","SP.POP.GROW","2019","YR2019","1.17469837087993"
Lesotho,"LSO","Prevalence of severe food insecurity in the population (%)","SN.ITK.SVFI.ZS","2019","YR2019","26.8"
Lesotho,"LSO","Prevalence of undernourishment (% of population)","SN.ITK.DEFC.ZS","2019","YR2019","NA"
Lesotho,"LSO","Proportion of population facing impoverishing out-of-pocket health expenditure, based on the societal poverty line (%)","SH_UHC_FH40_IMPOV","2019","YR2019","NA"
Lesotho,"LSO","Proportion of population further impoverished due to out-of-pocket health expenditure, based on the societal poverty line (%)","SH_UHC_FH40_FURTHER","2019","YR2019","NA"
Lesotho,"LSO","Risk of impoverishing expenditure for surgical care (% of people at risk)","SH.SGR.IRSK.ZS","2019","YR2019","52.4"
Lesotho,"LSO","UHC service coverage index","SH_UHC_SCI","2019","YR2019","53"
Lesotho,"LSO","Wanted fertility rate (births per woman)","SP.DYN.WFRT","2019","YR2019","NA"
Lesotho,"LSO","Access to electricity (% of population)","EG.ELC.ACCS.ZS","2019","YR2019","44.6"
Lesotho,"LSO","Bird species, threatened","EN.BIR.THRD.NO","2019","YR2019","NA"
Lesotho,"LSO","Fish species, threatened","EN.FSH.THRD.NO","2019","YR2019","NA"
Lesotho,"LSO","Adjusted savings: particulate emission damage (% of GNI)","NY.ADJ.DPEM.GN.ZS","2019","YR2019","1.51784486038645"
Lesotho,"LSO","Adjusted net savings, excluding particulate emission damage (% of GNI)","NY.ADJ.SVNX.GN.ZS","2019","YR2019","4.87037167856145"
Lesotho,"LSO","Adjusted net savings, including particulate emission damage (% of GNI)","NY.ADJ.SVNG.GN.ZS","2019","YR2019","3.352526818175"
Lesotho,"LSO","Adjusted savings: carbon dioxide damage (% of GNI)","NY.ADJ.DCO2.GN.ZS","2019","YR2019","1.1309527567021"
Liberia,"LBR","Disaster risk reduction progress score (1-5 scale; 5=best)","EN.CLC.DRSK.XQ","2019","YR2019","NA"
Liberia,"LBR","Food production index (2014-2016 = 100)","AG.PRD.FOOD.XD","2019","YR2019","97.46"
Liberia,"LBR","Plant species (higher), threatened","EN.HPT.THRD.NO","2019","YR2019","NA"
Liberia,"LBR","Mammal species, threatened","EN.MAM.THRD.NO","2019","YR2019","NA"
Liberia,"LBR","PM2.5 air pollution, population exposed to levels exceeding WHO guideline value (% of total)","EN.ATM.PM25.MC.ZS","2019","YR2019","NA"
Liberia,"LBR","PM2.5 pollution, population exposed to levels exceeding WHO Interim Target-2 value (% of total)","EN.ATM.PM25.MC.T2.ZS","2019","YR2019","NA"
Liberia,"LBR","Population density (people per sq. km of land area)","EN.POP.DNST","2019","YR2019","52.3642130398671"
Liberia,"LBR","Population living in slums (% of urban population)","EN.POP.SLUM.UR.ZS","2019","YR2019","NA"
Liberia,"LBR","People using safely managed sanitation services (% of population)","SH.STA.SMSS.ZS","2019","YR2019","NA"
Liberia,"LBR","People using at least basic sanitation services (% of population)","SH.STA.BASS.ZS","2019","YR2019","20.5305258325317"
Liberia,"LBR","People practicing open defecation (% of population)","SH.STA.ODFC.ZS","2019","YR2019","38.339474402078"
Liberia,"LBR","Prevalence of current tobacco use (% of adults)","SH.PRV.SMOK","2019","YR2019","NA"
Liberia,"LBR","Prevalence of moderate or severe food insecurity in the population (%)","SN.ITK.MSFI.ZS","2019","YR2019","80.6"
Liberia,"LBR","Proportion of population facing financial hardship due to out-of-pocket health expenditure (%)","SH_UHC_FH40","2019","YR2019","NA"
Liberia,"LBR","Proportion of population facing large (but non-impoverishing) out-of-pocket health expenditure (%)","SH_UHC_FH40_LARGE","2019","YR2019","NA"
Liberia,"LBR","Proportion of population pushed into poverty (based on the societal poverty line) due to out-of-pocket health expenditure (%)","SH_UHC_FH40_PUSHED","2019","YR2019","NA"
Liberia,"LBR","Risk of catastrophic expenditure for surgical care (% of people at risk)","SH.SGR.CRSK.ZS","2019","YR2019","NA"
Liberia,"LBR","Suicide mortality rate (per 100,000 population)","SH.STA.SUIC.P5","2019","YR2019","5.87"
Liberia,"LBR","Total alcohol consumption per capita (liters of pure alcohol, projected estimates, 15+ years of age)","SH.ALC.PCAP.LI","2019","YR2019","3.64"
Liberia,"LBR","Birth rate, crude (per 1,000 people)","SP.DYN.CBRT.IN","2019","YR2019","32.431"
Liberia,"LBR","Cause of death, by communicable diseases and maternal, prenatal and nutrition conditions (% of total)","SH.DTH.COMM.ZS","2019","YR2019","55.8149744959511"
Liberia,"LBR","Cause of death, by non-communicable diseases (% of total)","SH.DTH.NCOM.ZS","2019","YR2019","35.5403990220111"
Liberia,"LBR","Current health expenditure per capita (current US$)","SH.XPD.CHEX.PC.CD","2019","YR2019","51.1932373"
Liberia,"LBR","Death rate, crude (per 1,000 people)","SP.DYN.CDRT.IN","2019","YR2019","8.513"
Liberia,"LBR","Domestic general government health expenditure (% of GDP)","SH.XPD.GHED.GD.ZS","2019","YR2019","1.3562839"
Liberia,"LBR","Domestic general government health expenditure per capita (current US$)","SH.XPD.GHED.PC.CD","2019","YR2019","8.28228745"
Liberia,"LBR","Domestic private health expenditure (% of current health expenditure)","SH.XPD.PVTD.CH.ZS","2019","YR2019","59.15144348"
Liberia,"LBR","Domestic private health expenditure per capita, PPP (current international $)","SH.XPD.PVTD.PP.CD","2019","YR2019","87.518899087"
Liberia,"LBR","External health expenditure (% of current health expenditure)","SH.XPD.EHEX.CH.ZS","2019","YR2019","24.67007256"
Liberia,"LBR","Incidence of tuberculosis (per 100,000 people)","SH.TBS.INCD","2019","YR2019","249"
Liberia,"LBR","Incidence of HIV, all (per 1,000 uninfected population)","SH.HIV.INCD.TL.P3","2019","YR2019","NA"
Liberia,"LBR","Mortality rate attributed to household and ambient air pollution, age-standardized, female (per 100,000 female population)","SH.STA.AIRP.FE.P5","2019","YR2019","157.7"
Liberia,"LBR","Mortality rate attributed to unintentional poisoning (per 100,000 population)","SH.STA.POIS.P5","2019","YR2019","1"
Liberia,"LBR","Mortality rate, infant (per 1,000 live births)","SP.DYN.IMRT.IN","2019","YR2019","63.3"
Liberia,"LBR","Mortality rate, under-5 (per 1,000 live births)","SH.DYN.MORT","2019","YR2019","88.7"
Liberia,"LBR","Out-of-pocket expenditure (% of current health expenditure)","SH.XPD.OOPC.CH.ZS","2019","YR2019","54.67374802"
Liberia,"LBR","People using at least basic drinking water services (% of population)","SH.H2O.BASW.ZS","2019","YR2019","75.5183258975949"
Liberia,"LBR","People with basic handwashing facilities including soap and water (% of population)","SH.STA.HYGN.ZS","2019","YR2019","2.64792851175422"
Liberia,"LBR","Population growth (annual %)","SP.POP.GROW","2019","YR2019","1.98225492944197"
Liberia,"LBR","Prevalence of severe food insecurity in the population (%)","SN.ITK.SVFI.ZS","2019","YR2019","37.3"
Liberia,"LBR","Prevalence of undernourishment (% of population)","SN.ITK.DEFC.ZS","2019","YR2019","36.6"
Liberia,"LBR","Proportion of population facing impoverishing out-of-pocket health expenditure, based on the societal poverty line (%)","SH_UHC_FH40_IMPOV","2019","YR2019","NA"
Liberia,"LBR","Proportion of population further impoverished due to out-of-pocket health expenditure, based on the societal poverty line (%)","SH_UHC_FH40_FURTHER","2019","YR2019","NA"
Liberia,"LBR","Risk of impoverishing expenditure for surgical care (% of people at risk)","SH.SGR.IRSK.ZS","2019","YR2019","NA"
Liberia,"LBR","UHC service coverage index","SH_UHC_SCI","2019","YR2019","46"
Liberia,"LBR","Wanted fertility rate (births per woman)","SP.DYN.WFRT","2019","YR2019","NA"
Liberia,"LBR","Access to electricity (% of population)","EG.ELC.ACCS.ZS","2019","YR2019","23.1"
Liberia,"LBR","Bird species, threatened","EN.BIR.THRD.NO","2019","YR2019","NA"
Liberia,"LBR","Fish species, threatened","EN.FSH.THRD.NO","2019","YR2019","NA"
Liberia,"LBR","Adjusted savings: particulate emission damage (% of GNI)","NY.ADJ.DPEM.GN.ZS","2019","YR2019","1.0215458890561"
Liberia,"LBR","Adjusted net savings, excluding particulate emission damage (% of GNI)","NY.ADJ.SVNX.GN.ZS","2019","YR2019","NA"
Liberia,"LBR","Adjusted net savings, including particulate emission damage (% of GNI)","NY.ADJ.SVNG.GN.ZS","2019","YR2019","NA"
Liberia,"LBR","Adjusted savings: carbon dioxide damage (% of GNI)","NY.ADJ.DCO2.GN.ZS","2019","YR2019","1.62244795291026"
Madagascar,"MDG","Disaster risk reduction progress score (1-5 scale; 5=best)","EN.CLC.DRSK.XQ","2019","YR2019","NA"
Madagascar,"MDG","Food production index (2014-2016 = 100)","AG.PRD.FOOD.XD","2019","YR2019","101.6"
Madagascar,"MDG","Plant species (higher), threatened","EN.HPT.THRD.NO","2019","YR2019","NA"
Madagascar,"MDG","Mammal species, threatened","EN.MAM.THRD.NO","2019","YR2019","NA"
Madagascar,"MDG","PM2.5 air pollution, population exposed to levels exceeding WHO guideline value (% of total)","EN.ATM.PM25.MC.ZS","2019","YR2019","NA"
Madagascar,"MDG","PM2.5 pollution, population exposed to levels exceeding WHO Interim Target-2 value (% of total)","EN.ATM.PM25.MC.T2.ZS","2019","YR2019","NA"
Madagascar,"MDG","Population density (people per sq. km of land area)","EN.POP.DNST","2019","YR2019","48.5038741835682"
Madagascar,"MDG","Population living in slums (% of urban population)","EN.POP.SLUM.UR.ZS","2019","YR2019","NA"
Madagascar,"MDG","People using safely managed sanitation services (% of population)","SH.STA.SMSS.ZS","2019","YR2019","11.0459768149593"
Madagascar,"MDG","People using at least basic sanitation services (% of population)","SH.STA.BASS.ZS","2019","YR2019","13.1693375483997"
Madagascar,"MDG","People practicing open defecation (% of population)","SH.STA.ODFC.ZS","2019","YR2019","30.5279180889216"
Madagascar,"MDG","Prevalence of current tobacco use (% of adults)","SH.PRV.SMOK","2019","YR2019","NA"
Madagascar,"MDG","Prevalence of moderate or severe food insecurity in the population (%)","SN.ITK.MSFI.ZS","2019","YR2019","59.6"
Madagascar,"MDG","Proportion of population facing financial hardship due to out-of-pocket health expenditure (%)","SH_UHC_FH40","2019","YR2019","NA"
Madagascar,"MDG","Proportion of population facing large (but non-impoverishing) out-of-pocket health expenditure (%)","SH_UHC_FH40_LARGE","2019","YR2019","NA"
Madagascar,"MDG","Proportion of population pushed into poverty (based on the societal poverty line) due to out-of-pocket health expenditure (%)","SH_UHC_FH40_PUSHED","2019","YR2019","NA"
Madagascar,"MDG","Risk of catastrophic expenditure for surgical care (% of people at risk)","SH.SGR.CRSK.ZS","2019","YR2019","NA"
Madagascar,"MDG","Suicide mortality rate (per 100,000 population)","SH.STA.SUIC.P5","2019","YR2019","5.96"
Madagascar,"MDG","Total alcohol consumption per capita (liters of pure alcohol, projected estimates, 15+ years of age)","SH.ALC.PCAP.LI","2019","YR2019","1.02"
Madagascar,"MDG","Birth rate, crude (per 1,000 people)","SP.DYN.CBRT.IN","2019","YR2019","33.594"
Madagascar,"MDG","Cause of death, by communicable diseases and maternal, prenatal and nutrition conditions (% of total)","SH.DTH.COMM.ZS","2019","YR2019","47.798500985169"
Madagascar,"MDG","Cause of death, by non-communicable diseases (% of total)","SH.DTH.NCOM.ZS","2019","YR2019","42.6868387663873"
Madagascar,"MDG","Current health expenditure per capita (current US$)","SH.XPD.CHEX.PC.CD","2019","YR2019","15.50084877"
Madagascar,"MDG","Death rate, crude (per 1,000 people)","SP.DYN.CDRT.IN","2019","YR2019","7.518"
Madagascar,"MDG","Domestic general government health expenditure (% of GDP)","SH.XPD.GHED.GD.ZS","2019","YR2019","0.68268955"
Madagascar,"MDG","Domestic general government health expenditure per capita (current US$)","SH.XPD.GHED.PC.CD","2019","YR2019","3.41221107"
Madagascar,"MDG","Domestic private health expenditure (% of current health expenditure)","SH.XPD.PVTD.CH.ZS","2019","YR2019","39.79958725"
Madagascar,"MDG","Domestic private health expenditure per capita, PPP (current international $)","SH.XPD.PVTD.PP.CD","2019","YR2019","19.9006207848023"
Madagascar,"MDG","External health expenditure (% of current health expenditure)","SH.XPD.EHEX.CH.ZS","2019","YR2019","38.18735504"
Madagascar,"MDG","Incidence of tuberculosis (per 100,000 people)","SH.TBS.INCD","2019","YR2019","214"
Madagascar,"MDG","Incidence of HIV, all (per 1,000 uninfected population)","SH.HIV.INCD.TL.P3","2019","YR2019","0.26"
Madagascar,"MDG","Mortality rate attributed to household and ambient air pollution, age-standardized, female (per 100,000 female population)","SH.STA.AIRP.FE.P5","2019","YR2019","193.3"
Madagascar,"MDG","Mortality rate attributed to unintentional poisoning (per 100,000 population)","SH.STA.POIS.P5","2019","YR2019","1.56"
Madagascar,"MDG","Mortality rate, infant (per 1,000 live births)","SP.DYN.IMRT.IN","2019","YR2019","44.1"
Madagascar,"MDG","Mortality rate, under-5 (per 1,000 live births)","SH.DYN.MORT","2019","YR2019","65"
Madagascar,"MDG","Out-of-pocket expenditure (% of current health expenditure)","SH.XPD.OOPC.CH.ZS","2019","YR2019","34.22468185"
Madagascar,"MDG","People using at least basic drinking water services (% of population)","SH.H2O.BASW.ZS","2019","YR2019","51.4242559942128"
Madagascar,"MDG","People with basic handwashing facilities including soap and water (% of population)","SH.STA.HYGN.ZS","2019","YR2019","23.549332194925"
Madagascar,"MDG","Population growth (annual %)","SP.POP.GROW","2019","YR2019","2.60136633480103"
Madagascar,"MDG","Prevalence of severe food insecurity in the population (%)","SN.ITK.SVFI.ZS","2019","YR2019","9.9"
Madagascar,"MDG","Prevalence of undernourishment (% of population)","SN.ITK.DEFC.ZS","2019","YR2019","38.9"
Madagascar,"MDG","Proportion of population facing impoverishing out-of-pocket health expenditure, based on the societal poverty line (%)","SH_UHC_FH40_IMPOV","2019","YR2019","NA"
Madagascar,"MDG","Proportion of population further impoverished due to out-of-pocket health expenditure, based on the societal poverty line (%)","SH_UHC_FH40_FURTHER","2019","YR2019","NA"
Madagascar,"MDG","Risk of impoverishing expenditure for surgical care (% of people at risk)","SH.SGR.IRSK.ZS","2019","YR2019","NA"
Madagascar,"MDG","UHC service coverage index","SH_UHC_SCI","2019","YR2019","33"
Madagascar,"MDG","Wanted fertility rate (births per woman)","SP.DYN.WFRT","2019","YR2019","NA"
Madagascar,"MDG","Access to electricity (% of population)","EG.ELC.ACCS.ZS","2019","YR2019","31"
Madagascar,"MDG","Bird species, threatened","EN.BIR.THRD.NO","2019","YR2019","NA"
Madagascar,"MDG","Fish species, threatened","EN.FSH.THRD.NO","2019","YR2019","NA"
Madagascar,"MDG","Adjusted savings: particulate emission damage (% of GNI)","NY.ADJ.DPEM.GN.ZS","2019","YR2019","1.1072862316951"
Madagascar,"MDG","Adjusted net savings, excluding particulate emission damage (% of GNI)","NY.ADJ.SVNX.GN.ZS","2019","YR2019","5.85246110051104"
Madagascar,"MDG","Adjusted net savings, including particulate emission damage (% of GNI)","NY.ADJ.SVNG.GN.ZS","2019","YR2019","4.74517486881593"
Madagascar,"MDG","Adjusted savings: carbon dioxide damage (% of GNI)","NY.ADJ.DCO2.GN.ZS","2019","YR2019","1.23424426112569"
Malawi,"MWI","Disaster risk reduction progress score (1-5 scale; 5=best)","EN.CLC.DRSK.XQ","2019","YR2019","NA"
Malawi,"MWI","Food production index (2014-2016 = 100)","AG.PRD.FOOD.XD","2019","YR2019","127.04"
Malawi,"MWI","Plant species (higher), threatened","EN.HPT.THRD.NO","2019","YR2019","NA"
Malawi,"MWI","Mammal species, threatened","EN.MAM.THRD.NO","2019","YR2019","NA"
Malawi,"MWI","PM2.5 air pollution, population exposed to levels exceeding WHO guideline value (% of total)","EN.ATM.PM25.MC.ZS","2019","YR2019","NA"
Malawi,"MWI","PM2.5 pollution, population exposed to levels exceeding WHO Interim Target-2 value (% of total)","EN.ATM.PM25.MC.T2.ZS","2019","YR2019","NA"
Malawi,"MWI","Population density (people per sq. km of land area)","EN.POP.DNST","2019","YR2019","201.800509121765"
Malawi,"MWI","Population living in slums (% of urban population)","EN.POP.SLUM.UR.ZS","2019","YR2019","NA"
Malawi,"MWI","People using safely managed sanitation services (% of population)","SH.STA.SMSS.ZS","2019","YR2019","40.0196644429327"
Malawi,"MWI","People using at least basic sanitation services (% of population)","SH.STA.BASS.ZS","2019","YR2019","42.8038384563156"
Malawi,"MWI","People practicing open defecation (% of population)","SH.STA.ODFC.ZS","2019","YR2019","4.52004321801163"
Malawi,"MWI","Prevalence of current tobacco use (% of adults)","SH.PRV.SMOK","2019","YR2019","NA"
Malawi,"MWI","Prevalence of moderate or severe food insecurity in the population (%)","SN.ITK.MSFI.ZS","2019","YR2019","79.9"
Malawi,"MWI","Proportion of population facing financial hardship due to out-of-pocket health expenditure (%)","SH_UHC_FH40","2019","YR2019","43.02"
Malawi,"MWI","Proportion of population facing large (but non-impoverishing) out-of-pocket health expenditure (%)","SH_UHC_FH40_LARGE","2019","YR2019","1.05"
Malawi,"MWI","Proportion of population pushed into poverty (based on the societal poverty line) due to out-of-pocket health expenditure (%)","SH_UHC_FH40_PUSHED","2019","YR2019","0.87"
Malawi,"MWI","Risk of catastrophic expenditure for surgical care (% of people at risk)","SH.SGR.CRSK.ZS","2019","YR2019","NA"
Malawi,"MWI","Suicide mortality rate (per 100,000 population)","SH.STA.SUIC.P5","2019","YR2019","7.27"
Malawi,"MWI","Total alcohol consumption per capita (liters of pure alcohol, projected estimates, 15+ years of age)","SH.ALC.PCAP.LI","2019","YR2019","3.24"
Malawi,"MWI","Birth rate, crude (per 1,000 people)","SP.DYN.CBRT.IN","2019","YR2019","32.902"
Malawi,"MWI","Cause of death, by communicable diseases and maternal, prenatal and nutrition conditions (% of total)","SH.DTH.COMM.ZS","2019","YR2019","49.012711304658"
Malawi,"MWI","Cause of death, by non-communicable diseases (% of total)","SH.DTH.NCOM.ZS","2019","YR2019","43.2046256018441"
Malawi,"MWI","Current health expenditure per capita (current US$)","SH.XPD.CHEX.PC.CD","2019","YR2019","36.91519165"
Malawi,"MWI","Death rate, crude (per 1,000 people)","SP.DYN.CDRT.IN","2019","YR2019","6.301"
Malawi,"MWI","Domestic general government health expenditure (% of GDP)","SH.XPD.GHED.GD.ZS","2019","YR2019","1.53329957"
Malawi,"MWI","Domestic general government health expenditure per capita (current US$)","SH.XPD.GHED.PC.CD","2019","YR2019","8.8854186"
Malawi,"MWI","Domestic private health expenditure (% of current health expenditure)","SH.XPD.PVTD.CH.ZS","2019","YR2019","21.41698456"
Malawi,"MWI","Domestic private health expenditure per capita, PPP (current international $)","SH.XPD.PVTD.PP.CD","2019","YR2019","19.7351854626368"
Malawi,"MWI","External health expenditure (% of current health expenditure)","SH.XPD.EHEX.CH.ZS","2019","YR2019","54.51319885"
Malawi,"MWI","Incidence of tuberculosis (per 100,000 people)","SH.TBS.INCD","2019","YR2019","146"
Malawi,"MWI","Incidence of HIV, all (per 1,000 uninfected population)","SH.HIV.INCD.TL.P3","2019","YR2019","1.2"
Malawi,"MWI","Mortality rate attributed to household and ambient air pollution, age-standardized, female (per 100,000 female population)","SH.STA.AIRP.FE.P5","2019","YR2019","112.9"
Malawi,"MWI","Mortality rate attributed to unintentional poisoning (per 100,000 population)","SH.STA.POIS.P5","2019","YR2019","1.16"
Malawi,"MWI","Mortality rate, infant (per 1,000 live births)","SP.DYN.IMRT.IN","2019","YR2019","38.3"
Malawi,"MWI","Mortality rate, under-5 (per 1,000 live births)","SH.DYN.MORT","2019","YR2019","51.3"
Malawi,"MWI","Out-of-pocket expenditure (% of current health expenditure)","SH.XPD.OOPC.CH.ZS","2019","YR2019","11.85419559"
Malawi,"MWI","People using at least basic drinking water services (% of population)","SH.H2O.BASW.ZS","2019","YR2019","69.0907681697374"
Malawi,"MWI","People with basic handwashing facilities including soap and water (% of population)","SH.STA.HYGN.ZS","2019","YR2019","15.2954172159661"
Malawi,"MWI","Population growth (annual %)","SP.POP.GROW","2019","YR2019","2.65059567621331"
Malawi,"MWI","Prevalence of severe food insecurity in the population (%)","SN.ITK.SVFI.ZS","2019","YR2019","49.5"
Malawi,"MWI","Prevalence of undernourishment (% of population)","SN.ITK.DEFC.ZS","2019","YR2019","19.3"
Malawi,"MWI","Proportion of population facing impoverishing out-of-pocket health expenditure, based on the societal poverty line (%)","SH_UHC_FH40_IMPOV","2019","YR2019","41.97"
Malawi,"MWI","Proportion of population further impoverished due to out-of-pocket health expenditure, based on the societal poverty line (%)","SH_UHC_FH40_FURTHER","2019","YR2019","41.11"
Malawi,"MWI","Risk of impoverishing expenditure for surgical care (% of people at risk)","SH.SGR.IRSK.ZS","2019","YR2019","NA"
Malawi,"MWI","UHC service coverage index","SH_UHC_SCI","2019","YR2019","55"
Malawi,"MWI","Wanted fertility rate (births per woman)","SP.DYN.WFRT","2019","YR2019","NA"
Malawi,"MWI","Access to electricity (% of population)","EG.ELC.ACCS.ZS","2019","YR2019","11.2"
Malawi,"MWI","Bird species, threatened","EN.BIR.THRD.NO","2019","YR2019","NA"
Malawi,"MWI","Fish species, threatened","EN.FSH.THRD.NO","2019","YR2019","NA"
Malawi,"MWI","Adjusted savings: particulate emission damage (% of GNI)","NY.ADJ.DPEM.GN.ZS","2019","YR2019","1.1711379911371"
Malawi,"MWI","Adjusted net savings, excluding particulate emission damage (% of GNI)","NY.ADJ.SVNX.GN.ZS","2019","YR2019","NA"
Malawi,"MWI","Adjusted net savings, including particulate emission damage (% of GNI)","NY.ADJ.SVNG.GN.ZS","2019","YR2019","NA"
Malawi,"MWI","Adjusted savings: carbon dioxide damage (% of GNI)","NY.ADJ.DCO2.GN.ZS","2019","YR2019","0.545393527492784"
Mali,"MLI","Disaster risk reduction progress score (1-5 scale; 5=best)","EN.CLC.DRSK.XQ","2019","YR2019","NA"
Mali,"MLI","Food production index (2014-2016 = 100)","AG.PRD.FOOD.XD","2019","YR2019","127.62"
Mali,"MLI","Plant species (higher), threatened","EN.HPT.THRD.NO","2019","YR2019","NA"
Mali,"MLI","Mammal species, threatened","EN.MAM.THRD.NO","2019","YR2019","NA"
Mali,"MLI","PM2.5 air pollution, population exposed to levels exceeding WHO guideline value (% of total)","EN.ATM.PM25.MC.ZS","2019","YR2019","NA"
Mali,"MLI","PM2.5 pollution, population exposed to levels exceeding WHO Interim Target-2 value (% of total)","EN.ATM.PM25.MC.T2.ZS","2019","YR2019","NA"
Mali,"MLI","Population density (people per sq. km of land area)","EN.POP.DNST","2019","YR2019","17.2664953818668"
Mali,"MLI","Population living in slums (% of urban population)","EN.POP.SLUM.UR.ZS","2019","YR2019","NA"
Mali,"MLI","People using safely managed sanitation services (% of population)","SH.STA.SMSS.ZS","2019","YR2019","17.7274520372847"
Mali,"MLI","People using at least basic sanitation services (% of population)","SH.STA.BASS.ZS","2019","YR2019","41.2415636688459"
Mali,"MLI","People practicing open defecation (% of population)","SH.STA.ODFC.ZS","2019","YR2019","6.53623834012747"
Mali,"MLI","Prevalence of current tobacco use (% of adults)","SH.PRV.SMOK","2019","YR2019","NA"
Mali,"MLI","Prevalence of moderate or severe food insecurity in the population (%)","SN.ITK.MSFI.ZS","2019","YR2019","23.9"
Mali,"MLI","Proportion of population facing financial hardship due to out-of-pocket health expenditure (%)","SH_UHC_FH40","2019","YR2019","45.37"
Mali,"MLI","Proportion of population facing large (but non-impoverishing) out-of-pocket health expenditure (%)","SH_UHC_FH40_LARGE","2019","YR2019","2.56"
Mali,"MLI","Proportion of population pushed into poverty (based on the societal poverty line) due to out-of-pocket health expenditure (%)","SH_UHC_FH40_PUSHED","2019","YR2019","1.93"
Mali,"MLI","Risk of catastrophic expenditure for surgical care (% of people at risk)","SH.SGR.CRSK.ZS","2019","YR2019","NA"
Mali,"MLI","Suicide mortality rate (per 100,000 population)","SH.STA.SUIC.P5","2019","YR2019","4.03"
Mali,"MLI","Total alcohol consumption per capita (liters of pure alcohol, projected estimates, 15+ years of age)","SH.ALC.PCAP.LI","2019","YR2019","4.35"
Mali,"MLI","Birth rate, crude (per 1,000 people)","SP.DYN.CBRT.IN","2019","YR2019","41.139"
Mali,"MLI","Cause of death, by communicable diseases and maternal, prenatal and nutrition conditions (% of total)","SH.DTH.COMM.ZS","2019","YR2019","60.7864669409744"
Mali,"MLI","Cause of death, by non-communicable diseases (% of total)","SH.DTH.NCOM.ZS","2019","YR2019","29.9797395634447"
Mali,"MLI","Current health expenditure per capita (current US$)","SH.XPD.CHEX.PC.CD","2019","YR2019","31.4089489"
Mali,"MLI","Death rate, crude (per 1,000 people)","SP.DYN.CDRT.IN","2019","YR2019","9.475"
Mali,"MLI","Domestic general government health expenditure (% of GDP)","SH.XPD.GHED.GD.ZS","2019","YR2019","1.1192745"
Mali,"MLI","Domestic general government health expenditure per capita (current US$)","SH.XPD.GHED.PC.CD","2019","YR2019","9.18026044"
Mali,"MLI","Domestic private health expenditure (% of current health expenditure)","SH.XPD.PVTD.CH.ZS","2019","YR2019","54.79129791"
Mali,"MLI","Domestic private health expenditure per capita, PPP (current international $)","SH.XPD.PVTD.PP.CD","2019","YR2019","49.9286535106894"
Mali,"MLI","External health expenditure (% of current health expenditure)","SH.XPD.EHEX.CH.ZS","2019","YR2019","15.98053455"
Mali,"MLI","Incidence of tuberculosis (per 100,000 people)","SH.TBS.INCD","2019","YR2019","57"
Mali,"MLI","Incidence of HIV, all (per 1,000 uninfected population)","SH.HIV.INCD.TL.P3","2019","YR2019","0.29"
Mali,"MLI","Mortality rate attributed to household and ambient air pollution, age-standardized, female (per 100,000 female population)","SH.STA.AIRP.FE.P5","2019","YR2019","165.9"
Mali,"MLI","Mortality rate attributed to unintentional poisoning (per 100,000 population)","SH.STA.POIS.P5","2019","YR2019","1.24"
Mali,"MLI","Mortality rate, infant (per 1,000 live births)","SP.DYN.IMRT.IN","2019","YR2019","57.6"
Mali,"MLI","Mortality rate, under-5 (per 1,000 live births)","SH.DYN.MORT","2019","YR2019","91.9"
Mali,"MLI","Out-of-pocket expenditure (% of current health expenditure)","SH.XPD.OOPC.CH.ZS","2019","YR2019","31.07923317"
Mali,"MLI","People using at least basic drinking water services (% of population)","SH.H2O.BASW.ZS","2019","YR2019","79.3875776496975"
Mali,"MLI","People with basic handwashing facilities including soap and water (% of population)","SH.STA.HYGN.ZS","2019","YR2019","16.8865963653517"
Mali,"MLI","Population growth (annual %)","SP.POP.GROW","2019","YR2019","3.01814494306617"
Mali,"MLI","Prevalence of severe food insecurity in the population (%)","SN.ITK.SVFI.ZS","2019","YR2019","3"
Mali,"MLI","Prevalence of undernourishment (% of population)","SN.ITK.DEFC.ZS","2019","YR2019","4.8"
Mali,"MLI","Proportion of population facing impoverishing out-of-pocket health expenditure, based on the societal poverty line (%)","SH_UHC_FH40_IMPOV","2019","YR2019","42.81"
Mali,"MLI","Proportion of population further impoverished due to out-of-pocket health expenditure, based on the societal poverty line (%)","SH_UHC_FH40_FURTHER","2019","YR2019","40.88"
Mali,"MLI","Risk of impoverishing expenditure for surgical care (% of people at risk)","SH.SGR.IRSK.ZS","2019","YR2019","NA"
Mali,"MLI","UHC service coverage index","SH_UHC_SCI","2019","YR2019","42"
Mali,"MLI","Wanted fertility rate (births per woman)","SP.DYN.WFRT","2019","YR2019","NA"
Mali,"MLI","Access to electricity (% of population)","EG.ELC.ACCS.ZS","2019","YR2019","47.9"
Mali,"MLI","Bird species, threatened","EN.BIR.THRD.NO","2019","YR2019","NA"
Mali,"MLI","Fish species, threatened","EN.FSH.THRD.NO","2019","YR2019","NA"
Mali,"MLI","Adjusted savings: particulate emission damage (% of GNI)","NY.ADJ.DPEM.GN.ZS","2019","YR2019","2.40455561325669"
Mali,"MLI","Adjusted net savings, excluding particulate emission damage (% of GNI)","NY.ADJ.SVNX.GN.ZS","2019","YR2019","6.7213363551941"
Mali,"MLI","Adjusted net savings, including particulate emission damage (% of GNI)","NY.ADJ.SVNG.GN.ZS","2019","YR2019","4.31678074193741"
Mali,"MLI","Adjusted savings: carbon dioxide damage (% of GNI)","NY.ADJ.DCO2.GN.ZS","2019","YR2019","1.43348727300386"
Mauritania,"MRT","Disaster risk reduction progress score (1-5 scale; 5=best)","EN.CLC.DRSK.XQ","2019","YR2019","NA"
Mauritania,"MRT","Food production index (2014-2016 = 100)","AG.PRD.FOOD.XD","2019","YR2019","105.07"
Mauritania,"MRT","Plant species (higher), threatened","EN.HPT.THRD.NO","2019","YR2019","NA"
Mauritania,"MRT","Mammal species, threatened","EN.MAM.THRD.NO","2019","YR2019","NA"
Mauritania,"MRT","PM2.5 air pollution, population exposed to levels exceeding WHO guideline value (% of total)","EN.ATM.PM25.MC.ZS","2019","YR2019","NA"
Mauritania,"MRT","PM2.5 pollution, population exposed to levels exceeding WHO Interim Target-2 value (% of total)","EN.ATM.PM25.MC.T2.ZS","2019","YR2019","NA"
Mauritania,"MRT","Population density (people per sq. km of land area)","EN.POP.DNST","2019","YR2019","4.33463471427185"
Mauritania,"MRT","Population living in slums (% of urban population)","EN.POP.SLUM.UR.ZS","2019","YR2019","NA"
Mauritania,"MRT","People using safely managed sanitation services (% of population)","SH.STA.SMSS.ZS","2019","YR2019","NA"
Mauritania,"MRT","People using at least basic sanitation services (% of population)","SH.STA.BASS.ZS","2019","YR2019","49.7339098436372"
Mauritania,"MRT","People practicing open defecation (% of population)","SH.STA.ODFC.ZS","2019","YR2019","24.0961762753848"
Mauritania,"MRT","Prevalence of current tobacco use (% of adults)","SH.PRV.SMOK","2019","YR2019","NA"
Mauritania,"MRT","Prevalence of moderate or severe food insecurity in the population (%)","SN.ITK.MSFI.ZS","2019","YR2019","41.2"
Mauritania,"MRT","Proportion of population facing financial hardship due to out-of-pocket health expenditure (%)","SH_UHC_FH40","2019","YR2019","NA"
Mauritania,"MRT","Proportion of population facing large (but non-impoverishing) out-of-pocket health expenditure (%)","SH_UHC_FH40_LARGE","2019","YR2019","NA"
Mauritania,"MRT","Proportion of population pushed into poverty (based on the societal poverty line) due to out-of-pocket health expenditure (%)","SH_UHC_FH40_PUSHED","2019","YR2019","NA"
Mauritania,"MRT","Risk of catastrophic expenditure for surgical care (% of people at risk)","SH.SGR.CRSK.ZS","2019","YR2019","46.6"
Mauritania,"MRT","Suicide mortality rate (per 100,000 population)","SH.STA.SUIC.P5","2019","YR2019","2.75"
Mauritania,"MRT","Total alcohol consumption per capita (liters of pure alcohol, projected estimates, 15+ years of age)","SH.ALC.PCAP.LI","2019","YR2019","0"
Mauritania,"MRT","Birth rate, crude (per 1,000 people)","SP.DYN.CBRT.IN","2019","YR2019","36.211"
Mauritania,"MRT","Cause of death, by communicable diseases and maternal, prenatal and nutrition conditions (% of total)","SH.DTH.COMM.ZS","2019","YR2019","44.2199742587814"
Mauritania,"MRT","Cause of death, by non-communicable diseases (% of total)","SH.DTH.NCOM.ZS","2019","YR2019","46.4886228209924"
Mauritania,"MRT","Current health expenditure per capita (current US$)","SH.XPD.CHEX.PC.CD","2019","YR2019","54.63365555"
Mauritania,"MRT","Death rate, crude (per 1,000 people)","SP.DYN.CDRT.IN","2019","YR2019","6.115"
Mauritania,"MRT","Domestic general government health expenditure (% of GDP)","SH.XPD.GHED.GD.ZS","2019","YR2019","1.10124004"
Mauritania,"MRT","Domestic general government health expenditure per capita (current US$)","SH.XPD.GHED.PC.CD","2019","YR2019","19.45967919"
Mauritania,"MRT","Domestic private health expenditure (% of current health expenditure)","SH.XPD.PVTD.CH.ZS","2019","YR2019","61.20621109"
Mauritania,"MRT","Domestic private health expenditure per capita, PPP (current international $)","SH.XPD.PVTD.PP.CD","2019","YR2019","106.163316567546"
Mauritania,"MRT","External health expenditure (% of current health expenditure)","SH.XPD.EHEX.CH.ZS","2019","YR2019","3.17530179"
Mauritania,"MRT","Incidence of tuberculosis (per 100,000 people)","SH.TBS.INCD","2019","YR2019","89"
Mauritania,"MRT","Incidence of HIV, all (per 1,000 uninfected population)","SH.HIV.INCD.TL.P3","2019","YR2019","0.1"
Mauritania,"MRT","Mortality rate attributed to household and ambient air pollution, age-standardized, female (per 100,000 female population)","SH.STA.AIRP.FE.P5","2019","YR2019","133.1"
Mauritania,"MRT","Mortality rate attributed to unintentional poisoning (per 100,000 population)","SH.STA.POIS.P5","2019","YR2019","0.53"
Mauritania,"MRT","Mortality rate, infant (per 1,000 live births)","SP.DYN.IMRT.IN","2019","YR2019","34.9"
Mauritania,"MRT","Mortality rate, under-5 (per 1,000 live births)","SH.DYN.MORT","2019","YR2019","43.4"
Mauritania,"MRT","Out-of-pocket expenditure (% of current health expenditure)","SH.XPD.OOPC.CH.ZS","2019","YR2019","60.29301453"
Mauritania,"MRT","People using at least basic drinking water services (% of population)","SH.H2O.BASW.ZS","2019","YR2019","70.1831740304399"
Mauritania,"MRT","People with basic handwashing facilities including soap and water (% of population)","SH.STA.HYGN.ZS","2019","YR2019","45.9132684347943"
Mauritania,"MRT","Population growth (annual %)","SP.POP.GROW","2019","YR2019","2.95347297852629"
Mauritania,"MRT","Prevalence of severe food insecurity in the population (%)","SN.ITK.SVFI.ZS","2019","YR2019","6.6"
Mauritania,"MRT","Prevalence of undernourishment (% of population)","SN.ITK.DEFC.ZS","2019","YR2019","6.6"
Mauritania,"MRT","Proportion of population facing impoverishing out-of-pocket health expenditure, based on the societal poverty line (%)","SH_UHC_FH40_IMPOV","2019","YR2019","NA"
Mauritania,"MRT","Proportion of population further impoverished due to out-of-pocket health expenditure, based on the societal poverty line (%)","SH_UHC_FH40_FURTHER","2019","YR2019","NA"
Mauritania,"MRT","Risk of impoverishing expenditure for surgical care (% of people at risk)","SH.SGR.IRSK.ZS","2019","YR2019","54"
Mauritania,"MRT","UHC service coverage index","SH_UHC_SCI","2019","YR2019","38"
Mauritania,"MRT","Wanted fertility rate (births per woman)","SP.DYN.WFRT","2019","YR2019","NA"
Mauritania,"MRT","Access to electricity (% of population)","EG.ELC.ACCS.ZS","2019","YR2019","44.9"
Mauritania,"MRT","Bird species, threatened","EN.BIR.THRD.NO","2019","YR2019","NA"
Mauritania,"MRT","Fish species, threatened","EN.FSH.THRD.NO","2019","YR2019","NA"
Mauritania,"MRT","Adjusted savings: particulate emission damage (% of GNI)","NY.ADJ.DPEM.GN.ZS","2019","YR2019","0.95905077910409"
Mauritania,"MRT","Adjusted net savings, excluding particulate emission damage (% of GNI)","NY.ADJ.SVNX.GN.ZS","2019","YR2019","29.5777596307298"
Mauritania,"MRT","Adjusted net savings, including particulate emission damage (% of GNI)","NY.ADJ.SVNG.GN.ZS","2019","YR2019","28.6187088516257"
Mauritania,"MRT","Adjusted savings: carbon dioxide damage (% of GNI)","NY.ADJ.DCO2.GN.ZS","2019","YR2019","2.0210637027056"
Mauritius,"MUS","Disaster risk reduction progress score (1-5 scale; 5=best)","EN.CLC.DRSK.XQ","2019","YR2019","NA"
Mauritius,"MUS","Food production index (2014-2016 = 100)","AG.PRD.FOOD.XD","2019","YR2019","94.99"
Mauritius,"MUS","Plant species (higher), threatened","EN.HPT.THRD.NO","2019","YR2019","NA"
Mauritius,"MUS","Mammal species, threatened","EN.MAM.THRD.NO","2019","YR2019","NA"
Mauritius,"MUS","PM2.5 air pollution, population exposed to levels exceeding WHO guideline value (% of total)","EN.ATM.PM25.MC.ZS","2019","YR2019","NA"
Mauritius,"MUS","PM2.5 pollution, population exposed to levels exceeding WHO Interim Target-2 value (% of total)","EN.ATM.PM25.MC.T2.ZS","2019","YR2019","NA"
Mauritius,"MUS","Population density (people per sq. km of land area)","EN.POP.DNST","2019","YR2019","633.943415122684"
Mauritius,"MUS","Population living in slums (% of urban population)","EN.POP.SLUM.UR.ZS","2019","YR2019","NA"
Mauritius,"MUS","People using safely managed sanitation services (% of population)","SH.STA.SMSS.ZS","2019","YR2019","NA"
Mauritius,"MUS","People using at least basic sanitation services (% of population)","SH.STA.BASS.ZS","2019","YR2019","95.9523952887646"
Mauritius,"MUS","People practicing open defecation (% of population)","SH.STA.ODFC.ZS","2019","YR2019","0.213764199996155"
Mauritius,"MUS","Prevalence of current tobacco use (% of adults)","SH.PRV.SMOK","2019","YR2019","NA"
Mauritius,"MUS","Prevalence of moderate or severe food insecurity in the population (%)","SN.ITK.MSFI.ZS","2019","YR2019","24.2"
Mauritius,"MUS","Proportion of population facing financial hardship due to out-of-pocket health expenditure (%)","SH_UHC_FH40","2019","YR2019","NA"
Mauritius,"MUS","Proportion of population facing large (but non-impoverishing) out-of-pocket health expenditure (%)","SH_UHC_FH40_LARGE","2019","YR2019","NA"
Mauritius,"MUS","Proportion of population pushed into poverty (based on the societal poverty line) due to out-of-pocket health expenditure (%)","SH_UHC_FH40_PUSHED","2019","YR2019","NA"
Mauritius,"MUS","Risk of catastrophic expenditure for surgical care (% of people at risk)","SH.SGR.CRSK.ZS","2019","YR2019","7.9"
Mauritius,"MUS","Suicide mortality rate (per 100,000 population)","SH.STA.SUIC.P5","2019","YR2019","9.76"
Mauritius,"MUS","Total alcohol consumption per capita (liters of pure alcohol, projected estimates, 15+ years of age)","SH.ALC.PCAP.LI","2019","YR2019","7.52"
Mauritius,"MUS","Birth rate, crude (per 1,000 people)","SP.DYN.CBRT.IN","2019","YR2019","10.2"
Mauritius,"MUS","Cause of death, by communicable diseases and maternal, prenatal and nutrition conditions (% of total)","SH.DTH.COMM.ZS","2019","YR2019","10.449010837504"
Mauritius,"MUS","Cause of death, by non-communicable diseases (% of total)","SH.DTH.NCOM.ZS","2019","YR2019","84.7237063653406"
Mauritius,"MUS","Current health expenditure per capita (current US$)","SH.XPD.CHEX.PC.CD","2019","YR2019","639.18286133"
Mauritius,"MUS","Death rate, crude (per 1,000 people)","SP.DYN.CDRT.IN","2019","YR2019","8.9"
Mauritius,"MUS","Domestic general government health expenditure (% of GDP)","SH.XPD.GHED.GD.ZS","2019","YR2019","2.50442028"
Mauritius,"MUS","Domestic general government health expenditure per capita (current US$)","SH.XPD.GHED.PC.CD","2019","YR2019","281.08156849"
Mauritius,"MUS","Domestic private health expenditure (% of current health expenditure)","SH.XPD.PVTD.CH.ZS","2019","YR2019","55.86817169"
Mauritius,"MUS","Domestic private health expenditure per capita, PPP (current international $)","SH.XPD.PVTD.PP.CD","2019","YR2019","752.423801681839"
Mauritius,"MUS","External health expenditure (% of current health expenditure)","SH.XPD.EHEX.CH.ZS","2019","YR2019","0.156689"
Mauritius,"MUS","Incidence of tuberculosis (per 100,000 people)","SH.TBS.INCD","2019","YR2019","14"
Mauritius,"MUS","Incidence of HIV, all (per 1,000 uninfected population)","SH.HIV.INCD.TL.P3","2019","YR2019","NA"
Mauritius,"MUS","Mortality rate attributed to household and ambient air pollution, age-standardized, female (per 100,000 female population)","SH.STA.AIRP.FE.P5","2019","YR2019","27.1"
Mauritius,"MUS","Mortality rate attributed to unintentional poisoning (per 100,000 population)","SH.STA.POIS.P5","2019","YR2019","0.82"
Mauritius,"MUS","Mortality rate, infant (per 1,000 live births)","SP.DYN.IMRT.IN","2019","YR2019","14"
Mauritius,"MUS","Mortality rate, under-5 (per 1,000 live births)","SH.DYN.MORT","2019","YR2019","15.7"
Mauritius,"MUS","Out-of-pocket expenditure (% of current health expenditure)","SH.XPD.OOPC.CH.ZS","2019","YR2019","47.12637711"
Mauritius,"MUS","People using at least basic drinking water services (% of population)","SH.H2O.BASW.ZS","2019","YR2019","99.8052010577748"
Mauritius,"MUS","People with basic handwashing facilities including soap and water (% of population)","SH.STA.HYGN.ZS","2019","YR2019","NA"
Mauritius,"MUS","Population growth (annual %)","SP.POP.GROW","2019","YR2019","0.0322330642925213"
Mauritius,"MUS","Prevalence of severe food insecurity in the population (%)","SN.ITK.SVFI.ZS","2019","YR2019","8.3"
Mauritius,"MUS","Prevalence of undernourishment (% of population)","SN.ITK.DEFC.ZS","2019","YR2019","7.6"
Mauritius,"MUS","Proportion of population facing impoverishing out-of-pocket health expenditure, based on the societal poverty line (%)","SH_UHC_FH40_IMPOV","2019","YR2019","NA"
Mauritius,"MUS","Proportion of population further impoverished due to out-of-pocket health expenditure, based on the societal poverty line (%)","SH_UHC_FH40_FURTHER","2019","YR2019","NA"
Mauritius,"MUS","Risk of impoverishing expenditure for surgical care (% of people at risk)","SH.SGR.IRSK.ZS","2019","YR2019","3.4"
Mauritius,"MUS","UHC service coverage index","SH_UHC_SCI","2019","YR2019","77"
Mauritius,"MUS","Wanted fertility rate (births per woman)","SP.DYN.WFRT","2019","YR2019","NA"
Mauritius,"MUS","Access to electricity (% of population)","EG.ELC.ACCS.ZS","2019","YR2019","100"
Mauritius,"MUS","Bird species, threatened","EN.BIR.THRD.NO","2019","YR2019","NA"
Mauritius,"MUS","Fish species, threatened","EN.FSH.THRD.NO","2019","YR2019","NA"
Mauritius,"MUS","Adjusted savings: particulate emission damage (% of GNI)","NY.ADJ.DPEM.GN.ZS","2019","YR2019","0.14468379877237"
Mauritius,"MUS","Adjusted net savings, excluding particulate emission damage (% of GNI)","NY.ADJ.SVNX.GN.ZS","2019","YR2019","2.68963788990002"
Mauritius,"MUS","Adjusted net savings, including particulate emission damage (% of GNI)","NY.ADJ.SVNG.GN.ZS","2019","YR2019","2.54495409112765"
Mauritius,"MUS","Adjusted savings: carbon dioxide damage (% of GNI)","NY.ADJ.DCO2.GN.ZS","2019","YR2019","1.15112195776055"
Mozambique,"MOZ","Disaster risk reduction progress score (1-5 scale; 5=best)","EN.CLC.DRSK.XQ","2019","YR2019","NA"
Mozambique,"MOZ","Food production index (2014-2016 = 100)","AG.PRD.FOOD.XD","2019","YR2019","139.27"
Mozambique,"MOZ","Plant species (higher), threatened","EN.HPT.THRD.NO","2019","YR2019","NA"
Mozambique,"MOZ","Mammal species, threatened","EN.MAM.THRD.NO","2019","YR2019","NA"
Mozambique,"MOZ","PM2.5 air pollution, population exposed to levels exceeding WHO guideline value (% of total)","EN.ATM.PM25.MC.ZS","2019","YR2019","NA"
Mozambique,"MOZ","PM2.5 pollution, population exposed to levels exceeding WHO Interim Target-2 value (% of total)","EN.ATM.PM25.MC.T2.ZS","2019","YR2019","NA"
Mozambique,"MOZ","Population density (people per sq. km of land area)","EN.POP.DNST","2019","YR2019","38.0024670006867"
Mozambique,"MOZ","Population living in slums (% of urban population)","EN.POP.SLUM.UR.ZS","2019","YR2019","NA"
Mozambique,"MOZ","People using safely managed sanitation services (% of population)","SH.STA.SMSS.ZS","2019","YR2019","27.9782033206591"
Mozambique,"MOZ","People using at least basic sanitation services (% of population)","SH.STA.BASS.ZS","2019","YR2019","32.0616645064997"
Mozambique,"MOZ","People practicing open defecation (% of population)","SH.STA.ODFC.ZS","2019","YR2019","24.5629459189494"
Mozambique,"MOZ","Prevalence of current tobacco use (% of adults)","SH.PRV.SMOK","2019","YR2019","NA"
Mozambique,"MOZ","Prevalence of moderate or severe food insecurity in the population (%)","SN.ITK.MSFI.ZS","2019","YR2019","NA"
Mozambique,"MOZ","Proportion of population facing financial hardship due to out-of-pocket health expenditure (%)","SH_UHC_FH40","2019","YR2019","29.94"
Mozambique,"MOZ","Proportion of population facing large (but non-impoverishing) out-of-pocket health expenditure (%)","SH_UHC_FH40_LARGE","2019","YR2019","0.58"
Mozambique,"MOZ","Proportion of population pushed into poverty (based on the societal poverty line) due to out-of-pocket health expenditure (%)","SH_UHC_FH40_PUSHED","2019","YR2019","0.62"
Mozambique,"MOZ","Risk of catastrophic expenditure for surgical care (% of people at risk)","SH.SGR.CRSK.ZS","2019","YR2019","NA"
Mozambique,"MOZ","Suicide mortality rate (per 100,000 population)","SH.STA.SUIC.P5","2019","YR2019","11.59"
Mozambique,"MOZ","Total alcohol consumption per capita (liters of pure alcohol, projected estimates, 15+ years of age)","SH.ALC.PCAP.LI","2019","YR2019","2.03"
Mozambique,"MOZ","Birth rate, crude (per 1,000 people)","SP.DYN.CBRT.IN","2019","YR2019","39.117"
Mozambique,"MOZ","Cause of death, by communicable diseases and maternal, prenatal and nutrition conditions (% of total)","SH.DTH.COMM.ZS","2019","YR2019","56.4869035775823"
Mozambique,"MOZ","Cause of death, by non-communicable diseases (% of total)","SH.DTH.NCOM.ZS","2019","YR2019","35.072034031995"
Mozambique,"MOZ","Current health expenditure per capita (current US$)","SH.XPD.CHEX.PC.CD","2019","YR2019","41.01906586"
Mozambique,"MOZ","Death rate, crude (per 1,000 people)","SP.DYN.CDRT.IN","2019","YR2019","8.078"
Mozambique,"MOZ","Domestic general government health expenditure (% of GDP)","SH.XPD.GHED.GD.ZS","2019","YR2019","1.8260498"
Mozambique,"MOZ","Domestic general government health expenditure per capita (current US$)","SH.XPD.GHED.PC.CD","2019","YR2019","9.47888607"
Mozambique,"MOZ","Domestic private health expenditure (% of current health expenditure)","SH.XPD.PVTD.CH.ZS","2019","YR2019","15.58563423"
Mozambique,"MOZ","Domestic private health expenditure per capita, PPP (current international $)","SH.XPD.PVTD.PP.CD","2019","YR2019","17.1042599557425"
Mozambique,"MOZ","External health expenditure (% of current health expenditure)","SH.XPD.EHEX.CH.ZS","2019","YR2019","61.30587387"
Mozambique,"MOZ","Incidence of tuberculosis (per 100,000 people)","SH.TBS.INCD","2019","YR2019","361"
Mozambique,"MOZ","Incidence of HIV, all (per 1,000 uninfected population)","SH.HIV.INCD.TL.P3","2019","YR2019","4.7"
Mozambique,"MOZ","Mortality rate attributed to household and ambient air pollution, age-standardized, female (per 100,000 female population)","SH.STA.AIRP.FE.P5","2019","YR2019","175.2"
Mozambique,"MOZ","Mortality rate attributed to unintentional poisoning (per 100,000 population)","SH.STA.POIS.P5","2019","YR2019","1.65"
Mozambique,"MOZ","Mortality rate, infant (per 1,000 live births)","SP.DYN.IMRT.IN","2019","YR2019","49.2"
Mozambique,"MOZ","Mortality rate, under-5 (per 1,000 live births)","SH.DYN.MORT","2019","YR2019","68.6"
Mozambique,"MOZ","Out-of-pocket expenditure (% of current health expenditure)","SH.XPD.OOPC.CH.ZS","2019","YR2019","9.71002865"
Mozambique,"MOZ","People using at least basic drinking water services (% of population)","SH.H2O.BASW.ZS","2019","YR2019","56.2587719909351"
Mozambique,"MOZ","People with basic handwashing facilities including soap and water (% of population)","SH.STA.HYGN.ZS","2019","YR2019","14.2846490927485"
Mozambique,"MOZ","Population growth (annual %)","SP.POP.GROW","2019","YR2019","2.9397415898529"
Mozambique,"MOZ","Prevalence of severe food insecurity in the population (%)","SN.ITK.SVFI.ZS","2019","YR2019","NA"
Mozambique,"MOZ","Prevalence of undernourishment (% of population)","SN.ITK.DEFC.ZS","2019","YR2019","28.3"
Mozambique,"MOZ","Proportion of population facing impoverishing out-of-pocket health expenditure, based on the societal poverty line (%)","SH_UHC_FH40_IMPOV","2019","YR2019","29.36"
Mozambique,"MOZ","Proportion of population further impoverished due to out-of-pocket health expenditure, based on the societal poverty line (%)","SH_UHC_FH40_FURTHER","2019","YR2019","28.73"
Mozambique,"MOZ","Risk of impoverishing expenditure for surgical care (% of people at risk)","SH.SGR.IRSK.ZS","2019","YR2019","NA"
Mozambique,"MOZ","UHC service coverage index","SH_UHC_SCI","2019","YR2019","46"
Mozambique,"MOZ","Wanted fertility rate (births per woman)","SP.DYN.WFRT","2019","YR2019","NA"
Mozambique,"MOZ","Access to electricity (% of population)","EG.ELC.ACCS.ZS","2019","YR2019","29.7"
Mozambique,"MOZ","Bird species, threatened","EN.BIR.THRD.NO","2019","YR2019","NA"
Mozambique,"MOZ","Fish species, threatened","EN.FSH.THRD.NO","2019","YR2019","NA"
Mozambique,"MOZ","Adjusted savings: particulate emission damage (% of GNI)","NY.ADJ.DPEM.GN.ZS","2019","YR2019","1.0990868711842"
Mozambique,"MOZ","Adjusted net savings, excluding particulate emission damage (% of GNI)","NY.ADJ.SVNX.GN.ZS","2019","YR2019","0.709738139839778"
Mozambique,"MOZ","Adjusted net savings, including particulate emission damage (% of GNI)","NY.ADJ.SVNG.GN.ZS","2019","YR2019","-0.389348731344427"
Mozambique,"MOZ","Adjusted savings: carbon dioxide damage (% of GNI)","NY.ADJ.DCO2.GN.ZS","2019","YR2019","2.02363427408435"
Namibia,"NAM","Disaster risk reduction progress score (1-5 scale; 5=best)","EN.CLC.DRSK.XQ","2019","YR2019","NA"
Namibia,"NAM","Food production index (2014-2016 = 100)","AG.PRD.FOOD.XD","2019","YR2019","96.12"
Namibia,"NAM","Plant species (higher), threatened","EN.HPT.THRD.NO","2019","YR2019","NA"
Namibia,"NAM","Mammal species, threatened","EN.MAM.THRD.NO","2019","YR2019","NA"
Namibia,"NAM","PM2.5 air pollution, population exposed to levels exceeding WHO guideline value (% of total)","EN.ATM.PM25.MC.ZS","2019","YR2019","NA"
Namibia,"NAM","PM2.5 pollution, population exposed to levels exceeding WHO Interim Target-2 value (% of total)","EN.ATM.PM25.MC.T2.ZS","2019","YR2019","NA"
Namibia,"NAM","Population density (people per sq. km of land area)","EN.POP.DNST","2019","YR2019","3.21939292351419"
Namibia,"NAM","Population living in slums (% of urban population)","EN.POP.SLUM.UR.ZS","2019","YR2019","NA"
Namibia,"NAM","People using safely managed sanitation services (% of population)","SH.STA.SMSS.ZS","2019","YR2019","NA"
Namibia,"NAM","People using at least basic sanitation services (% of population)","SH.STA.BASS.ZS","2019","YR2019","36.9123066913261"
Namibia,"NAM","People practicing open defecation (% of population)","SH.STA.ODFC.ZS","2019","YR2019","38.5712121863347"
Namibia,"NAM","Prevalence of current tobacco use (% of adults)","SH.PRV.SMOK","2019","YR2019","NA"
Namibia,"NAM","Prevalence of moderate or severe food insecurity in the population (%)","SN.ITK.MSFI.ZS","2019","YR2019","57.6"
Namibia,"NAM","Proportion of population facing financial hardship due to out-of-pocket health expenditure (%)","SH_UHC_FH40","2019","YR2019","NA"
Namibia,"NAM","Proportion of population facing large (but non-impoverishing) out-of-pocket health expenditure (%)","SH_UHC_FH40_LARGE","2019","YR2019","NA"
Namibia,"NAM","Proportion of population pushed into poverty (based on the societal poverty line) due to out-of-pocket health expenditure (%)","SH_UHC_FH40_PUSHED","2019","YR2019","NA"
Namibia,"NAM","Risk of catastrophic expenditure for surgical care (% of people at risk)","SH.SGR.CRSK.ZS","2019","YR2019","12.8"
Namibia,"NAM","Suicide mortality rate (per 100,000 population)","SH.STA.SUIC.P5","2019","YR2019","8.3"
Namibia,"NAM","Total alcohol consumption per capita (liters of pure alcohol, projected estimates, 15+ years of age)","SH.ALC.PCAP.LI","2019","YR2019","5.93"
Namibia,"NAM","Birth rate, crude (per 1,000 people)","SP.DYN.CBRT.IN","2019","YR2019","28.386"
Namibia,"NAM","Cause of death, by communicable diseases and maternal, prenatal and nutrition conditions (% of total)","SH.DTH.COMM.ZS","2019","YR2019","51.1413543006384"
Namibia,"NAM","Cause of death, by non-communicable diseases (% of total)","SH.DTH.NCOM.ZS","2019","YR2019","39.6734156141608"
Namibia,"NAM","Current health expenditure per capita (current US$)","SH.XPD.CHEX.PC.CD","2019","YR2019","419.14828491"
Namibia,"NAM","Death rate, crude (per 1,000 people)","SP.DYN.CDRT.IN","2019","YR2019","7.722"
Namibia,"NAM","Domestic general government health expenditure (% of GDP)","SH.XPD.GHED.GD.ZS","2019","YR2019","5.26885462"
Namibia,"NAM","Domestic general government health expenditure per capita (current US$)","SH.XPD.GHED.PC.CD","2019","YR2019","249.31325719"
Namibia,"NAM","Domestic private health expenditure (% of current health expenditure)","SH.XPD.PVTD.CH.ZS","2019","YR2019","31.22702599"
Namibia,"NAM","Domestic private health expenditure per capita, PPP (current international $)","SH.XPD.PVTD.PP.CD","2019","YR2019","265.809008298451"
Namibia,"NAM","External health expenditure (% of current health expenditure)","SH.XPD.EHEX.CH.ZS","2019","YR2019","9.29205132"
Namibia,"NAM","Incidence of tuberculosis (per 100,000 people)","SH.TBS.INCD","2019","YR2019","486"
Namibia,"NAM","Incidence of HIV, all (per 1,000 uninfected population)","SH.HIV.INCD.TL.P3","2019","YR2019","2.1"
Namibia,"NAM","Mortality rate attributed to household and ambient air pollution, age-standardized, female (per 100,000 female population)","SH.STA.AIRP.FE.P5","2019","YR2019","109.3"
Namibia,"NAM","Mortality rate attributed to unintentional poisoning (per 100,000 population)","SH.STA.POIS.P5","2019","YR2019","1.29"
Namibia,"NAM","Mortality rate, infant (per 1,000 live births)","SP.DYN.IMRT.IN","2019","YR2019","42.8"
Namibia,"NAM","Mortality rate, under-5 (per 1,000 live births)","SH.DYN.MORT","2019","YR2019","46.6"
Namibia,"NAM","Out-of-pocket expenditure (% of current health expenditure)","SH.XPD.OOPC.CH.ZS","2019","YR2019","7.52685452"
Namibia,"NAM","People using at least basic drinking water services (% of population)","SH.H2O.BASW.ZS","2019","YR2019","84.5549009012644"
Namibia,"NAM","People with basic handwashing facilities including soap and water (% of population)","SH.STA.HYGN.ZS","2019","YR2019","NA"
Namibia,"NAM","Population growth (annual %)","SP.POP.GROW","2019","YR2019","2.79932223646079"
Namibia,"NAM","Prevalence of severe food insecurity in the population (%)","SN.ITK.SVFI.ZS","2019","YR2019","32.1"
Namibia,"NAM","Prevalence of undernourishment (% of population)","SN.ITK.DEFC.ZS","2019","YR2019","18.9"
Namibia,"NAM","Proportion of population facing impoverishing out-of-pocket health expenditure, based on the societal poverty line (%)","SH_UHC_FH40_IMPOV","2019","YR2019","NA"
Namibia,"NAM","Proportion of population further impoverished due to out-of-pocket health expenditure, based on the societal poverty line (%)","SH_UHC_FH40_FURTHER","2019","YR2019","NA"
Namibia,"NAM","Risk of impoverishing expenditure for surgical care (% of people at risk)","SH.SGR.IRSK.ZS","2019","YR2019","28.5"
Namibia,"NAM","UHC service coverage index","SH_UHC_SCI","2019","YR2019","60"
Namibia,"NAM","Wanted fertility rate (births per woman)","SP.DYN.WFRT","2019","YR2019","NA"
Namibia,"NAM","Access to electricity (% of population)","EG.ELC.ACCS.ZS","2019","YR2019","53.3"
Namibia,"NAM","Bird species, threatened","EN.BIR.THRD.NO","2019","YR2019","NA"
Namibia,"NAM","Fish species, threatened","EN.FSH.THRD.NO","2019","YR2019","NA"
Namibia,"NAM","Adjusted savings: particulate emission damage (% of GNI)","NY.ADJ.DPEM.GN.ZS","2019","YR2019","0.822320015079232"
Namibia,"NAM","Adjusted net savings, excluding particulate emission damage (% of GNI)","NY.ADJ.SVNX.GN.ZS","2019","YR2019","8.39523034597591"
Namibia,"NAM","Adjusted net savings, including particulate emission damage (% of GNI)","NY.ADJ.SVNG.GN.ZS","2019","YR2019","7.57291033089667"
Namibia,"NAM","Adjusted savings: carbon dioxide damage (% of GNI)","NY.ADJ.DCO2.GN.ZS","2019","YR2019","1.40660941520138"
Niger,"NER","Disaster risk reduction progress score (1-5 scale; 5=best)","EN.CLC.DRSK.XQ","2019","YR2019","NA"
Niger,"NER","Food production index (2014-2016 = 100)","AG.PRD.FOOD.XD","2019","YR2019","119.01"
Niger,"NER","Plant species (higher), threatened","EN.HPT.THRD.NO","2019","YR2019","NA"
Niger,"NER","Mammal species, threatened","EN.MAM.THRD.NO","2019","YR2019","NA"
Niger,"NER","PM2.5 air pollution, population exposed to levels exceeding WHO guideline value (% of total)","EN.ATM.PM25.MC.ZS","2019","YR2019","NA"
Niger,"NER","PM2.5 pollution, population exposed to levels exceeding WHO Interim Target-2 value (% of total)","EN.ATM.PM25.MC.T2.ZS","2019","YR2019","NA"
Niger,"NER","Population density (people per sq. km of land area)","EN.POP.DNST","2019","YR2019","18.1161735217494"
Niger,"NER","Population living in slums (% of urban population)","EN.POP.SLUM.UR.ZS","2019","YR2019","NA"
Niger,"NER","People using safely managed sanitation services (% of population)","SH.STA.SMSS.ZS","2019","YR2019","8.31803629979299"
Niger,"NER","People using at least basic sanitation services (% of population)","SH.STA.BASS.ZS","2019","YR2019","14.10969749241"
Niger,"NER","People practicing open defecation (% of population)","SH.STA.ODFC.ZS","2019","YR2019","69.4788861540906"
Niger,"NER","Prevalence of current tobacco use (% of adults)","SH.PRV.SMOK","2019","YR2019","NA"
Niger,"NER","Prevalence of moderate or severe food insecurity in the population (%)","SN.ITK.MSFI.ZS","2019","YR2019","50.1"
Niger,"NER","Proportion of population facing financial hardship due to out-of-pocket health expenditure (%)","SH_UHC_FH40","2019","YR2019","NA"
Niger,"NER","Proportion of population facing large (but non-impoverishing) out-of-pocket health expenditure (%)","SH_UHC_FH40_LARGE","2019","YR2019","NA"
Niger,"NER","Proportion of population pushed into poverty (based on the societal poverty line) due to out-of-pocket health expenditure (%)","SH_UHC_FH40_PUSHED","2019","YR2019","NA"
Niger,"NER","Risk of catastrophic expenditure for surgical care (% of people at risk)","SH.SGR.CRSK.ZS","2019","YR2019","NA"
Niger,"NER","Suicide mortality rate (per 100,000 population)","SH.STA.SUIC.P5","2019","YR2019","4.54"
Niger,"NER","Total alcohol consumption per capita (liters of pure alcohol, projected estimates, 15+ years of age)","SH.ALC.PCAP.LI","2019","YR2019","0.13"
Niger,"NER","Birth rate, crude (per 1,000 people)","SP.DYN.CBRT.IN","2019","YR2019","43.366"
Niger,"NER","Cause of death, by communicable diseases and maternal, prenatal and nutrition conditions (% of total)","SH.DTH.COMM.ZS","2019","YR2019","66.596046818909"
Niger,"NER","Cause of death, by non-communicable diseases (% of total)","SH.DTH.NCOM.ZS","2019","YR2019","24.2789125533054"
Niger,"NER","Current health expenditure per capita (current US$)","SH.XPD.CHEX.PC.CD","2019","YR2019","31.89424324"
Niger,"NER","Death rate, crude (per 1,000 people)","SP.DYN.CDRT.IN","2019","YR2019","9.573"
Niger,"NER","Domestic general government health expenditure (% of GDP)","SH.XPD.GHED.GD.ZS","2019","YR2019","2.02236509"
Niger,"NER","Domestic general government health expenditure per capita (current US$)","SH.XPD.GHED.PC.CD","2019","YR2019","11.38316508"
Niger,"NER","Domestic private health expenditure (% of current health expenditure)","SH.XPD.PVTD.CH.ZS","2019","YR2019","49.06087875"
Niger,"NER","Domestic private health expenditure per capita, PPP (current international $)","SH.XPD.PVTD.PP.CD","2019","YR2019","39.5351834001206"
Niger,"NER","External health expenditure (% of current health expenditure)","SH.XPD.EHEX.CH.ZS","2019","YR2019","15.24877357"
Niger,"NER","Incidence of tuberculosis (per 100,000 people)","SH.TBS.INCD","2019","YR2019","82"
Niger,"NER","Incidence of HIV, all (per 1,000 uninfected population)","SH.HIV.INCD.TL.P3","2019","YR2019","0.1"
Niger,"NER","Mortality rate attributed to household and ambient air pollution, age-standardized, female (per 100,000 female population)","SH.STA.AIRP.FE.P5","2019","YR2019","202.1"
Niger,"NER","Mortality rate attributed to unintentional poisoning (per 100,000 population)","SH.STA.POIS.P5","2019","YR2019","1.58"
Niger,"NER","Mortality rate, infant (per 1,000 live births)","SP.DYN.IMRT.IN","2019","YR2019","69.3"
Niger,"NER","Mortality rate, under-5 (per 1,000 live births)","SH.DYN.MORT","2019","YR2019","120.8"
Niger,"NER","Out-of-pocket expenditure (% of current health expenditure)","SH.XPD.OOPC.CH.ZS","2019","YR2019","46.09529114"
Niger,"NER","People using at least basic drinking water services (% of population)","SH.H2O.BASW.ZS","2019","YR2019","50.045306277114"
Niger,"NER","People with basic handwashing facilities including soap and water (% of population)","SH.STA.HYGN.ZS","2019","YR2019","18.7369665626408"
Niger,"NER","Population growth (annual %)","SP.POP.GROW","2019","YR2019","3.36654855482346"
Niger,"NER","Prevalence of severe food insecurity in the population (%)","SN.ITK.SVFI.ZS","2019","YR2019","9.2"
Niger,"NER","Prevalence of undernourishment (% of population)","SN.ITK.DEFC.ZS","2019","YR2019","10.1"
Niger,"NER","Proportion of population facing impoverishing out-of-pocket health expenditure, based on the societal poverty line (%)","SH_UHC_FH40_IMPOV","2019","YR2019","NA"
Niger,"NER","Proportion of population further impoverished due to out-of-pocket health expenditure, based on the societal poverty line (%)","SH_UHC_FH40_FURTHER","2019","YR2019","NA"
Niger,"NER","Risk of impoverishing expenditure for surgical care (% of people at risk)","SH.SGR.IRSK.ZS","2019","YR2019","NA"
Niger,"NER","UHC service coverage index","SH_UHC_SCI","2019","YR2019","35"
Niger,"NER","Wanted fertility rate (births per woman)","SP.DYN.WFRT","2019","YR2019","NA"
Niger,"NER","Access to electricity (% of population)","EG.ELC.ACCS.ZS","2019","YR2019","18.5"
Niger,"NER","Bird species, threatened","EN.BIR.THRD.NO","2019","YR2019","NA"
Niger,"NER","Fish species, threatened","EN.FSH.THRD.NO","2019","YR2019","NA"
Niger,"NER","Adjusted savings: particulate emission damage (% of GNI)","NY.ADJ.DPEM.GN.ZS","2019","YR2019","2.42992586184015"
Niger,"NER","Adjusted net savings, excluding particulate emission damage (% of GNI)","NY.ADJ.SVNX.GN.ZS","2019","YR2019","22.8710776010451"
Niger,"NER","Adjusted net savings, including particulate emission damage (% of GNI)","NY.ADJ.SVNG.GN.ZS","2019","YR2019","20.441151739205"
Niger,"NER","Adjusted savings: carbon dioxide damage (% of GNI)","NY.ADJ.DCO2.GN.ZS","2019","YR2019","0.650442433853411"
Nigeria,"NGA","Disaster risk reduction progress score (1-5 scale; 5=best)","EN.CLC.DRSK.XQ","2019","YR2019","NA"
Nigeria,"NGA","Food production index (2014-2016 = 100)","AG.PRD.FOOD.XD","2019","YR2019","109.77"
Nigeria,"NGA","Plant species (higher), threatened","EN.HPT.THRD.NO","2019","YR2019","NA"
Nigeria,"NGA","Mammal species, threatened","EN.MAM.THRD.NO","2019","YR2019","NA"
Nigeria,"NGA","PM2.5 air pollution, population exposed to levels exceeding WHO guideline value (% of total)","EN.ATM.PM25.MC.ZS","2019","YR2019","NA"
Nigeria,"NGA","PM2.5 pollution, population exposed to levels exceeding WHO Interim Target-2 value (% of total)","EN.ATM.PM25.MC.T2.ZS","2019","YR2019","NA"
Nigeria,"NGA","Population density (people per sq. km of land area)","EN.POP.DNST","2019","YR2019","230.009377779242"
Nigeria,"NGA","Population living in slums (% of urban population)","EN.POP.SLUM.UR.ZS","2019","YR2019","NA"
Nigeria,"NGA","People using safely managed sanitation services (% of population)","SH.STA.SMSS.ZS","2019","YR2019","29.5106252660402"
Nigeria,"NGA","People using at least basic sanitation services (% of population)","SH.STA.BASS.ZS","2019","YR2019","43.2767522763627"
Nigeria,"NGA","People practicing open defecation (% of population)","SH.STA.ODFC.ZS","2019","YR2019","19.3427269336561"
Nigeria,"NGA","Prevalence of current tobacco use (% of adults)","SH.PRV.SMOK","2019","YR2019","NA"
Nigeria,"NGA","Prevalence of moderate or severe food insecurity in the population (%)","SN.ITK.MSFI.ZS","2019","YR2019","53.5"
Nigeria,"NGA","Proportion of population facing financial hardship due to out-of-pocket health expenditure (%)","SH_UHC_FH40","2019","YR2019","NA"
Nigeria,"NGA","Proportion of population facing large (but non-impoverishing) out-of-pocket health expenditure (%)","SH_UHC_FH40_LARGE","2019","YR2019","NA"
Nigeria,"NGA","Proportion of population pushed into poverty (based on the societal poverty line) due to out-of-pocket health expenditure (%)","SH_UHC_FH40_PUSHED","2019","YR2019","NA"
Nigeria,"NGA","Risk of catastrophic expenditure for surgical care (% of people at risk)","SH.SGR.CRSK.ZS","2019","YR2019","NA"
Nigeria,"NGA","Suicide mortality rate (per 100,000 population)","SH.STA.SUIC.P5","2019","YR2019","4.41"
Nigeria,"NGA","Total alcohol consumption per capita (liters of pure alcohol, projected estimates, 15+ years of age)","SH.ALC.PCAP.LI","2019","YR2019","4.21"
Nigeria,"NGA","Birth rate, crude (per 1,000 people)","SP.DYN.CBRT.IN","2019","YR2019","34.685"
Nigeria,"NGA","Cause of death, by communicable diseases and maternal, prenatal and nutrition conditions (% of total)","SH.DTH.COMM.ZS","2019","YR2019","67.7129748896548"
Nigeria,"NGA","Cause of death, by non-communicable diseases (% of total)","SH.DTH.NCOM.ZS","2019","YR2019","25.2278809308539"
Nigeria,"NGA","Current health expenditure per capita (current US$)","SH.XPD.CHEX.PC.CD","2019","YR2019","67.6254425"
Nigeria,"NGA","Death rate, crude (per 1,000 people)","SP.DYN.CDRT.IN","2019","YR2019","12.679"
Nigeria,"NGA","Domestic general government health expenditure (% of GDP)","SH.XPD.GHED.GD.ZS","2019","YR2019","0.46980387"
Nigeria,"NGA","Domestic general government health expenditure per capita (current US$)","SH.XPD.GHED.PC.CD","2019","YR2019","10.64177071"
Nigeria,"NGA","Domestic private health expenditure (% of current health expenditure)","SH.XPD.PVTD.CH.ZS","2019","YR2019","72.51712799"
Nigeria,"NGA","Domestic private health expenditure per capita, PPP (current international $)","SH.XPD.PVTD.PP.CD","2019","YR2019","116.09492967927"
Nigeria,"NGA","External health expenditure (% of current health expenditure)","SH.XPD.EHEX.CH.ZS","2019","YR2019","11.74653053"
Nigeria,"NGA","Incidence of tuberculosis (per 100,000 people)","SH.TBS.INCD","2019","YR2019","219"
Nigeria,"NGA","Incidence of HIV, all (per 1,000 uninfected population)","SH.HIV.INCD.TL.P3","2019","YR2019","0.42"
Nigeria,"NGA","Mortality rate attributed to household and ambient air pollution, age-standardized, female (per 100,000 female population)","SH.STA.AIRP.FE.P5","2019","YR2019","162.9"
Nigeria,"NGA","Mortality rate attributed to unintentional poisoning (per 100,000 population)","SH.STA.POIS.P5","2019","YR2019","0.98"
Nigeria,"NGA","Mortality rate, infant (per 1,000 live births)","SP.DYN.IMRT.IN","2019","YR2019","69.1"
Nigeria,"NGA","Mortality rate, under-5 (per 1,000 live births)","SH.DYN.MORT","2019","YR2019","117.4"
Nigeria,"NGA","Out-of-pocket expenditure (% of current health expenditure)","SH.XPD.OOPC.CH.ZS","2019","YR2019","71.49702454"
Nigeria,"NGA","People using at least basic drinking water services (% of population)","SH.H2O.BASW.ZS","2019","YR2019","74.5993213952744"
Nigeria,"NGA","People with basic handwashing facilities including soap and water (% of population)","SH.STA.HYGN.ZS","2019","YR2019","30.7168430239199"
Nigeria,"NGA","Population growth (annual %)","SP.POP.GROW","2019","YR2019","2.1944019229433"
Nigeria,"NGA","Prevalence of severe food insecurity in the population (%)","SN.ITK.SVFI.ZS","2019","YR2019","17.3"
Nigeria,"NGA","Prevalence of undernourishment (% of population)","SN.ITK.DEFC.ZS","2019","YR2019","14.3"
Nigeria,"NGA","Proportion of population facing impoverishing out-of-pocket health expenditure, based on the societal poverty line (%)","SH_UHC_FH40_IMPOV","2019","YR2019","NA"
Nigeria,"NGA","Proportion of population further impoverished due to out-of-pocket health expenditure, based on the societal poverty line (%)","SH_UHC_FH40_FURTHER","2019","YR2019","NA"
Nigeria,"NGA","Risk of impoverishing expenditure for surgical care (% of people at risk)","SH.SGR.IRSK.ZS","2019","YR2019","NA"
Nigeria,"NGA","UHC service coverage index","SH_UHC_SCI","2019","YR2019","47"
Nigeria,"NGA","Wanted fertility rate (births per woman)","SP.DYN.WFRT","2019","YR2019","NA"
Nigeria,"NGA","Access to electricity (% of population)","EG.ELC.ACCS.ZS","2019","YR2019","55.4"
Nigeria,"NGA","Bird species, threatened","EN.BIR.THRD.NO","2019","YR2019","NA"
Nigeria,"NGA","Fish species, threatened","EN.FSH.THRD.NO","2019","YR2019","NA"
Nigeria,"NGA","Adjusted savings: particulate emission damage (% of GNI)","NY.ADJ.DPEM.GN.ZS","2019","YR2019","2.31809150486346"
Nigeria,"NGA","Adjusted net savings, excluding particulate emission damage (% of GNI)","NY.ADJ.SVNX.GN.ZS","2019","YR2019","9.51700587318642"
Nigeria,"NGA","Adjusted net savings, including particulate emission damage (% of GNI)","NY.ADJ.SVNG.GN.ZS","2019","YR2019","7.19891436832295"
Nigeria,"NGA","Adjusted savings: carbon dioxide damage (% of GNI)","NY.ADJ.DCO2.GN.ZS","2019","YR2019","1.08455510019945"
Rwanda,"RWA","Disaster risk reduction progress score (1-5 scale; 5=best)","EN.CLC.DRSK.XQ","2019","YR2019","NA"
Rwanda,"RWA","Food production index (2014-2016 = 100)","AG.PRD.FOOD.XD","2019","YR2019","112.61"
Rwanda,"RWA","Plant species (higher), threatened","EN.HPT.THRD.NO","2019","YR2019","NA"
Rwanda,"RWA","Mammal species, threatened","EN.MAM.THRD.NO","2019","YR2019","NA"
Rwanda,"RWA","PM2.5 air pollution, population exposed to levels exceeding WHO guideline value (% of total)","EN.ATM.PM25.MC.ZS","2019","YR2019","NA"
Rwanda,"RWA","PM2.5 pollution, population exposed to levels exceeding WHO Interim Target-2 value (% of total)","EN.ATM.PM25.MC.T2.ZS","2019","YR2019","NA"
Rwanda,"RWA","Population density (people per sq. km of land area)","EN.POP.DNST","2019","YR2019","517.880137819214"
Rwanda,"RWA","Population living in slums (% of urban population)","EN.POP.SLUM.UR.ZS","2019","YR2019","NA"
Rwanda,"RWA","People using safely managed sanitation services (% of population)","SH.STA.SMSS.ZS","2019","YR2019","NA"
Rwanda,"RWA","People using at least basic sanitation services (% of population)","SH.STA.BASS.ZS","2019","YR2019","74.3150494792337"
Rwanda,"RWA","People practicing open defecation (% of population)","SH.STA.ODFC.ZS","2019","YR2019","1.60991973467485"
Rwanda,"RWA","Prevalence of current tobacco use (% of adults)","SH.PRV.SMOK","2019","YR2019","NA"
Rwanda,"RWA","Prevalence of moderate or severe food insecurity in the population (%)","SN.ITK.MSFI.ZS","2019","YR2019","NA"
Rwanda,"RWA","Proportion of population facing financial hardship due to out-of-pocket health expenditure (%)","SH_UHC_FH40","2019","YR2019","NA"
Rwanda,"RWA","Proportion of population facing large (but non-impoverishing) out-of-pocket health expenditure (%)","SH_UHC_FH40_LARGE","2019","YR2019","NA"
Rwanda,"RWA","Proportion of population pushed into poverty (based on the societal poverty line) due to out-of-pocket health expenditure (%)","SH_UHC_FH40_PUSHED","2019","YR2019","NA"
Rwanda,"RWA","Risk of catastrophic expenditure for surgical care (% of people at risk)","SH.SGR.CRSK.ZS","2019","YR2019","19.8"
Rwanda,"RWA","Suicide mortality rate (per 100,000 population)","SH.STA.SUIC.P5","2019","YR2019","8.29"
Rwanda,"RWA","Total alcohol consumption per capita (liters of pure alcohol, projected estimates, 15+ years of age)","SH.ALC.PCAP.LI","2019","YR2019","1.88"
Rwanda,"RWA","Birth rate, crude (per 1,000 people)","SP.DYN.CBRT.IN","2019","YR2019","30.672"
Rwanda,"RWA","Cause of death, by communicable diseases and maternal, prenatal and nutrition conditions (% of total)","SH.DTH.COMM.ZS","2019","YR2019","38.9549322520303"
Rwanda,"RWA","Cause of death, by non-communicable diseases (% of total)","SH.DTH.NCOM.ZS","2019","YR2019","50.8286611119831"
Rwanda,"RWA","Current health expenditure per capita (current US$)","SH.XPD.CHEX.PC.CD","2019","YR2019","39.81322098"
Rwanda,"RWA","Death rate, crude (per 1,000 people)","SP.DYN.CDRT.IN","2019","YR2019","6.132"
Rwanda,"RWA","Domestic general government health expenditure (% of GDP)","SH.XPD.GHED.GD.ZS","2019","YR2019","1.76991165"
Rwanda,"RWA","Domestic general government health expenditure per capita (current US$)","SH.XPD.GHED.PC.CD","2019","YR2019","14.33773611"
Rwanda,"RWA","Domestic private health expenditure (% of current health expenditure)","SH.XPD.PVTD.CH.ZS","2019","YR2019","20.87430954"
Rwanda,"RWA","Domestic private health expenditure per capita, PPP (current international $)","SH.XPD.PVTD.PP.CD","2019","YR2019","23.9666345250128"
Rwanda,"RWA","External health expenditure (% of current health expenditure)","SH.XPD.EHEX.CH.ZS","2019","YR2019","43.1131897"
Rwanda,"RWA","Incidence of tuberculosis (per 100,000 people)","SH.TBS.INCD","2019","YR2019","63"
Rwanda,"RWA","Incidence of HIV, all (per 1,000 uninfected population)","SH.HIV.INCD.TL.P3","2019","YR2019","0.29"
Rwanda,"RWA","Mortality rate attributed to household and ambient air pollution, age-standardized, female (per 100,000 female population)","SH.STA.AIRP.FE.P5","2019","YR2019","147.7"
Rwanda,"RWA","Mortality rate attributed to unintentional poisoning (per 100,000 population)","SH.STA.POIS.P5","2019","YR2019","1.32"
Rwanda,"RWA","Mortality rate, infant (per 1,000 live births)","SP.DYN.IMRT.IN","2019","YR2019","31.7"
Rwanda,"RWA","Mortality rate, under-5 (per 1,000 live births)","SH.DYN.MORT","2019","YR2019","42.7"
Rwanda,"RWA","Out-of-pocket expenditure (% of current health expenditure)","SH.XPD.OOPC.CH.ZS","2019","YR2019","10.07819271"
Rwanda,"RWA","People using at least basic drinking water services (% of population)","SH.H2O.BASW.ZS","2019","YR2019","58.4728536131809"
Rwanda,"RWA","People with basic handwashing facilities including soap and water (% of population)","SH.STA.HYGN.ZS","2019","YR2019","16.3839955442582"
Rwanda,"RWA","Population growth (annual %)","SP.POP.GROW","2019","YR2019","2.28086099658628"
Rwanda,"RWA","Prevalence of severe food insecurity in the population (%)","SN.ITK.SVFI.ZS","2019","YR2019","NA"
Rwanda,"RWA","Prevalence of undernourishment (% of population)","SN.ITK.DEFC.ZS","2019","YR2019","35.6"
Rwanda,"RWA","Proportion of population facing impoverishing out-of-pocket health expenditure, based on the societal poverty line (%)","SH_UHC_FH40_IMPOV","2019","YR2019","NA"
Rwanda,"RWA","Proportion of population further impoverished due to out-of-pocket health expenditure, based on the societal poverty line (%)","SH_UHC_FH40_FURTHER","2019","YR2019","NA"
Rwanda,"RWA","Risk of impoverishing expenditure for surgical care (% of people at risk)","SH.SGR.IRSK.ZS","2019","YR2019","79.6"
Rwanda,"RWA","UHC service coverage index","SH_UHC_SCI","2019","YR2019","55"
Rwanda,"RWA","Wanted fertility rate (births per woman)","SP.DYN.WFRT","2019","YR2019","NA"
Rwanda,"RWA","Access to electricity (% of population)","EG.ELC.ACCS.ZS","2019","YR2019","46.6"
Rwanda,"RWA","Bird species, threatened","EN.BIR.THRD.NO","2019","YR2019","NA"
Rwanda,"RWA","Fish species, threatened","EN.FSH.THRD.NO","2019","YR2019","NA"
Rwanda,"RWA","Adjusted savings: particulate emission damage (% of GNI)","NY.ADJ.DPEM.GN.ZS","2019","YR2019","2.07168212822812"
Rwanda,"RWA","Adjusted net savings, excluding particulate emission damage (% of GNI)","NY.ADJ.SVNX.GN.ZS","2019","YR2019","-2.28566238201046"
Rwanda,"RWA","Adjusted net savings, including particulate emission damage (% of GNI)","NY.ADJ.SVNG.GN.ZS","2019","YR2019","-4.35734451023858"
Rwanda,"RWA","Adjusted savings: carbon dioxide damage (% of GNI)","NY.ADJ.DCO2.GN.ZS","2019","YR2019","0.541909554063391"
Sao Tome and Principe,"STP","Disaster risk reduction progress score (1-5 scale; 5=best)","EN.CLC.DRSK.XQ","2019","YR2019","NA"
Sao Tome and Principe,"STP","Food production index (2014-2016 = 100)","AG.PRD.FOOD.XD","2019","YR2019","106.54"
Sao Tome and Principe,"STP","Plant species (higher), threatened","EN.HPT.THRD.NO","2019","YR2019","NA"
Sao Tome and Principe,"STP","Mammal species, threatened","EN.MAM.THRD.NO","2019","YR2019","NA"
Sao Tome and Principe,"STP","PM2.5 air pollution, population exposed to levels exceeding WHO guideline value (% of total)","EN.ATM.PM25.MC.ZS","2019","YR2019","NA"
Sao Tome and Principe,"STP","PM2.5 pollution, population exposed to levels exceeding WHO Interim Target-2 value (% of total)","EN.ATM.PM25.MC.T2.ZS","2019","YR2019","NA"
Sao Tome and Principe,"STP","Population density (people per sq. km of land area)","EN.POP.DNST","2019","YR2019","222.283333333333"
Sao Tome and Principe,"STP","Population living in slums (% of urban population)","EN.POP.SLUM.UR.ZS","2019","YR2019","NA"
Sao Tome and Principe,"STP","People using safely managed sanitation services (% of population)","SH.STA.SMSS.ZS","2019","YR2019","32.5967076443617"
Sao Tome and Principe,"STP","People using at least basic sanitation services (% of population)","SH.STA.BASS.ZS","2019","YR2019","45.7575570286583"
Sao Tome and Principe,"STP","People practicing open defecation (% of population)","SH.STA.ODFC.ZS","2019","YR2019","41.1733645275685"
Sao Tome and Principe,"STP","Prevalence of current tobacco use (% of adults)","SH.PRV.SMOK","2019","YR2019","NA"
Sao Tome and Principe,"STP","Prevalence of moderate or severe food insecurity in the population (%)","SN.ITK.MSFI.ZS","2019","YR2019","NA"
Sao Tome and Principe,"STP","Proportion of population facing financial hardship due to out-of-pocket health expenditure (%)","SH_UHC_FH40","2019","YR2019","NA"
Sao Tome and Principe,"STP","Proportion of population facing large (but non-impoverishing) out-of-pocket health expenditure (%)","SH_UHC_FH40_LARGE","2019","YR2019","NA"
Sao Tome and Principe,"STP","Proportion of population pushed into poverty (based on the societal poverty line) due to out-of-pocket health expenditure (%)","SH_UHC_FH40_PUSHED","2019","YR2019","NA"
Sao Tome and Principe,"STP","Risk of catastrophic expenditure for surgical care (% of people at risk)","SH.SGR.CRSK.ZS","2019","YR2019","NA"
Sao Tome and Principe,"STP","Suicide mortality rate (per 100,000 population)","SH.STA.SUIC.P5","2019","YR2019","0.87"
Sao Tome and Principe,"STP","Total alcohol consumption per capita (liters of pure alcohol, projected estimates, 15+ years of age)","SH.ALC.PCAP.LI","2019","YR2019","5.01"
Sao Tome and Principe,"STP","Birth rate, crude (per 1,000 people)","SP.DYN.CBRT.IN","2019","YR2019","29.229"
Sao Tome and Principe,"STP","Cause of death, by communicable diseases and maternal, prenatal and nutrition conditions (% of total)","SH.DTH.COMM.ZS","2019","YR2019","26.9996631109613"
Sao Tome and Principe,"STP","Cause of death, by non-communicable diseases (% of total)","SH.DTH.NCOM.ZS","2019","YR2019","66.1621313140737"
Sao Tome and Principe,"STP","Current health expenditure per capita (current US$)","SH.XPD.CHEX.PC.CD","2019","YR2019","106.86884308"
Sao Tome and Principe,"STP","Death rate, crude (per 1,000 people)","SP.DYN.CDRT.IN","2019","YR2019","6.117"
Sao Tome and Principe,"STP","Domestic general government health expenditure (% of GDP)","SH.XPD.GHED.GD.ZS","2019","YR2019","2.23238039"
Sao Tome and Principe,"STP","Domestic general government health expenditure per capita (current US$)","SH.XPD.GHED.PC.CD","2019","YR2019","43.5287584"
Sao Tome and Principe,"STP","Domestic private health expenditure (% of current health expenditure)","SH.XPD.PVTD.CH.ZS","2019","YR2019","18.9268055"
Sao Tome and Principe,"STP","Domestic private health expenditure per capita, PPP (current international $)","SH.XPD.PVTD.PP.CD","2019","YR2019","48.2936450007477"
Sao Tome and Principe,"STP","External health expenditure (% of current health expenditure)","SH.XPD.EHEX.CH.ZS","2019","YR2019","40.34218597"
Sao Tome and Principe,"STP","Incidence of tuberculosis (per 100,000 people)","SH.TBS.INCD","2019","YR2019","108"
Sao Tome and Principe,"STP","Incidence of HIV, all (per 1,000 uninfected population)","SH.HIV.INCD.TL.P3","2019","YR2019","NA"
Sao Tome and Principe,"STP","Mortality rate attributed to household and ambient air pollution, age-standardized, female (per 100,000 female population)","SH.STA.AIRP.FE.P5","2019","YR2019","216.6"
Sao Tome and Principe,"STP","Mortality rate attributed to unintentional poisoning (per 100,000 population)","SH.STA.POIS.P5","2019","YR2019","0.38"
Sao Tome and Principe,"STP","Mortality rate, infant (per 1,000 live births)","SP.DYN.IMRT.IN","2019","YR2019","11.3"
Sao Tome and Principe,"STP","Mortality rate, under-5 (per 1,000 live births)","SH.DYN.MORT","2019","YR2019","17.1"
Sao Tome and Principe,"STP","Out-of-pocket expenditure (% of current health expenditure)","SH.XPD.OOPC.CH.ZS","2019","YR2019","16.99124527"
Sao Tome and Principe,"STP","People using at least basic drinking water services (% of population)","SH.H2O.BASW.ZS","2019","YR2019","76.5646613120149"
Sao Tome and Principe,"STP","People with basic handwashing facilities including soap and water (% of population)","SH.STA.HYGN.ZS","2019","YR2019","53.0103122198382"
Sao Tome and Principe,"STP","Population growth (annual %)","SP.POP.GROW","2019","YR2019","1.51332392108067"
Sao Tome and Principe,"STP","Prevalence of severe food insecurity in the population (%)","SN.ITK.SVFI.ZS","2019","YR2019","NA"
Sao Tome and Principe,"STP","Prevalence of undernourishment (% of population)","SN.ITK.DEFC.ZS","2019","YR2019","16.9"
Sao Tome and Principe,"STP","Proportion of population facing impoverishing out-of-pocket health expenditure, based on the societal poverty line (%)","SH_UHC_FH40_IMPOV","2019","YR2019","NA"
Sao Tome and Principe,"STP","Proportion of population further impoverished due to out-of-pocket health expenditure, based on the societal poverty line (%)","SH_UHC_FH40_FURTHER","2019","YR2019","NA"
Sao Tome and Principe,"STP","Risk of impoverishing expenditure for surgical care (% of people at risk)","SH.SGR.IRSK.ZS","2019","YR2019","NA"
Sao Tome and Principe,"STP","UHC service coverage index","SH_UHC_SCI","2019","YR2019","58"
Sao Tome and Principe,"STP","Wanted fertility rate (births per woman)","SP.DYN.WFRT","2019","YR2019","NA"
Sao Tome and Principe,"STP","Access to electricity (% of population)","EG.ELC.ACCS.ZS","2019","YR2019","75.1"
Sao Tome and Principe,"STP","Bird species, threatened","EN.BIR.THRD.NO","2019","YR2019","NA"
Sao Tome and Principe,"STP","Fish species, threatened","EN.FSH.THRD.NO","2019","YR2019","NA"
Sao Tome and Principe,"STP","Adjusted savings: particulate emission damage (% of GNI)","NY.ADJ.DPEM.GN.ZS","2019","YR2019","1.32398476628353"
Sao Tome and Principe,"STP","Adjusted net savings, excluding particulate emission damage (% of GNI)","NY.ADJ.SVNX.GN.ZS","2019","YR2019","NA"
Sao Tome and Principe,"STP","Adjusted net savings, including particulate emission damage (% of GNI)","NY.ADJ.SVNG.GN.ZS","2019","YR2019","NA"
Sao Tome and Principe,"STP","Adjusted savings: carbon dioxide damage (% of GNI)","NY.ADJ.DCO2.GN.ZS","2019","YR2019","1.43613025522256"
Senegal,"SEN","Disaster risk reduction progress score (1-5 scale; 5=best)","EN.CLC.DRSK.XQ","2019","YR2019","NA"
Senegal,"SEN","Food production index (2014-2016 = 100)","AG.PRD.FOOD.XD","2019","YR2019","153.59"
Senegal,"SEN","Plant species (higher), threatened","EN.HPT.THRD.NO","2019","YR2019","NA"
Senegal,"SEN","Mammal species, threatened","EN.MAM.THRD.NO","2019","YR2019","NA"
Senegal,"SEN","PM2.5 air pollution, population exposed to levels exceeding WHO guideline value (% of total)","EN.ATM.PM25.MC.ZS","2019","YR2019","NA"
Senegal,"SEN","PM2.5 pollution, population exposed to levels exceeding WHO Interim Target-2 value (% of total)","EN.ATM.PM25.MC.T2.ZS","2019","YR2019","NA"
Senegal,"SEN","Population density (people per sq. km of land area)","EN.POP.DNST","2019","YR2019","84.9370072196541"
Senegal,"SEN","Population living in slums (% of urban population)","EN.POP.SLUM.UR.ZS","2019","YR2019","NA"
Senegal,"SEN","People using safely managed sanitation services (% of population)","SH.STA.SMSS.ZS","2019","YR2019","25.7051204849735"
Senegal,"SEN","People using at least basic sanitation services (% of population)","SH.STA.BASS.ZS","2019","YR2019","57.204943845452"
Senegal,"SEN","People practicing open defecation (% of population)","SH.STA.ODFC.ZS","2019","YR2019","9.68368680710087"
Senegal,"SEN","Prevalence of current tobacco use (% of adults)","SH.PRV.SMOK","2019","YR2019","NA"
Senegal,"SEN","Prevalence of moderate or severe food insecurity in the population (%)","SN.ITK.MSFI.ZS","2019","YR2019","33.3"
Senegal,"SEN","Proportion of population facing financial hardship due to out-of-pocket health expenditure (%)","SH_UHC_FH40","2019","YR2019","NA"
Senegal,"SEN","Proportion of population facing large (but non-impoverishing) out-of-pocket health expenditure (%)","SH_UHC_FH40_LARGE","2019","YR2019","NA"
Senegal,"SEN","Proportion of population pushed into poverty (based on the societal poverty line) due to out-of-pocket health expenditure (%)","SH_UHC_FH40_PUSHED","2019","YR2019","NA"
Senegal,"SEN","Risk of catastrophic expenditure for surgical care (% of people at risk)","SH.SGR.CRSK.ZS","2019","YR2019","34.9"
Senegal,"SEN","Suicide mortality rate (per 100,000 population)","SH.STA.SUIC.P5","2019","YR2019","6.98"
Senegal,"SEN","Total alcohol consumption per capita (liters of pure alcohol, projected estimates, 15+ years of age)","SH.ALC.PCAP.LI","2019","YR2019","0.41"
Senegal,"SEN","Birth rate, crude (per 1,000 people)","SP.DYN.CBRT.IN","2019","YR2019","30.405"
Senegal,"SEN","Cause of death, by communicable diseases and maternal, prenatal and nutrition conditions (% of total)","SH.DTH.COMM.ZS","2019","YR2019","36.2314508424599"
Senegal,"SEN","Cause of death, by non-communicable diseases (% of total)","SH.DTH.NCOM.ZS","2019","YR2019","52.7080744847834"
Senegal,"SEN","Current health expenditure per capita (current US$)","SH.XPD.CHEX.PC.CD","2019","YR2019","64.33670807"
Senegal,"SEN","Death rate, crude (per 1,000 people)","SP.DYN.CDRT.IN","2019","YR2019","5.979"
Senegal,"SEN","Domestic general government health expenditure (% of GDP)","SH.XPD.GHED.GD.ZS","2019","YR2019","1.05768847"
Senegal,"SEN","Domestic general government health expenditure per capita (current US$)","SH.XPD.GHED.PC.CD","2019","YR2019","15.13759586"
Senegal,"SEN","Domestic private health expenditure (% of current health expenditure)","SH.XPD.PVTD.CH.ZS","2019","YR2019","57.19351578"
Senegal,"SEN","Domestic private health expenditure per capita, PPP (current international $)","SH.XPD.PVTD.PP.CD","2019","YR2019","93.790746316632"
Senegal,"SEN","External health expenditure (% of current health expenditure)","SH.XPD.EHEX.CH.ZS","2019","YR2019","19.27778053"
Senegal,"SEN","Incidence of tuberculosis (per 100,000 people)","SH.TBS.INCD","2019","YR2019","143"
Senegal,"SEN","Incidence of HIV, all (per 1,000 uninfected population)","SH.HIV.INCD.TL.P3","2019","YR2019","0.11"
Senegal,"SEN","Mortality rate attributed to household and ambient air pollution, age-standardized, female (per 100,000 female population)","SH.STA.AIRP.FE.P5","2019","YR2019","140.4"
Senegal,"SEN","Mortality rate attributed to unintentional poisoning (per 100,000 population)","SH.STA.POIS.P5","2019","YR2019","0.89"
Senegal,"SEN","Mortality rate, infant (per 1,000 live births)","SP.DYN.IMRT.IN","2019","YR2019","34.8"
Senegal,"SEN","Mortality rate, under-5 (per 1,000 live births)","SH.DYN.MORT","2019","YR2019","46.2"
Senegal,"SEN","Out-of-pocket expenditure (% of current health expenditure)","SH.XPD.OOPC.CH.ZS","2019","YR2019","48.74660873"
Senegal,"SEN","People using at least basic drinking water services (% of population)","SH.H2O.BASW.ZS","2019","YR2019","82.3288600505419"
Senegal,"SEN","People with basic handwashing facilities including soap and water (% of population)","SH.STA.HYGN.ZS","2019","YR2019","23.1306585894503"
Senegal,"SEN","Population growth (annual %)","SP.POP.GROW","2019","YR2019","2.71760793051867"
Senegal,"SEN","Prevalence of severe food insecurity in the population (%)","SN.ITK.SVFI.ZS","2019","YR2019","6"
Senegal,"SEN","Prevalence of undernourishment (% of population)","SN.ITK.DEFC.ZS","2019","YR2019","6.2"
Senegal,"SEN","Proportion of population facing impoverishing out-of-pocket health expenditure, based on the societal poverty line (%)","SH_UHC_FH40_IMPOV","2019","YR2019","NA"
Senegal,"SEN","Proportion of population further impoverished due to out-of-pocket health expenditure, based on the societal poverty line (%)","SH_UHC_FH40_FURTHER","2019","YR2019","NA"
Senegal,"SEN","Risk of impoverishing expenditure for surgical care (% of people at risk)","SH.SGR.IRSK.ZS","2019","YR2019","47.1"
Senegal,"SEN","UHC service coverage index","SH_UHC_SCI","2019","YR2019","50"
Senegal,"SEN","Wanted fertility rate (births per woman)","SP.DYN.WFRT","2019","YR2019","4.4"
Senegal,"SEN","Access to electricity (% of population)","EG.ELC.ACCS.ZS","2019","YR2019","70.4"
Senegal,"SEN","Bird species, threatened","EN.BIR.THRD.NO","2019","YR2019","NA"
Senegal,"SEN","Fish species, threatened","EN.FSH.THRD.NO","2019","YR2019","NA"
Senegal,"SEN","Adjusted savings: particulate emission damage (% of GNI)","NY.ADJ.DPEM.GN.ZS","2019","YR2019","1.19486045531461"
Senegal,"SEN","Adjusted net savings, excluding particulate emission damage (% of GNI)","NY.ADJ.SVNX.GN.ZS","2019","YR2019","NA"
Senegal,"SEN","Adjusted net savings, including particulate emission damage (% of GNI)","NY.ADJ.SVNG.GN.ZS","2019","YR2019","NA"
Senegal,"SEN","Adjusted savings: carbon dioxide damage (% of GNI)","NY.ADJ.DCO2.GN.ZS","2019","YR2019","1.90040280114868"
Seychelles,"SYC","Disaster risk reduction progress score (1-5 scale; 5=best)","EN.CLC.DRSK.XQ","2019","YR2019","NA"
Seychelles,"SYC","Food production index (2014-2016 = 100)","AG.PRD.FOOD.XD","2019","YR2019","120.21"
Seychelles,"SYC","Plant species (higher), threatened","EN.HPT.THRD.NO","2019","YR2019","NA"
Seychelles,"SYC","Mammal species, threatened","EN.MAM.THRD.NO","2019","YR2019","NA"
Seychelles,"SYC","PM2.5 air pollution, population exposed to levels exceeding WHO guideline value (% of total)","EN.ATM.PM25.MC.ZS","2019","YR2019","NA"
Seychelles,"SYC","PM2.5 pollution, population exposed to levels exceeding WHO Interim Target-2 value (% of total)","EN.ATM.PM25.MC.T2.ZS","2019","YR2019","NA"
Seychelles,"SYC","Population density (people per sq. km of land area)","EN.POP.DNST","2019","YR2019","212.228260869565"
Seychelles,"SYC","Population living in slums (% of urban population)","EN.POP.SLUM.UR.ZS","2019","YR2019","NA"
Seychelles,"SYC","People using safely managed sanitation services (% of population)","SH.STA.SMSS.ZS","2019","YR2019","NA"
Seychelles,"SYC","People using at least basic sanitation services (% of population)","SH.STA.BASS.ZS","2019","YR2019","98.885830584073"
Seychelles,"SYC","People practicing open defecation (% of population)","SH.STA.ODFC.ZS","2019","YR2019","0.816619273748215"
Seychelles,"SYC","Prevalence of current tobacco use (% of adults)","SH.PRV.SMOK","2019","YR2019","NA"
Seychelles,"SYC","Prevalence of moderate or severe food insecurity in the population (%)","SN.ITK.MSFI.ZS","2019","YR2019","NA"
Seychelles,"SYC","Proportion of population facing financial hardship due to out-of-pocket health expenditure (%)","SH_UHC_FH40","2019","YR2019","NA"
Seychelles,"SYC","Proportion of population facing large (but non-impoverishing) out-of-pocket health expenditure (%)","SH_UHC_FH40_LARGE","2019","YR2019","NA"
Seychelles,"SYC","Proportion of population pushed into poverty (based on the societal poverty line) due to out-of-pocket health expenditure (%)","SH_UHC_FH40_PUSHED","2019","YR2019","NA"
Seychelles,"SYC","Risk of catastrophic expenditure for surgical care (% of people at risk)","SH.SGR.CRSK.ZS","2019","YR2019","0.6"
Seychelles,"SYC","Suicide mortality rate (per 100,000 population)","SH.STA.SUIC.P5","2019","YR2019","7.96"
Seychelles,"SYC","Total alcohol consumption per capita (liters of pure alcohol, projected estimates, 15+ years of age)","SH.ALC.PCAP.LI","2019","YR2019","11.99"
Seychelles,"SYC","Birth rate, crude (per 1,000 people)","SP.DYN.CBRT.IN","2019","YR2019","16.4"
Seychelles,"SYC","Cause of death, by communicable diseases and maternal, prenatal and nutrition conditions (% of total)","SH.DTH.COMM.ZS","2019","YR2019","12.4694057977103"
Seychelles,"SYC","Cause of death, by non-communicable diseases (% of total)","SH.DTH.NCOM.ZS","2019","YR2019","80.310109534817"
Seychelles,"SYC","Current health expenditure per capita (current US$)","SH.XPD.CHEX.PC.CD","2019","YR2019","675.47839355"
Seychelles,"SYC","Death rate, crude (per 1,000 people)","SP.DYN.CDRT.IN","2019","YR2019","8.1"
Seychelles,"SYC","Domestic general government health expenditure (% of GDP)","SH.XPD.GHED.GD.ZS","2019","YR2019","3.04219794"
Seychelles,"SYC","Domestic general government health expenditure per capita (current US$)","SH.XPD.GHED.PC.CD","2019","YR2019","483.20827875"
Seychelles,"SYC","Domestic private health expenditure (% of current health expenditure)","SH.XPD.PVTD.CH.ZS","2019","YR2019","28.4642868"
Seychelles,"SYC","Domestic private health expenditure per capita, PPP (current international $)","SH.XPD.PVTD.PP.CD","2019","YR2019","343.719047392984"
Seychelles,"SYC","External health expenditure (% of current health expenditure)","SH.XPD.EHEX.CH.ZS","2019","YR2019","0"
Seychelles,"SYC","Incidence of tuberculosis (per 100,000 people)","SH.TBS.INCD","2019","YR2019","12"
Seychelles,"SYC","Incidence of HIV, all (per 1,000 uninfected population)","SH.HIV.INCD.TL.P3","2019","YR2019","NA"
Seychelles,"SYC","Mortality rate attributed to household and ambient air pollution, age-standardized, female (per 100,000 female population)","SH.STA.AIRP.FE.P5","2019","YR2019","32"
Seychelles,"SYC","Mortality rate attributed to unintentional poisoning (per 100,000 population)","SH.STA.POIS.P5","2019","YR2019","0.47"
Seychelles,"SYC","Mortality rate, infant (per 1,000 live births)","SP.DYN.IMRT.IN","2019","YR2019","13.6"
Seychelles,"SYC","Mortality rate, under-5 (per 1,000 live births)","SH.DYN.MORT","2019","YR2019","14.8"
Seychelles,"SYC","Out-of-pocket expenditure (% of current health expenditure)","SH.XPD.OOPC.CH.ZS","2019","YR2019","26.27492523"
Seychelles,"SYC","People using at least basic drinking water services (% of population)","SH.H2O.BASW.ZS","2019","YR2019","96.8604704263635"
Seychelles,"SYC","People with basic handwashing facilities including soap and water (% of population)","SH.STA.HYGN.ZS","2019","YR2019","NA"
Seychelles,"SYC","Population growth (annual %)","SP.POP.GROW","2019","YR2019","0.887925293341637"
Seychelles,"SYC","Prevalence of severe food insecurity in the population (%)","SN.ITK.SVFI.ZS","2019","YR2019","NA"
Seychelles,"SYC","Prevalence of undernourishment (% of population)","SN.ITK.DEFC.ZS","2019","YR2019","2.7"
Seychelles,"SYC","Proportion of population facing impoverishing out-of-pocket health expenditure, based on the societal poverty line (%)","SH_UHC_FH40_IMPOV","2019","YR2019","NA"
Seychelles,"SYC","Proportion of population further impoverished due to out-of-pocket health expenditure, based on the societal poverty line (%)","SH_UHC_FH40_FURTHER","2019","YR2019","NA"
Seychelles,"SYC","Risk of impoverishing expenditure for surgical care (% of people at risk)","SH.SGR.IRSK.ZS","2019","YR2019","0.4"
Seychelles,"SYC","UHC service coverage index","SH_UHC_SCI","2019","YR2019","78"
Seychelles,"SYC","Wanted fertility rate (births per woman)","SP.DYN.WFRT","2019","YR2019","NA"
Seychelles,"SYC","Access to electricity (% of population)","EG.ELC.ACCS.ZS","2019","YR2019","100"
Seychelles,"SYC","Bird species, threatened","EN.BIR.THRD.NO","2019","YR2019","NA"
Seychelles,"SYC","Fish species, threatened","EN.FSH.THRD.NO","2019","YR2019","NA"
Seychelles,"SYC","Adjusted savings: particulate emission damage (% of GNI)","NY.ADJ.DPEM.GN.ZS","2019","YR2019","NA"
Seychelles,"SYC","Adjusted net savings, excluding particulate emission damage (% of GNI)","NY.ADJ.SVNX.GN.ZS","2019","YR2019","1.18716347757383"
Seychelles,"SYC","Adjusted net savings, including particulate emission damage (% of GNI)","NY.ADJ.SVNG.GN.ZS","2019","YR2019","NA"
Seychelles,"SYC","Adjusted savings: carbon dioxide damage (% of GNI)","NY.ADJ.DCO2.GN.ZS","2019","YR2019","1.57798098002172"
Sierra Leone,"SLE","Disaster risk reduction progress score (1-5 scale; 5=best)","EN.CLC.DRSK.XQ","2019","YR2019","NA"
Sierra Leone,"SLE","Food production index (2014-2016 = 100)","AG.PRD.FOOD.XD","2019","YR2019","78.32"
Sierra Leone,"SLE","Plant species (higher), threatened","EN.HPT.THRD.NO","2019","YR2019","NA"
Sierra Leone,"SLE","Mammal species, threatened","EN.MAM.THRD.NO","2019","YR2019","NA"
Sierra Leone,"SLE","PM2.5 air pollution, population exposed to levels exceeding WHO guideline value (% of total)","EN.ATM.PM25.MC.ZS","2019","YR2019","NA"
Sierra Leone,"SLE","PM2.5 pollution, population exposed to levels exceeding WHO Interim Target-2 value (% of total)","EN.ATM.PM25.MC.T2.ZS","2019","YR2019","NA"
Sierra Leone,"SLE","Population density (people per sq. km of land area)","EN.POP.DNST","2019","YR2019","107.120961485176"
Sierra Leone,"SLE","Population living in slums (% of urban population)","EN.POP.SLUM.UR.ZS","2019","YR2019","NA"
Sierra Leone,"SLE","People using safely managed sanitation services (% of population)","SH.STA.SMSS.ZS","2019","YR2019","13.3353088591787"
Sierra Leone,"SLE","People using at least basic sanitation services (% of population)","SH.STA.BASS.ZS","2019","YR2019","20.0997388519849"
Sierra Leone,"SLE","People practicing open defecation (% of population)","SH.STA.ODFC.ZS","2019","YR2019","17.4413180772797"
Sierra Leone,"SLE","Prevalence of current tobacco use (% of adults)","SH.PRV.SMOK","2019","YR2019","NA"
Sierra Leone,"SLE","Prevalence of moderate or severe food insecurity in the population (%)","SN.ITK.MSFI.ZS","2019","YR2019","85.3"
Sierra Leone,"SLE","Proportion of population facing financial hardship due to out-of-pocket health expenditure (%)","SH_UHC_FH40","2019","YR2019","NA"
Sierra Leone,"SLE","Proportion of population facing large (but non-impoverishing) out-of-pocket health expenditure (%)","SH_UHC_FH40_LARGE","2019","YR2019","NA"
Sierra Leone,"SLE","Proportion of population pushed into poverty (based on the societal poverty line) due to out-of-pocket health expenditure (%)","SH_UHC_FH40_PUSHED","2019","YR2019","NA"
Sierra Leone,"SLE","Risk of catastrophic expenditure for surgical care (% of people at risk)","SH.SGR.CRSK.ZS","2019","YR2019","84.3"
Sierra Leone,"SLE","Suicide mortality rate (per 100,000 population)","SH.STA.SUIC.P5","2019","YR2019","6.14"
Sierra Leone,"SLE","Total alcohol consumption per capita (liters of pure alcohol, projected estimates, 15+ years of age)","SH.ALC.PCAP.LI","2019","YR2019","0.26"
Sierra Leone,"SLE","Birth rate, crude (per 1,000 people)","SP.DYN.CBRT.IN","2019","YR2019","32.808"
Sierra Leone,"SLE","Cause of death, by communicable diseases and maternal, prenatal and nutrition conditions (% of total)","SH.DTH.COMM.ZS","2019","YR2019","57.7420714444157"
Sierra Leone,"SLE","Cause of death, by non-communicable diseases (% of total)","SH.DTH.NCOM.ZS","2019","YR2019","33.9602703541202"
Sierra Leone,"SLE","Current health expenditure per capita (current US$)","SH.XPD.CHEX.PC.CD","2019","YR2019","48.13619995"
Sierra Leone,"SLE","Death rate, crude (per 1,000 people)","SP.DYN.CDRT.IN","2019","YR2019","9.39"
Sierra Leone,"SLE","Domestic general government health expenditure (% of GDP)","SH.XPD.GHED.GD.ZS","2019","YR2019","0.77659142"
Sierra Leone,"SLE","Domestic general government health expenditure per capita (current US$)","SH.XPD.GHED.PC.CD","2019","YR2019","6.55219883"
Sierra Leone,"SLE","Domestic private health expenditure (% of current health expenditure)","SH.XPD.PVTD.CH.ZS","2019","YR2019","54.20046234"
Sierra Leone,"SLE","Domestic private health expenditure per capita, PPP (current international $)","SH.XPD.PVTD.PP.CD","2019","YR2019","83.6173412416235"
Sierra Leone,"SLE","External health expenditure (% of current health expenditure)","SH.XPD.EHEX.CH.ZS","2019","YR2019","32.18774796"
Sierra Leone,"SLE","Incidence of tuberculosis (per 100,000 people)","SH.TBS.INCD","2019","YR2019","412"
Sierra Leone,"SLE","Incidence of HIV, all (per 1,000 uninfected population)","SH.HIV.INCD.TL.P3","2019","YR2019","0.61"
Sierra Leone,"SLE","Mortality rate attributed to household and ambient air pollution, age-standardized, female (per 100,000 female population)","SH.STA.AIRP.FE.P5","2019","YR2019","235.1"
Sierra Leone,"SLE","Mortality rate attributed to unintentional poisoning (per 100,000 population)","SH.STA.POIS.P5","2019","YR2019","1.35"
Sierra Leone,"SLE","Mortality rate, infant (per 1,000 live births)","SP.DYN.IMRT.IN","2019","YR2019","64"
Sierra Leone,"SLE","Mortality rate, under-5 (per 1,000 live births)","SH.DYN.MORT","2019","YR2019","108.3"
Sierra Leone,"SLE","Out-of-pocket expenditure (% of current health expenditure)","SH.XPD.OOPC.CH.ZS","2019","YR2019","52.88983917"
Sierra Leone,"SLE","People using at least basic drinking water services (% of population)","SH.H2O.BASW.ZS","2019","YR2019","62.2435949536526"
Sierra Leone,"SLE","People with basic handwashing facilities including soap and water (% of population)","SH.STA.HYGN.ZS","2019","YR2019","16.4402996431246"
Sierra Leone,"SLE","Population growth (annual %)","SP.POP.GROW","2019","YR2019","2.32146457882717"
Sierra Leone,"SLE","Prevalence of severe food insecurity in the population (%)","SN.ITK.SVFI.ZS","2019","YR2019","32.2"
Sierra Leone,"SLE","Prevalence of undernourishment (% of population)","SN.ITK.DEFC.ZS","2019","YR2019","27.8"
Sierra Leone,"SLE","Proportion of population facing impoverishing out-of-pocket health expenditure, based on the societal poverty line (%)","SH_UHC_FH40_IMPOV","2019","YR2019","NA"
Sierra Leone,"SLE","Proportion of population further impoverished due to out-of-pocket health expenditure, based on the societal poverty line (%)","SH_UHC_FH40_FURTHER","2019","YR2019","NA"
Sierra Leone,"SLE","Risk of impoverishing expenditure for surgical care (% of people at risk)","SH.SGR.IRSK.ZS","2019","YR2019","93.4"
Sierra Leone,"SLE","UHC service coverage index","SH_UHC_SCI","2019","YR2019","42"
Sierra Leone,"SLE","Wanted fertility rate (births per woman)","SP.DYN.WFRT","2019","YR2019","3.8"
Sierra Leone,"SLE","Access to electricity (% of population)","EG.ELC.ACCS.ZS","2019","YR2019","22.7"
Sierra Leone,"SLE","Bird species, threatened","EN.BIR.THRD.NO","2019","YR2019","NA"
Sierra Leone,"SLE","Fish species, threatened","EN.FSH.THRD.NO","2019","YR2019","NA"
Sierra Leone,"SLE","Adjusted savings: particulate emission damage (% of GNI)","NY.ADJ.DPEM.GN.ZS","2019","YR2019","2.3989134219761"
Sierra Leone,"SLE","Adjusted net savings, excluding particulate emission damage (% of GNI)","NY.ADJ.SVNX.GN.ZS","2019","YR2019","-9.38119972660034"
Sierra Leone,"SLE","Adjusted net savings, including particulate emission damage (% of GNI)","NY.ADJ.SVNG.GN.ZS","2019","YR2019","-11.7801131485764"
Sierra Leone,"SLE","Adjusted savings: carbon dioxide damage (% of GNI)","NY.ADJ.DCO2.GN.ZS","2019","YR2019","0.911786321259289"
"Somalia, Fed. Rep.","SOM","Disaster risk reduction progress score (1-5 scale; 5=best)","EN.CLC.DRSK.XQ","2019","YR2019","NA"
"Somalia, Fed. Rep.","SOM","Food production index (2014-2016 = 100)","AG.PRD.FOOD.XD","2019","YR2019","99.76"
"Somalia, Fed. Rep.","SOM","Plant species (higher), threatened","EN.HPT.THRD.NO","2019","YR2019","NA"
"Somalia, Fed. Rep.","SOM","Mammal species, threatened","EN.MAM.THRD.NO","2019","YR2019","NA"
"Somalia, Fed. Rep.","SOM","PM2.5 air pollution, population exposed to levels exceeding WHO guideline value (% of total)","EN.ATM.PM25.MC.ZS","2019","YR2019","NA"
"Somalia, Fed. Rep.","SOM","PM2.5 pollution, population exposed to levels exceeding WHO Interim Target-2 value (% of total)","EN.ATM.PM25.MC.T2.ZS","2019","YR2019","NA"
"Somalia, Fed. Rep.","SOM","Population density (people per sq. km of land area)","EN.POP.DNST","2019","YR2019","25.5538798737527"
"Somalia, Fed. Rep.","SOM","Population living in slums (% of urban population)","EN.POP.SLUM.UR.ZS","2019","YR2019","NA"
"Somalia, Fed. Rep.","SOM","People using safely managed sanitation services (% of population)","SH.STA.SMSS.ZS","2019","YR2019","14.2404533925393"
"Somalia, Fed. Rep.","SOM","People using at least basic sanitation services (% of population)","SH.STA.BASS.ZS","2019","YR2019","39.2334053088705"
"Somalia, Fed. Rep.","SOM","People practicing open defecation (% of population)","SH.STA.ODFC.ZS","2019","YR2019","22.5050092401358"
"Somalia, Fed. Rep.","SOM","Prevalence of current tobacco use (% of adults)","SH.PRV.SMOK","2019","YR2019","NA"
"Somalia, Fed. Rep.","SOM","Prevalence of moderate or severe food insecurity in the population (%)","SN.ITK.MSFI.ZS","2019","YR2019","NA"
"Somalia, Fed. Rep.","SOM","Proportion of population facing financial hardship due to out-of-pocket health expenditure (%)","SH_UHC_FH40","2019","YR2019","NA"
"Somalia, Fed. Rep.","SOM","Proportion of population facing large (but non-impoverishing) out-of-pocket health expenditure (%)","SH_UHC_FH40_LARGE","2019","YR2019","NA"
"Somalia, Fed. Rep.","SOM","Proportion of population pushed into poverty (based on the societal poverty line) due to out-of-pocket health expenditure (%)","SH_UHC_FH40_PUSHED","2019","YR2019","NA"
"Somalia, Fed. Rep.","SOM","Risk of catastrophic expenditure for surgical care (% of people at risk)","SH.SGR.CRSK.ZS","2019","YR2019","NA"
"Somalia, Fed. Rep.","SOM","Suicide mortality rate (per 100,000 population)","SH.STA.SUIC.P5","2019","YR2019","7.92"
"Somalia, Fed. Rep.","SOM","Total alcohol consumption per capita (liters of pure alcohol, projected estimates, 15+ years of age)","SH.ALC.PCAP.LI","2019","YR2019","0"
"Somalia, Fed. Rep.","SOM","Birth rate, crude (per 1,000 people)","SP.DYN.CBRT.IN","2019","YR2019","45.139"
"Somalia, Fed. Rep.","SOM","Cause of death, by communicable diseases and maternal, prenatal and nutrition conditions (% of total)","SH.DTH.COMM.ZS","2019","YR2019","62.1743193957673"
"Somalia, Fed. Rep.","SOM","Cause of death, by non-communicable diseases (% of total)","SH.DTH.NCOM.ZS","2019","YR2019","27.8454792672164"
"Somalia, Fed. Rep.","SOM","Current health expenditure per capita (current US$)","SH.XPD.CHEX.PC.CD","2019","YR2019","12.99074364"
"Somalia, Fed. Rep.","SOM","Death rate, crude (per 1,000 people)","SP.DYN.CDRT.IN","2019","YR2019","10.908"
"Somalia, Fed. Rep.","SOM","Domestic general government health expenditure (% of GDP)","SH.XPD.GHED.GD.ZS","2019","YR2019","0.15007043"
"Somalia, Fed. Rep.","SOM","Domestic general government health expenditure per capita (current US$)","SH.XPD.GHED.PC.CD","2019","YR2019","0.8102189"
"Somalia, Fed. Rep.","SOM","Domestic private health expenditure (% of current health expenditure)","SH.XPD.PVTD.CH.ZS","2019","YR2019","45.94006348"
"Somalia, Fed. Rep.","SOM","Domestic private health expenditure per capita, PPP (current international $)","SH.XPD.PVTD.PP.CD","2019","YR2019","16.5911244062348"
"Somalia, Fed. Rep.","SOM","External health expenditure (% of current health expenditure)","SH.XPD.EHEX.CH.ZS","2019","YR2019","47.82304382"
"Somalia, Fed. Rep.","SOM","Incidence of tuberculosis (per 100,000 people)","SH.TBS.INCD","2019","YR2019","175"
"Somalia, Fed. Rep.","SOM","Incidence of HIV, all (per 1,000 uninfected population)","SH.HIV.INCD.TL.P3","2019","YR2019","0.1"
"Somalia, Fed. Rep.","SOM","Mortality rate attributed to household and ambient air pollution, age-standardized, female (per 100,000 female population)","SH.STA.AIRP.FE.P5","2019","YR2019","188.6"
"Somalia, Fed. Rep.","SOM","Mortality rate attributed to unintentional poisoning (per 100,000 population)","SH.STA.POIS.P5","2019","YR2019","3.22"
"Somalia, Fed. Rep.","SOM","Mortality rate, infant (per 1,000 live births)","SP.DYN.IMRT.IN","2019","YR2019","75"
"Somalia, Fed. Rep.","SOM","Mortality rate, under-5 (per 1,000 live births)","SH.DYN.MORT","2019","YR2019","118.4"
"Somalia, Fed. Rep.","SOM","Out-of-pocket expenditure (% of current health expenditure)","SH.XPD.OOPC.CH.ZS","2019","YR2019","44.99186707"
"Somalia, Fed. Rep.","SOM","People using at least basic drinking water services (% of population)","SH.H2O.BASW.ZS","2019","YR2019","63.1909737588395"
"Somalia, Fed. Rep.","SOM","People with basic handwashing facilities including soap and water (% of population)","SH.STA.HYGN.ZS","2019","YR2019","26.4927901534281"
"Somalia, Fed. Rep.","SOM","Population growth (annual %)","SP.POP.GROW","2019","YR2019","3.67525774477084"
"Somalia, Fed. Rep.","SOM","Prevalence of severe food insecurity in the population (%)","SN.ITK.SVFI.ZS","2019","YR2019","NA"
"Somalia, Fed. Rep.","SOM","Prevalence of undernourishment (% of population)","SN.ITK.DEFC.ZS","2019","YR2019","53.9"
"Somalia, Fed. Rep.","SOM","Proportion of population facing impoverishing out-of-pocket health expenditure, based on the societal poverty line (%)","SH_UHC_FH40_IMPOV","2019","YR2019","NA"
"Somalia, Fed. Rep.","SOM","Proportion of population further impoverished due to out-of-pocket health expenditure, based on the societal poverty line (%)","SH_UHC_FH40_FURTHER","2019","YR2019","NA"
"Somalia, Fed. Rep.","SOM","Risk of impoverishing expenditure for surgical care (% of people at risk)","SH.SGR.IRSK.ZS","2019","YR2019","NA"
"Somalia, Fed. Rep.","SOM","UHC service coverage index","SH_UHC_SCI","2019","YR2019","28"
"Somalia, Fed. Rep.","SOM","Wanted fertility rate (births per woman)","SP.DYN.WFRT","2019","YR2019","NA"
"Somalia, Fed. Rep.","SOM","Access to electricity (% of population)","EG.ELC.ACCS.ZS","2019","YR2019","49.2"
"Somalia, Fed. Rep.","SOM","Bird species, threatened","EN.BIR.THRD.NO","2019","YR2019","NA"
"Somalia, Fed. Rep.","SOM","Fish species, threatened","EN.FSH.THRD.NO","2019","YR2019","NA"
"Somalia, Fed. Rep.","SOM","Adjusted savings: particulate emission damage (% of GNI)","NY.ADJ.DPEM.GN.ZS","2019","YR2019","7.15343193571447"
"Somalia, Fed. Rep.","SOM","Adjusted net savings, excluding particulate emission damage (% of GNI)","NY.ADJ.SVNX.GN.ZS","2019","YR2019","NA"
"Somalia, Fed. Rep.","SOM","Adjusted net savings, including particulate emission damage (% of GNI)","NY.ADJ.SVNG.GN.ZS","2019","YR2019","NA"
"Somalia, Fed. Rep.","SOM","Adjusted savings: carbon dioxide damage (% of GNI)","NY.ADJ.DCO2.GN.ZS","2019","YR2019","0.436286386451587"
South Africa,"ZAF","Disaster risk reduction progress score (1-5 scale; 5=best)","EN.CLC.DRSK.XQ","2019","YR2019","NA"
South Africa,"ZAF","Food production index (2014-2016 = 100)","AG.PRD.FOOD.XD","2019","YR2019","104.48"
South Africa,"ZAF","Plant species (higher), threatened","EN.HPT.THRD.NO","2019","YR2019","NA"
South Africa,"ZAF","Mammal species, threatened","EN.MAM.THRD.NO","2019","YR2019","NA"
South Africa,"ZAF","PM2.5 air pollution, population exposed to levels exceeding WHO guideline value (% of total)","EN.ATM.PM25.MC.ZS","2019","YR2019","NA"
South Africa,"ZAF","PM2.5 pollution, population exposed to levels exceeding WHO Interim Target-2 value (% of total)","EN.ATM.PM25.MC.T2.ZS","2019","YR2019","NA"
South Africa,"ZAF","Population density (people per sq. km of land area)","EN.POP.DNST","2019","YR2019","49.1207453692636"
South Africa,"ZAF","Population living in slums (% of urban population)","EN.POP.SLUM.UR.ZS","2019","YR2019","NA"
South Africa,"ZAF","People using safely managed sanitation services (% of population)","SH.STA.SMSS.ZS","2019","YR2019","65.2819973489449"
South Africa,"ZAF","People using at least basic sanitation services (% of population)","SH.STA.BASS.ZS","2019","YR2019","74.2781920666219"
South Africa,"ZAF","People practicing open defecation (% of population)","SH.STA.ODFC.ZS","2019","YR2019","1.56583308152209"
South Africa,"ZAF","Prevalence of current tobacco use (% of adults)","SH.PRV.SMOK","2019","YR2019","NA"
South Africa,"ZAF","Prevalence of moderate or severe food insecurity in the population (%)","SN.ITK.MSFI.ZS","2019","YR2019","18.2"
South Africa,"ZAF","Proportion of population facing financial hardship due to out-of-pocket health expenditure (%)","SH_UHC_FH40","2019","YR2019","NA"
South Africa,"ZAF","Proportion of population facing large (but non-impoverishing) out-of-pocket health expenditure (%)","SH_UHC_FH40_LARGE","2019","YR2019","NA"
South Africa,"ZAF","Proportion of population pushed into poverty (based on the societal poverty line) due to out-of-pocket health expenditure (%)","SH_UHC_FH40_PUSHED","2019","YR2019","NA"
South Africa,"ZAF","Risk of catastrophic expenditure for surgical care (% of people at risk)","SH.SGR.CRSK.ZS","2019","YR2019","13.8"
South Africa,"ZAF","Suicide mortality rate (per 100,000 population)","SH.STA.SUIC.P5","2019","YR2019","20.14"
South Africa,"ZAF","Total alcohol consumption per capita (liters of pure alcohol, projected estimates, 15+ years of age)","SH.ALC.PCAP.LI","2019","YR2019","8.77"
South Africa,"ZAF","Birth rate, crude (per 1,000 people)","SP.DYN.CBRT.IN","2019","YR2019","19.694"
South Africa,"ZAF","Cause of death, by communicable diseases and maternal, prenatal and nutrition conditions (% of total)","SH.DTH.COMM.ZS","2019","YR2019","36.0055219269501"
South Africa,"ZAF","Cause of death, by non-communicable diseases (% of total)","SH.DTH.NCOM.ZS","2019","YR2019","52.252517094347"
South Africa,"ZAF","Current health expenditure per capita (current US$)","SH.XPD.CHEX.PC.CD","2019","YR2019","538.80438232"
South Africa,"ZAF","Death rate, crude (per 1,000 people)","SP.DYN.CDRT.IN","2019","YR2019","8.75"
South Africa,"ZAF","Domestic general government health expenditure (% of GDP)","SH.XPD.GHED.GD.ZS","2019","YR2019","4.80006361"
South Africa,"ZAF","Domestic general government health expenditure per capita (current US$)","SH.XPD.GHED.PC.CD","2019","YR2019","313.62231793"
South Africa,"ZAF","Domestic private health expenditure (% of current health expenditure)","SH.XPD.PVTD.CH.ZS","2019","YR2019","40.67245865"
South Africa,"ZAF","Domestic private health expenditure per capita, PPP (current international $)","SH.XPD.PVTD.PP.CD","2019","YR2019","448.15306389226"
South Africa,"ZAF","External health expenditure (% of current health expenditure)","SH.XPD.EHEX.CH.ZS","2019","YR2019","1.12045979"
South Africa,"ZAF","Incidence of tuberculosis (per 100,000 people)","SH.TBS.INCD","2019","YR2019","615"
South Africa,"ZAF","Incidence of HIV, all (per 1,000 uninfected population)","SH.HIV.INCD.TL.P3","2019","YR2019","4.1"
South Africa,"ZAF","Mortality rate attributed to household and ambient air pollution, age-standardized, female (per 100,000 female population)","SH.STA.AIRP.FE.P5","2019","YR2019","61.7"
South Africa,"ZAF","Mortality rate attributed to unintentional poisoning (per 100,000 population)","SH.STA.POIS.P5","2019","YR2019","1.58"
South Africa,"ZAF","Mortality rate, infant (per 1,000 live births)","SP.DYN.IMRT.IN","2019","YR2019","25.1"
South Africa,"ZAF","Mortality rate, under-5 (per 1,000 live births)","SH.DYN.MORT","2019","YR2019","34.3"
South Africa,"ZAF","Out-of-pocket expenditure (% of current health expenditure)","SH.XPD.OOPC.CH.ZS","2019","YR2019","5.74111795"
South Africa,"ZAF","People using at least basic drinking water services (% of population)","SH.H2O.BASW.ZS","2019","YR2019","91.3923995625225"
South Africa,"ZAF","People with basic handwashing facilities including soap and water (% of population)","SH.STA.HYGN.ZS","2019","YR2019","44.2448238995938"
South Africa,"ZAF","Population growth (annual %)","SP.POP.GROW","2019","YR2019","1.64957495527878"
South Africa,"ZAF","Prevalence of severe food insecurity in the population (%)","SN.ITK.SVFI.ZS","2019","YR2019","7.5"
South Africa,"ZAF","Prevalence of undernourishment (% of population)","SN.ITK.DEFC.ZS","2019","YR2019","7.2"
South Africa,"ZAF","Proportion of population facing impoverishing out-of-pocket health expenditure, based on the societal poverty line (%)","SH_UHC_FH40_IMPOV","2019","YR2019","NA"
South Africa,"ZAF","Proportion of population further impoverished due to out-of-pocket health expenditure, based on the societal poverty line (%)","SH_UHC_FH40_FURTHER","2019","YR2019","NA"
South Africa,"ZAF","Risk of impoverishing expenditure for surgical care (% of people at risk)","SH.SGR.IRSK.ZS","2019","YR2019","34.3"
South Africa,"ZAF","UHC service coverage index","SH_UHC_SCI","2019","YR2019","67"
South Africa,"ZAF","Wanted fertility rate (births per woman)","SP.DYN.WFRT","2019","YR2019","NA"
South Africa,"ZAF","Access to electricity (% of population)","EG.ELC.ACCS.ZS","2019","YR2019","85"
South Africa,"ZAF","Bird species, threatened","EN.BIR.THRD.NO","2019","YR2019","NA"
South Africa,"ZAF","Fish species, threatened","EN.FSH.THRD.NO","2019","YR2019","NA"
South Africa,"ZAF","Adjusted savings: particulate emission damage (% of GNI)","NY.ADJ.DPEM.GN.ZS","2019","YR2019","0.388206498363921"
South Africa,"ZAF","Adjusted net savings, excluding particulate emission damage (% of GNI)","NY.ADJ.SVNX.GN.ZS","2019","YR2019","-1.74508376236857"
South Africa,"ZAF","Adjusted net savings, including particulate emission damage (% of GNI)","NY.ADJ.SVNG.GN.ZS","2019","YR2019","-2.13329026073249"
South Africa,"ZAF","Adjusted savings: carbon dioxide damage (% of GNI)","NY.ADJ.DCO2.GN.ZS","2019","YR2019","4.73225144318364"
South Sudan,"SSD","Disaster risk reduction progress score (1-5 scale; 5=best)","EN.CLC.DRSK.XQ","2019","YR2019","NA"
South Sudan,"SSD","Food production index (2014-2016 = 100)","AG.PRD.FOOD.XD","2019","YR2019","110.73"
South Sudan,"SSD","Plant species (higher), threatened","EN.HPT.THRD.NO","2019","YR2019","NA"
South Sudan,"SSD","Mammal species, threatened","EN.MAM.THRD.NO","2019","YR2019","NA"
South Sudan,"SSD","PM2.5 air pollution, population exposed to levels exceeding WHO guideline value (% of total)","EN.ATM.PM25.MC.ZS","2019","YR2019","NA"
South Sudan,"SSD","PM2.5 pollution, population exposed to levels exceeding WHO Interim Target-2 value (% of total)","EN.ATM.PM25.MC.T2.ZS","2019","YR2019","NA"
South Sudan,"SSD","Population density (people per sq. km of land area)","EN.POP.DNST","2019","YR2019","16.4945231275616"
South Sudan,"SSD","Population living in slums (% of urban population)","EN.POP.SLUM.UR.ZS","2019","YR2019","NA"
South Sudan,"SSD","People using safely managed sanitation services (% of population)","SH.STA.SMSS.ZS","2019","YR2019","NA"
South Sudan,"SSD","People using at least basic sanitation services (% of population)","SH.STA.BASS.ZS","2019","YR2019","12.5375975656084"
South Sudan,"SSD","People practicing open defecation (% of population)","SH.STA.ODFC.ZS","2019","YR2019","65.510011614378"
South Sudan,"SSD","Prevalence of current tobacco use (% of adults)","SH.PRV.SMOK","2019","YR2019","NA"
South Sudan,"SSD","Prevalence of moderate or severe food insecurity in the population (%)","SN.ITK.MSFI.ZS","2019","YR2019","85.7"
South Sudan,"SSD","Proportion of population facing financial hardship due to out-of-pocket health expenditure (%)","SH_UHC_FH40","2019","YR2019","NA"
South Sudan,"SSD","Proportion of population facing large (but non-impoverishing) out-of-pocket health expenditure (%)","SH_UHC_FH40_LARGE","2019","YR2019","NA"
South Sudan,"SSD","Proportion of population pushed into poverty (based on the societal poverty line) due to out-of-pocket health expenditure (%)","SH_UHC_FH40_PUSHED","2019","YR2019","NA"
South Sudan,"SSD","Risk of catastrophic expenditure for surgical care (% of people at risk)","SH.SGR.CRSK.ZS","2019","YR2019","NA"
South Sudan,"SSD","Suicide mortality rate (per 100,000 population)","SH.STA.SUIC.P5","2019","YR2019","7.25"
South Sudan,"SSD","Total alcohol consumption per capita (liters of pure alcohol, projected estimates, 15+ years of age)","SH.ALC.PCAP.LI","2019","YR2019","NA"
South Sudan,"SSD","Birth rate, crude (per 1,000 people)","SP.DYN.CBRT.IN","2019","YR2019","29.421"
South Sudan,"SSD","Cause of death, by communicable diseases and maternal, prenatal and nutrition conditions (% of total)","SH.DTH.COMM.ZS","2019","YR2019","61.5097144022279"
South Sudan,"SSD","Cause of death, by non-communicable diseases (% of total)","SH.DTH.NCOM.ZS","2019","YR2019","28.1963524989063"
South Sudan,"SSD","Current health expenditure per capita (current US$)","SH.XPD.CHEX.PC.CD","2019","YR2019","35.18021774"
South Sudan,"SSD","Death rate, crude (per 1,000 people)","SP.DYN.CDRT.IN","2019","YR2019","9.302"
South Sudan,"SSD","Domestic general government health expenditure (% of GDP)","SH.XPD.GHED.GD.ZS","2019","YR2019","0.99254191"
South Sudan,"SSD","Domestic general government health expenditure per capita (current US$)","SH.XPD.GHED.PC.CD","2019","YR2019","3.85164254"
South Sudan,"SSD","Domestic private health expenditure (% of current health expenditure)","SH.XPD.PVTD.CH.ZS","2019","YR2019","51.51002121"
South Sudan,"SSD","Domestic private health expenditure per capita, PPP (current international $)","SH.XPD.PVTD.PP.CD","2019","YR2019","34.93059513232"
South Sudan,"SSD","External health expenditure (% of current health expenditure)","SH.XPD.EHEX.CH.ZS","2019","YR2019","37.54166031"
South Sudan,"SSD","Incidence of tuberculosis (per 100,000 people)","SH.TBS.INCD","2019","YR2019","353"
South Sudan,"SSD","Incidence of HIV, all (per 1,000 uninfected population)","SH.HIV.INCD.TL.P3","2019","YR2019","0.72"
South Sudan,"SSD","Mortality rate attributed to household and ambient air pollution, age-standardized, female (per 100,000 female population)","SH.STA.AIRP.FE.P5","2019","YR2019","117.3"
South Sudan,"SSD","Mortality rate attributed to unintentional poisoning (per 100,000 population)","SH.STA.POIS.P5","2019","YR2019","1.47"
South Sudan,"SSD","Mortality rate, infant (per 1,000 live births)","SP.DYN.IMRT.IN","2019","YR2019","71.9"
South Sudan,"SSD","Mortality rate, under-5 (per 1,000 live births)","SH.DYN.MORT","2019","YR2019","96.7"
South Sudan,"SSD","Out-of-pocket expenditure (% of current health expenditure)","SH.XPD.OOPC.CH.ZS","2019","YR2019","42.19261169"
South Sudan,"SSD","People using at least basic drinking water services (% of population)","SH.H2O.BASW.ZS","2019","YR2019","39.9136238003103"
South Sudan,"SSD","People with basic handwashing facilities including soap and water (% of population)","SH.STA.HYGN.ZS","2019","YR2019","21.6708028878174"
South Sudan,"SSD","Population growth (annual %)","SP.POP.GROW","2019","YR2019","2.92439531185626"
South Sudan,"SSD","Prevalence of severe food insecurity in the population (%)","SN.ITK.SVFI.ZS","2019","YR2019","63"
South Sudan,"SSD","Prevalence of undernourishment (% of population)","SN.ITK.DEFC.ZS","2019","YR2019","NA"
South Sudan,"SSD","Proportion of population facing impoverishing out-of-pocket health expenditure, based on the societal poverty line (%)","SH_UHC_FH40_IMPOV","2019","YR2019","NA"
South Sudan,"SSD","Proportion of population further impoverished due to out-of-pocket health expenditure, based on the societal poverty line (%)","SH_UHC_FH40_FURTHER","2019","YR2019","NA"
South Sudan,"SSD","Risk of impoverishing expenditure for surgical care (% of people at risk)","SH.SGR.IRSK.ZS","2019","YR2019","NA"
South Sudan,"SSD","UHC service coverage index","SH_UHC_SCI","2019","YR2019","36"
South Sudan,"SSD","Wanted fertility rate (births per woman)","SP.DYN.WFRT","2019","YR2019","NA"
South Sudan,"SSD","Access to electricity (% of population)","EG.ELC.ACCS.ZS","2019","YR2019","6.8"
South Sudan,"SSD","Bird species, threatened","EN.BIR.THRD.NO","2019","YR2019","NA"
South Sudan,"SSD","Fish species, threatened","EN.FSH.THRD.NO","2019","YR2019","NA"
South Sudan,"SSD","Adjusted savings: particulate emission damage (% of GNI)","NY.ADJ.DPEM.GN.ZS","2019","YR2019","NA"
South Sudan,"SSD","Adjusted net savings, excluding particulate emission damage (% of GNI)","NY.ADJ.SVNX.GN.ZS","2019","YR2019","NA"
South Sudan,"SSD","Adjusted net savings, including particulate emission damage (% of GNI)","NY.ADJ.SVNG.GN.ZS","2019","YR2019","NA"
South Sudan,"SSD","Adjusted savings: carbon dioxide damage (% of GNI)","NY.ADJ.DCO2.GN.ZS","2019","YR2019","NA"
Sudan,"SDN","Disaster risk reduction progress score (1-5 scale; 5=best)","EN.CLC.DRSK.XQ","2019","YR2019","NA"
Sudan,"SDN","Food production index (2014-2016 = 100)","AG.PRD.FOOD.XD","2019","YR2019","113.32"
Sudan,"SDN","Plant species (higher), threatened","EN.HPT.THRD.NO","2019","YR2019","NA"
Sudan,"SDN","Mammal species, threatened","EN.MAM.THRD.NO","2019","YR2019","NA"
Sudan,"SDN","PM2.5 air pollution, population exposed to levels exceeding WHO guideline value (% of total)","EN.ATM.PM25.MC.ZS","2019","YR2019","NA"
Sudan,"SDN","PM2.5 pollution, population exposed to levels exceeding WHO Interim Target-2 value (% of total)","EN.ATM.PM25.MC.T2.ZS","2019","YR2019","NA"
Sudan,"SDN","Population density (people per sq. km of land area)","EN.POP.DNST","2019","YR2019","24.3833913276231"
Sudan,"SDN","Population living in slums (% of urban population)","EN.POP.SLUM.UR.ZS","2019","YR2019","NA"
Sudan,"SDN","People using safely managed sanitation services (% of population)","SH.STA.SMSS.ZS","2019","YR2019","NA"
Sudan,"SDN","People using at least basic sanitation services (% of population)","SH.STA.BASS.ZS","2019","YR2019","51.3601722607621"
Sudan,"SDN","People practicing open defecation (% of population)","SH.STA.ODFC.ZS","2019","YR2019","24.3188188727782"
Sudan,"SDN","Prevalence of current tobacco use (% of adults)","SH.PRV.SMOK","2019","YR2019","NA"
Sudan,"SDN","Prevalence of moderate or severe food insecurity in the population (%)","SN.ITK.MSFI.ZS","2019","YR2019","NA"
Sudan,"SDN","Proportion of population facing financial hardship due to out-of-pocket health expenditure (%)","SH_UHC_FH40","2019","YR2019","NA"
Sudan,"SDN","Proportion of population facing large (but non-impoverishing) out-of-pocket health expenditure (%)","SH_UHC_FH40_LARGE","2019","YR2019","NA"
Sudan,"SDN","Proportion of population pushed into poverty (based on the societal poverty line) due to out-of-pocket health expenditure (%)","SH_UHC_FH40_PUSHED","2019","YR2019","NA"
Sudan,"SDN","Risk of catastrophic expenditure for surgical care (% of people at risk)","SH.SGR.CRSK.ZS","2019","YR2019","69.3"
Sudan,"SDN","Suicide mortality rate (per 100,000 population)","SH.STA.SUIC.P5","2019","YR2019","3.39"
Sudan,"SDN","Total alcohol consumption per capita (liters of pure alcohol, projected estimates, 15+ years of age)","SH.ALC.PCAP.LI","2019","YR2019","0.005"
Sudan,"SDN","Birth rate, crude (per 1,000 people)","SP.DYN.CBRT.IN","2019","YR2019","34.909"
Sudan,"SDN","Cause of death, by communicable diseases and maternal, prenatal and nutrition conditions (% of total)","SH.DTH.COMM.ZS","2019","YR2019","38.9254568748127"
Sudan,"SDN","Cause of death, by non-communicable diseases (% of total)","SH.DTH.NCOM.ZS","2019","YR2019","50.096353521353"
Sudan,"SDN","Current health expenditure per capita (current US$)","SH.XPD.CHEX.PC.CD","2019","YR2019","31.79406929"
Sudan,"SDN","Death rate, crude (per 1,000 people)","SP.DYN.CDRT.IN","2019","YR2019","6.549"
Sudan,"SDN","Domestic general government health expenditure (% of GDP)","SH.XPD.GHED.GD.ZS","2019","YR2019","1.03735721"
Sudan,"SDN","Domestic general government health expenditure per capita (current US$)","SH.XPD.GHED.PC.CD","2019","YR2019","7.17046331"
Sudan,"SDN","Domestic private health expenditure (% of current health expenditure)","SH.XPD.PVTD.CH.ZS","2019","YR2019","70.89068604"
Sudan,"SDN","Domestic private health expenditure per capita, PPP (current international $)","SH.XPD.PVTD.PP.CD","2019","YR2019","131.4281434361"
Sudan,"SDN","External health expenditure (% of current health expenditure)","SH.XPD.EHEX.CH.ZS","2019","YR2019","6.55648327"
Sudan,"SDN","Incidence of tuberculosis (per 100,000 people)","SH.TBS.INCD","2019","YR2019","67"
Sudan,"SDN","Incidence of HIV, all (per 1,000 uninfected population)","SH.HIV.INCD.TL.P3","2019","YR2019","0.1"
Sudan,"SDN","Mortality rate attributed to household and ambient air pollution, age-standardized, female (per 100,000 female population)","SH.STA.AIRP.FE.P5","2019","YR2019","135.4"
Sudan,"SDN","Mortality rate attributed to unintentional poisoning (per 100,000 population)","SH.STA.POIS.P5","2019","YR2019","1.41"
Sudan,"SDN","Mortality rate, infant (per 1,000 live births)","SP.DYN.IMRT.IN","2019","YR2019","43.4"
Sudan,"SDN","Mortality rate, under-5 (per 1,000 live births)","SH.DYN.MORT","2019","YR2019","56.1"
Sudan,"SDN","Out-of-pocket expenditure (% of current health expenditure)","SH.XPD.OOPC.CH.ZS","2019","YR2019","67.50370789"
Sudan,"SDN","People using at least basic drinking water services (% of population)","SH.H2O.BASW.ZS","2019","YR2019","60.1227730186922"
Sudan,"SDN","People with basic handwashing facilities including soap and water (% of population)","SH.STA.HYGN.ZS","2019","YR2019","14.2600000000002"
Sudan,"SDN","Population growth (annual %)","SP.POP.GROW","2019","YR2019","2.93537902352139"
Sudan,"SDN","Prevalence of severe food insecurity in the population (%)","SN.ITK.SVFI.ZS","2019","YR2019","NA"
Sudan,"SDN","Prevalence of undernourishment (% of population)","SN.ITK.DEFC.ZS","2019","YR2019","10.8"
Sudan,"SDN","Proportion of population facing impoverishing out-of-pocket health expenditure, based on the societal poverty line (%)","SH_UHC_FH40_IMPOV","2019","YR2019","NA"
Sudan,"SDN","Proportion of population further impoverished due to out-of-pocket health expenditure, based on the societal poverty line (%)","SH_UHC_FH40_FURTHER","2019","YR2019","NA"
Sudan,"SDN","Risk of impoverishing expenditure for surgical care (% of people at risk)","SH.SGR.IRSK.ZS","2019","YR2019","68.5"
Sudan,"SDN","UHC service coverage index","SH_UHC_SCI","2019","YR2019","47"
Sudan,"SDN","Wanted fertility rate (births per woman)","SP.DYN.WFRT","2019","YR2019","NA"
Sudan,"SDN","Access to electricity (% of population)","EG.ELC.ACCS.ZS","2019","YR2019","57.6"
Sudan,"SDN","Bird species, threatened","EN.BIR.THRD.NO","2019","YR2019","NA"
Sudan,"SDN","Fish species, threatened","EN.FSH.THRD.NO","2019","YR2019","NA"
Sudan,"SDN","Adjusted savings: particulate emission damage (% of GNI)","NY.ADJ.DPEM.GN.ZS","2019","YR2019","2.13289146559149"
Sudan,"SDN","Adjusted net savings, excluding particulate emission damage (% of GNI)","NY.ADJ.SVNX.GN.ZS","2019","YR2019","25.8347152397501"
Sudan,"SDN","Adjusted net savings, including particulate emission damage (% of GNI)","NY.ADJ.SVNG.GN.ZS","2019","YR2019","23.7018237741586"
Sudan,"SDN","Adjusted savings: carbon dioxide damage (% of GNI)","NY.ADJ.DCO2.GN.ZS","2019","YR2019","2.73736025342274"
Tanzania,"TZA","Disaster risk reduction progress score (1-5 scale; 5=best)","EN.CLC.DRSK.XQ","2019","YR2019","NA"
Tanzania,"TZA","Food production index (2014-2016 = 100)","AG.PRD.FOOD.XD","2019","YR2019","105.58"
Tanzania,"TZA","Plant species (higher), threatened","EN.HPT.THRD.NO","2019","YR2019","NA"
Tanzania,"TZA","Mammal species, threatened","EN.MAM.THRD.NO","2019","YR2019","NA"
Tanzania,"TZA","PM2.5 air pollution, population exposed to levels exceeding WHO guideline value (% of total)","EN.ATM.PM25.MC.ZS","2019","YR2019","NA"
Tanzania,"TZA","PM2.5 pollution, population exposed to levels exceeding WHO Interim Target-2 value (% of total)","EN.ATM.PM25.MC.T2.ZS","2019","YR2019","NA"
Tanzania,"TZA","Population density (people per sq. km of land area)","EN.POP.DNST","2019","YR2019","66.8038959132987"
Tanzania,"TZA","Population living in slums (% of urban population)","EN.POP.SLUM.UR.ZS","2019","YR2019","NA"
Tanzania,"TZA","People using safely managed sanitation services (% of population)","SH.STA.SMSS.ZS","2019","YR2019","23.6164485665611"
Tanzania,"TZA","People using at least basic sanitation services (% of population)","SH.STA.BASS.ZS","2019","YR2019","29.6802357492442"
Tanzania,"TZA","People practicing open defecation (% of population)","SH.STA.ODFC.ZS","2019","YR2019","7.76203479537662"
Tanzania,"TZA","Prevalence of current tobacco use (% of adults)","SH.PRV.SMOK","2019","YR2019","NA"
Tanzania,"TZA","Prevalence of moderate or severe food insecurity in the population (%)","SN.ITK.MSFI.ZS","2019","YR2019","56.3"
Tanzania,"TZA","Proportion of population facing financial hardship due to out-of-pocket health expenditure (%)","SH_UHC_FH40","2019","YR2019","NA"
Tanzania,"TZA","Proportion of population facing large (but non-impoverishing) out-of-pocket health expenditure (%)","SH_UHC_FH40_LARGE","2019","YR2019","NA"
Tanzania,"TZA","Proportion of population pushed into poverty (based on the societal poverty line) due to out-of-pocket health expenditure (%)","SH_UHC_FH40_PUSHED","2019","YR2019","NA"
Tanzania,"TZA","Risk of catastrophic expenditure for surgical care (% of people at risk)","SH.SGR.CRSK.ZS","2019","YR2019","45.9"
Tanzania,"TZA","Suicide mortality rate (per 100,000 population)","SH.STA.SUIC.P5","2019","YR2019","4.48"
Tanzania,"TZA","Total alcohol consumption per capita (liters of pure alcohol, projected estimates, 15+ years of age)","SH.ALC.PCAP.LI","2019","YR2019","10.36"
Tanzania,"TZA","Birth rate, crude (per 1,000 people)","SP.DYN.CBRT.IN","2019","YR2019","36.883"
Tanzania,"TZA","Cause of death, by communicable diseases and maternal, prenatal and nutrition conditions (% of total)","SH.DTH.COMM.ZS","2019","YR2019","54.0155450648365"
Tanzania,"TZA","Cause of death, by non-communicable diseases (% of total)","SH.DTH.NCOM.ZS","2019","YR2019","37.2189142588368"
Tanzania,"TZA","Current health expenditure per capita (current US$)","SH.XPD.CHEX.PC.CD","2019","YR2019","39.97783661"
Tanzania,"TZA","Death rate, crude (per 1,000 people)","SP.DYN.CDRT.IN","2019","YR2019","6.183"
Tanzania,"TZA","Domestic general government health expenditure (% of GDP)","SH.XPD.GHED.GD.ZS","2019","YR2019","1.6312809"
Tanzania,"TZA","Domestic general government health expenditure per capita (current US$)","SH.XPD.GHED.PC.CD","2019","YR2019","16.20863437"
Tanzania,"TZA","Domestic private health expenditure (% of current health expenditure)","SH.XPD.PVTD.CH.ZS","2019","YR2019","22.62815857"
Tanzania,"TZA","Domestic private health expenditure per capita, PPP (current international $)","SH.XPD.PVTD.PP.CD","2019","YR2019","25.3684672980599"
Tanzania,"TZA","External health expenditure (% of current health expenditure)","SH.XPD.EHEX.CH.ZS","2019","YR2019","36.82778931"
Tanzania,"TZA","Incidence of tuberculosis (per 100,000 people)","SH.TBS.INCD","2019","YR2019","237"
Tanzania,"TZA","Incidence of HIV, all (per 1,000 uninfected population)","SH.HIV.INCD.TL.P3","2019","YR2019","1.6"
Tanzania,"TZA","Mortality rate attributed to household and ambient air pollution, age-standardized, female (per 100,000 female population)","SH.STA.AIRP.FE.P5","2019","YR2019","113.8"
Tanzania,"TZA","Mortality rate attributed to unintentional poisoning (per 100,000 population)","SH.STA.POIS.P5","2019","YR2019","1.09"
Tanzania,"TZA","Mortality rate, infant (per 1,000 live births)","SP.DYN.IMRT.IN","2019","YR2019","34.5"
Tanzania,"TZA","Mortality rate, under-5 (per 1,000 live births)","SH.DYN.MORT","2019","YR2019","45.6"
Tanzania,"TZA","Out-of-pocket expenditure (% of current health expenditure)","SH.XPD.OOPC.CH.ZS","2019","YR2019","21.82167053"
Tanzania,"TZA","People using at least basic drinking water services (% of population)","SH.H2O.BASW.ZS","2019","YR2019","56.8787467857379"
Tanzania,"TZA","People with basic handwashing facilities including soap and water (% of population)","SH.STA.HYGN.ZS","2019","YR2019","17.2116372537209"
Tanzania,"TZA","Population growth (annual %)","SP.POP.GROW","2019","YR2019","2.98060939385811"
Tanzania,"TZA","Prevalence of severe food insecurity in the population (%)","SN.ITK.SVFI.ZS","2019","YR2019","24.4"
Tanzania,"TZA","Prevalence of undernourishment (% of population)","SN.ITK.DEFC.ZS","2019","YR2019","23"
Tanzania,"TZA","Proportion of population facing impoverishing out-of-pocket health expenditure, based on the societal poverty line (%)","SH_UHC_FH40_IMPOV","2019","YR2019","NA"
Tanzania,"TZA","Proportion of population further impoverished due to out-of-pocket health expenditure, based on the societal poverty line (%)","SH_UHC_FH40_FURTHER","2019","YR2019","NA"
Tanzania,"TZA","Risk of impoverishing expenditure for surgical care (% of people at risk)","SH.SGR.IRSK.ZS","2019","YR2019","91.5"
Tanzania,"TZA","UHC service coverage index","SH_UHC_SCI","2019","YR2019","44"
Tanzania,"TZA","Wanted fertility rate (births per woman)","SP.DYN.WFRT","2019","YR2019","NA"
Tanzania,"TZA","Access to electricity (% of population)","EG.ELC.ACCS.ZS","2019","YR2019","37.7"
Tanzania,"TZA","Bird species, threatened","EN.BIR.THRD.NO","2019","YR2019","NA"
Tanzania,"TZA","Fish species, threatened","EN.FSH.THRD.NO","2019","YR2019","NA"
Tanzania,"TZA","Adjusted savings: particulate emission damage (% of GNI)","NY.ADJ.DPEM.GN.ZS","2019","YR2019","1.30936377468744"
Tanzania,"TZA","Adjusted net savings, excluding particulate emission damage (% of GNI)","NY.ADJ.SVNX.GN.ZS","2019","YR2019","26.5052644324689"
Tanzania,"TZA","Adjusted net savings, including particulate emission damage (% of GNI)","NY.ADJ.SVNG.GN.ZS","2019","YR2019","25.1959006577815"
Tanzania,"TZA","Adjusted savings: carbon dioxide damage (% of GNI)","NY.ADJ.DCO2.GN.ZS","2019","YR2019","0.820078037842415"
Togo,"TGO","Disaster risk reduction progress score (1-5 scale; 5=best)","EN.CLC.DRSK.XQ","2019","YR2019","NA"
Togo,"TGO","Food production index (2014-2016 = 100)","AG.PRD.FOOD.XD","2019","YR2019","114.05"
Togo,"TGO","Plant species (higher), threatened","EN.HPT.THRD.NO","2019","YR2019","NA"
Togo,"TGO","Mammal species, threatened","EN.MAM.THRD.NO","2019","YR2019","NA"
Togo,"TGO","PM2.5 air pollution, population exposed to levels exceeding WHO guideline value (% of total)","EN.ATM.PM25.MC.ZS","2019","YR2019","NA"
Togo,"TGO","PM2.5 pollution, population exposed to levels exceeding WHO Interim Target-2 value (% of total)","EN.ATM.PM25.MC.T2.ZS","2019","YR2019","NA"
Togo,"TGO","Population density (people per sq. km of land area)","EN.POP.DNST","2019","YR2019","140.097904026475"
Togo,"TGO","Population living in slums (% of urban population)","EN.POP.SLUM.UR.ZS","2019","YR2019","NA"
Togo,"TGO","People using safely managed sanitation services (% of population)","SH.STA.SMSS.ZS","2019","YR2019","11.4574905415172"
Togo,"TGO","People using at least basic sanitation services (% of population)","SH.STA.BASS.ZS","2019","YR2019","21.6400439153227"
Togo,"TGO","People practicing open defecation (% of population)","SH.STA.ODFC.ZS","2019","YR2019","38.7821418392457"
Togo,"TGO","Prevalence of current tobacco use (% of adults)","SH.PRV.SMOK","2019","YR2019","NA"
Togo,"TGO","Prevalence of moderate or severe food insecurity in the population (%)","SN.ITK.MSFI.ZS","2019","YR2019","56.3"
Togo,"TGO","Proportion of population facing financial hardship due to out-of-pocket health expenditure (%)","SH_UHC_FH40","2019","YR2019","NA"
Togo,"TGO","Proportion of population facing large (but non-impoverishing) out-of-pocket health expenditure (%)","SH_UHC_FH40_LARGE","2019","YR2019","NA"
Togo,"TGO","Proportion of population pushed into poverty (based on the societal poverty line) due to out-of-pocket health expenditure (%)","SH_UHC_FH40_PUSHED","2019","YR2019","NA"
Togo,"TGO","Risk of catastrophic expenditure for surgical care (% of people at risk)","SH.SGR.CRSK.ZS","2019","YR2019","70.9"
Togo,"TGO","Suicide mortality rate (per 100,000 population)","SH.STA.SUIC.P5","2019","YR2019","9.77"
Togo,"TGO","Total alcohol consumption per capita (liters of pure alcohol, projected estimates, 15+ years of age)","SH.ALC.PCAP.LI","2019","YR2019","1.42"
Togo,"TGO","Birth rate, crude (per 1,000 people)","SP.DYN.CBRT.IN","2019","YR2019","34.907"
Togo,"TGO","Cause of death, by communicable diseases and maternal, prenatal and nutrition conditions (% of total)","SH.DTH.COMM.ZS","2019","YR2019","46.116486630999"
Togo,"TGO","Cause of death, by non-communicable diseases (% of total)","SH.DTH.NCOM.ZS","2019","YR2019","44.1613709561536"
Togo,"TGO","Current health expenditure per capita (current US$)","SH.XPD.CHEX.PC.CD","2019","YR2019","48.85387421"
Togo,"TGO","Death rate, crude (per 1,000 people)","SP.DYN.CDRT.IN","2019","YR2019","9.58"
Togo,"TGO","Domestic general government health expenditure (% of GDP)","SH.XPD.GHED.GD.ZS","2019","YR2019","0.89146012"
Togo,"TGO","Domestic general government health expenditure per capita (current US$)","SH.XPD.GHED.PC.CD","2019","YR2019","7.36573559"
Togo,"TGO","Domestic private health expenditure (% of current health expenditure)","SH.XPD.PVTD.CH.ZS","2019","YR2019","75.80754852"
Togo,"TGO","Domestic private health expenditure per capita, PPP (current international $)","SH.XPD.PVTD.PP.CD","2019","YR2019","99.2686274792044"
Togo,"TGO","External health expenditure (% of current health expenditure)","SH.XPD.EHEX.CH.ZS","2019","YR2019","9.11537743"
Togo,"TGO","Incidence of tuberculosis (per 100,000 people)","SH.TBS.INCD","2019","YR2019","49"
Togo,"TGO","Incidence of HIV, all (per 1,000 uninfected population)","SH.HIV.INCD.TL.P3","2019","YR2019","0.45"
Togo,"TGO","Mortality rate attributed to household and ambient air pollution, age-standardized, female (per 100,000 female population)","SH.STA.AIRP.FE.P5","2019","YR2019","180.9"
Togo,"TGO","Mortality rate attributed to unintentional poisoning (per 100,000 population)","SH.STA.POIS.P5","2019","YR2019","1.18"
Togo,"TGO","Mortality rate, infant (per 1,000 live births)","SP.DYN.IMRT.IN","2019","YR2019","40.2"
Togo,"TGO","Mortality rate, under-5 (per 1,000 live births)","SH.DYN.MORT","2019","YR2019","66"
Togo,"TGO","Out-of-pocket expenditure (% of current health expenditure)","SH.XPD.OOPC.CH.ZS","2019","YR2019","66.20977783"
Togo,"TGO","People using at least basic drinking water services (% of population)","SH.H2O.BASW.ZS","2019","YR2019","61.5763879815796"
Togo,"TGO","People with basic handwashing facilities including soap and water (% of population)","SH.STA.HYGN.ZS","2019","YR2019","17.0523139388635"
Togo,"TGO","Population growth (annual %)","SP.POP.GROW","2019","YR2019","2.14516244090598"
Togo,"TGO","Prevalence of severe food insecurity in the population (%)","SN.ITK.SVFI.ZS","2019","YR2019","14"
Togo,"TGO","Prevalence of undernourishment (% of population)","SN.ITK.DEFC.ZS","2019","YR2019","18.2"
Togo,"TGO","Proportion of population facing impoverishing out-of-pocket health expenditure, based on the societal poverty line (%)","SH_UHC_FH40_IMPOV","2019","YR2019","NA"
Togo,"TGO","Proportion of population further impoverished due to out-of-pocket health expenditure, based on the societal poverty line (%)","SH_UHC_FH40_FURTHER","2019","YR2019","NA"
Togo,"TGO","Risk of impoverishing expenditure for surgical care (% of people at risk)","SH.SGR.IRSK.ZS","2019","YR2019","74.7"
Togo,"TGO","UHC service coverage index","SH_UHC_SCI","2019","YR2019","40"
Togo,"TGO","Wanted fertility rate (births per woman)","SP.DYN.WFRT","2019","YR2019","NA"
Togo,"TGO","Access to electricity (% of population)","EG.ELC.ACCS.ZS","2019","YR2019","52.5"
Togo,"TGO","Bird species, threatened","EN.BIR.THRD.NO","2019","YR2019","NA"
Togo,"TGO","Fish species, threatened","EN.FSH.THRD.NO","2019","YR2019","NA"
Togo,"TGO","Adjusted savings: particulate emission damage (% of GNI)","NY.ADJ.DPEM.GN.ZS","2019","YR2019","2.12350553880447"
Togo,"TGO","Adjusted net savings, excluding particulate emission damage (% of GNI)","NY.ADJ.SVNX.GN.ZS","2019","YR2019","11.9133537989735"
Togo,"TGO","Adjusted net savings, including particulate emission damage (% of GNI)","NY.ADJ.SVNG.GN.ZS","2019","YR2019","9.78984826016905"
Togo,"TGO","Adjusted savings: carbon dioxide damage (% of GNI)","NY.ADJ.DCO2.GN.ZS","2019","YR2019","1.33442592929641"
Uganda,"UGA","Disaster risk reduction progress score (1-5 scale; 5=best)","EN.CLC.DRSK.XQ","2019","YR2019","NA"
Uganda,"UGA","Food production index (2014-2016 = 100)","AG.PRD.FOOD.XD","2019","YR2019","118.45"
Uganda,"UGA","Plant species (higher), threatened","EN.HPT.THRD.NO","2019","YR2019","NA"
Uganda,"UGA","Mammal species, threatened","EN.MAM.THRD.NO","2019","YR2019","NA"
Uganda,"UGA","PM2.5 air pollution, population exposed to levels exceeding WHO guideline value (% of total)","EN.ATM.PM25.MC.ZS","2019","YR2019","NA"
Uganda,"UGA","PM2.5 pollution, population exposed to levels exceeding WHO Interim Target-2 value (% of total)","EN.ATM.PM25.MC.T2.ZS","2019","YR2019","NA"
Uganda,"UGA","Population density (people per sq. km of land area)","EN.POP.DNST","2019","YR2019","214.440639337722"
Uganda,"UGA","Population living in slums (% of urban population)","EN.POP.SLUM.UR.ZS","2019","YR2019","NA"
Uganda,"UGA","People using safely managed sanitation services (% of population)","SH.STA.SMSS.ZS","2019","YR2019","18.8535292520553"
Uganda,"UGA","People using at least basic sanitation services (% of population)","SH.STA.BASS.ZS","2019","YR2019","22.0428914452572"
Uganda,"UGA","People practicing open defecation (% of population)","SH.STA.ODFC.ZS","2019","YR2019","5.4930019086871"
Uganda,"UGA","Prevalence of current tobacco use (% of adults)","SH.PRV.SMOK","2019","YR2019","NA"
Uganda,"UGA","Prevalence of moderate or severe food insecurity in the population (%)","SN.ITK.MSFI.ZS","2019","YR2019","73.1"
Uganda,"UGA","Proportion of population facing financial hardship due to out-of-pocket health expenditure (%)","SH_UHC_FH40","2019","YR2019","36.15"
Uganda,"UGA","Proportion of population facing large (but non-impoverishing) out-of-pocket health expenditure (%)","SH_UHC_FH40_LARGE","2019","YR2019","4.78"
Uganda,"UGA","Proportion of population pushed into poverty (based on the societal poverty line) due to out-of-pocket health expenditure (%)","SH_UHC_FH40_PUSHED","2019","YR2019","2.69"
Uganda,"UGA","Risk of catastrophic expenditure for surgical care (% of people at risk)","SH.SGR.CRSK.ZS","2019","YR2019","70.5"
Uganda,"UGA","Suicide mortality rate (per 100,000 population)","SH.STA.SUIC.P5","2019","YR2019","5.14"
Uganda,"UGA","Total alcohol consumption per capita (liters of pure alcohol, projected estimates, 15+ years of age)","SH.ALC.PCAP.LI","2019","YR2019","12.21"
Uganda,"UGA","Birth rate, crude (per 1,000 people)","SP.DYN.CBRT.IN","2019","YR2019","37.212"
Uganda,"UGA","Cause of death, by communicable diseases and maternal, prenatal and nutrition conditions (% of total)","SH.DTH.COMM.ZS","2019","YR2019","52.7766118022037"
Uganda,"UGA","Cause of death, by non-communicable diseases (% of total)","SH.DTH.NCOM.ZS","2019","YR2019","36.575465073932"
Uganda,"UGA","Current health expenditure per capita (current US$)","SH.XPD.CHEX.PC.CD","2019","YR2019","33.36559677"
Uganda,"UGA","Death rate, crude (per 1,000 people)","SP.DYN.CDRT.IN","2019","YR2019","5.42"
Uganda,"UGA","Domestic general government health expenditure (% of GDP)","SH.XPD.GHED.GD.ZS","2019","YR2019","0.57344079"
Uganda,"UGA","Domestic general government health expenditure per capita (current US$)","SH.XPD.GHED.PC.CD","2019","YR2019","5.04379338"
Uganda,"UGA","Domestic private health expenditure (% of current health expenditure)","SH.XPD.PVTD.CH.ZS","2019","YR2019","42.86341476"
Uganda,"UGA","Domestic private health expenditure per capita, PPP (current international $)","SH.XPD.PVTD.PP.CD","2019","YR2019","42.1009998356539"
Uganda,"UGA","External health expenditure (% of current health expenditure)","SH.XPD.EHEX.CH.ZS","2019","YR2019","42.01983261"
Uganda,"UGA","Incidence of tuberculosis (per 100,000 people)","SH.TBS.INCD","2019","YR2019","200"
Uganda,"UGA","Incidence of HIV, all (per 1,000 uninfected population)","SH.HIV.INCD.TL.P3","2019","YR2019","1.3"
Uganda,"UGA","Mortality rate attributed to household and ambient air pollution, age-standardized, female (per 100,000 female population)","SH.STA.AIRP.FE.P5","2019","YR2019","135.4"
Uganda,"UGA","Mortality rate attributed to unintentional poisoning (per 100,000 population)","SH.STA.POIS.P5","2019","YR2019","1.11"
Uganda,"UGA","Mortality rate, infant (per 1,000 live births)","SP.DYN.IMRT.IN","2019","YR2019","36.9"
Uganda,"UGA","Mortality rate, under-5 (per 1,000 live births)","SH.DYN.MORT","2019","YR2019","51.6"
Uganda,"UGA","Out-of-pocket expenditure (% of current health expenditure)","SH.XPD.OOPC.CH.ZS","2019","YR2019","38.26028442"
Uganda,"UGA","People using at least basic drinking water services (% of population)","SH.H2O.BASW.ZS","2019","YR2019","54.6148662999288"
Uganda,"UGA","People with basic handwashing facilities including soap and water (% of population)","SH.STA.HYGN.ZS","2019","YR2019","20.2318156426085"
Uganda,"UGA","Population growth (annual %)","SP.POP.GROW","2019","YR2019","3.39132142318772"
Uganda,"UGA","Prevalence of severe food insecurity in the population (%)","SN.ITK.SVFI.ZS","2019","YR2019","23.4"
Uganda,"UGA","Prevalence of undernourishment (% of population)","SN.ITK.DEFC.ZS","2019","YR2019","33.1"
Uganda,"UGA","Proportion of population facing impoverishing out-of-pocket health expenditure, based on the societal poverty line (%)","SH_UHC_FH40_IMPOV","2019","YR2019","31.37"
Uganda,"UGA","Proportion of population further impoverished due to out-of-pocket health expenditure, based on the societal poverty line (%)","SH_UHC_FH40_FURTHER","2019","YR2019","28.68"
Uganda,"UGA","Risk of impoverishing expenditure for surgical care (% of people at risk)","SH.SGR.IRSK.ZS","2019","YR2019","88.8"
Uganda,"UGA","UHC service coverage index","SH_UHC_SCI","2019","YR2019","49"
Uganda,"UGA","Wanted fertility rate (births per woman)","SP.DYN.WFRT","2019","YR2019","NA"
Uganda,"UGA","Access to electricity (% of population)","EG.ELC.ACCS.ZS","2019","YR2019","41.3"
Uganda,"UGA","Bird species, threatened","EN.BIR.THRD.NO","2019","YR2019","NA"
Uganda,"UGA","Fish species, threatened","EN.FSH.THRD.NO","2019","YR2019","NA"
Uganda,"UGA","Adjusted savings: particulate emission damage (% of GNI)","NY.ADJ.DPEM.GN.ZS","2019","YR2019","1.14896455598736"
Uganda,"UGA","Adjusted net savings, excluding particulate emission damage (% of GNI)","NY.ADJ.SVNX.GN.ZS","2019","YR2019","2.373136762488"
Uganda,"UGA","Adjusted net savings, including particulate emission damage (% of GNI)","NY.ADJ.SVNG.GN.ZS","2019","YR2019","1.22417220650065"
Uganda,"UGA","Adjusted savings: carbon dioxide damage (% of GNI)","NY.ADJ.DCO2.GN.ZS","2019","YR2019","0.748000686499477"
Zambia,"ZMB","Disaster risk reduction progress score (1-5 scale; 5=best)","EN.CLC.DRSK.XQ","2019","YR2019","NA"
Zambia,"ZMB","Food production index (2014-2016 = 100)","AG.PRD.FOOD.XD","2019","YR2019","110.94"
Zambia,"ZMB","Plant species (higher), threatened","EN.HPT.THRD.NO","2019","YR2019","NA"
Zambia,"ZMB","Mammal species, threatened","EN.MAM.THRD.NO","2019","YR2019","NA"
Zambia,"ZMB","PM2.5 air pollution, population exposed to levels exceeding WHO guideline value (% of total)","EN.ATM.PM25.MC.ZS","2019","YR2019","NA"
Zambia,"ZMB","PM2.5 pollution, population exposed to levels exceeding WHO Interim Target-2 value (% of total)","EN.ATM.PM25.MC.T2.ZS","2019","YR2019","NA"
Zambia,"ZMB","Population density (people per sq. km of land area)","EN.POP.DNST","2019","YR2019","24.9046113076582"
Zambia,"ZMB","Population living in slums (% of urban population)","EN.POP.SLUM.UR.ZS","2019","YR2019","NA"
Zambia,"ZMB","People using safely managed sanitation services (% of population)","SH.STA.SMSS.ZS","2019","YR2019","NA"
Zambia,"ZMB","People using at least basic sanitation services (% of population)","SH.STA.BASS.ZS","2019","YR2019","33.8947045843208"
Zambia,"ZMB","People practicing open defecation (% of population)","SH.STA.ODFC.ZS","2019","YR2019","7.06746430783033"
Zambia,"ZMB","Prevalence of current tobacco use (% of adults)","SH.PRV.SMOK","2019","YR2019","NA"
Zambia,"ZMB","Prevalence of moderate or severe food insecurity in the population (%)","SN.ITK.MSFI.ZS","2019","YR2019","52.5"
Zambia,"ZMB","Proportion of population facing financial hardship due to out-of-pocket health expenditure (%)","SH_UHC_FH40","2019","YR2019","NA"
Zambia,"ZMB","Proportion of population facing large (but non-impoverishing) out-of-pocket health expenditure (%)","SH_UHC_FH40_LARGE","2019","YR2019","NA"
Zambia,"ZMB","Proportion of population pushed into poverty (based on the societal poverty line) due to out-of-pocket health expenditure (%)","SH_UHC_FH40_PUSHED","2019","YR2019","NA"
Zambia,"ZMB","Risk of catastrophic expenditure for surgical care (% of people at risk)","SH.SGR.CRSK.ZS","2019","YR2019","NA"
Zambia,"ZMB","Suicide mortality rate (per 100,000 population)","SH.STA.SUIC.P5","2019","YR2019","5.76"
Zambia,"ZMB","Total alcohol consumption per capita (liters of pure alcohol, projected estimates, 15+ years of age)","SH.ALC.PCAP.LI","2019","YR2019","3.85"
Zambia,"ZMB","Birth rate, crude (per 1,000 people)","SP.DYN.CBRT.IN","2019","YR2019","35.006"
Zambia,"ZMB","Cause of death, by communicable diseases and maternal, prenatal and nutrition conditions (% of total)","SH.DTH.COMM.ZS","2019","YR2019","63.55778473389"
Zambia,"ZMB","Cause of death, by non-communicable diseases (% of total)","SH.DTH.NCOM.ZS","2019","YR2019","29.6619618160959"
Zambia,"ZMB","Current health expenditure per capita (current US$)","SH.XPD.CHEX.PC.CD","2019","YR2019","85.02349854"
Zambia,"ZMB","Death rate, crude (per 1,000 people)","SP.DYN.CDRT.IN","2019","YR2019","6.482"
Zambia,"ZMB","Domestic general government health expenditure (% of GDP)","SH.XPD.GHED.GD.ZS","2019","YR2019","2.25830793"
Zambia,"ZMB","Domestic general government health expenditure per capita (current US$)","SH.XPD.GHED.PC.CD","2019","YR2019","28.43190593"
Zambia,"ZMB","Domestic private health expenditure (% of current health expenditure)","SH.XPD.PVTD.CH.ZS","2019","YR2019","8.57211399"
Zambia,"ZMB","Domestic private health expenditure per capita, PPP (current international $)","SH.XPD.PVTD.PP.CD","2019","YR2019","19.4592379961427"
Zambia,"ZMB","External health expenditure (% of current health expenditure)","SH.XPD.EHEX.CH.ZS","2019","YR2019","57.9878273"
Zambia,"ZMB","Incidence of tuberculosis (per 100,000 people)","SH.TBS.INCD","2019","YR2019","333"
Zambia,"ZMB","Incidence of HIV, all (per 1,000 uninfected population)","SH.HIV.INCD.TL.P3","2019","YR2019","3.5"
Zambia,"ZMB","Mortality rate attributed to household and ambient air pollution, age-standardized, female (per 100,000 female population)","SH.STA.AIRP.FE.P5","2019","YR2019","141.5"
Zambia,"ZMB","Mortality rate attributed to unintentional poisoning (per 100,000 population)","SH.STA.POIS.P5","2019","YR2019","1.1"
Zambia,"ZMB","Mortality rate, infant (per 1,000 live births)","SP.DYN.IMRT.IN","2019","YR2019","36.1"
Zambia,"ZMB","Mortality rate, under-5 (per 1,000 live births)","SH.DYN.MORT","2019","YR2019","53.5"
Zambia,"ZMB","Out-of-pocket expenditure (% of current health expenditure)","SH.XPD.OOPC.CH.ZS","2019","YR2019","7.25238276"
Zambia,"ZMB","People using at least basic drinking water services (% of population)","SH.H2O.BASW.ZS","2019","YR2019","68.0788852086192"
Zambia,"ZMB","People with basic handwashing facilities including soap and water (% of population)","SH.STA.HYGN.ZS","2019","YR2019","17.8253365698484"
Zambia,"ZMB","Population growth (annual %)","SP.POP.GROW","2019","YR2019","2.96162166175699"
Zambia,"ZMB","Prevalence of severe food insecurity in the population (%)","SN.ITK.SVFI.ZS","2019","YR2019","22.5"
Zambia,"ZMB","Prevalence of undernourishment (% of population)","SN.ITK.DEFC.ZS","2019","YR2019","32.1"
Zambia,"ZMB","Proportion of population facing impoverishing out-of-pocket health expenditure, based on the societal poverty line (%)","SH_UHC_FH40_IMPOV","2019","YR2019","NA"
Zambia,"ZMB","Proportion of population further impoverished due to out-of-pocket health expenditure, based on the societal poverty line (%)","SH_UHC_FH40_FURTHER","2019","YR2019","NA"
Zambia,"ZMB","Risk of impoverishing expenditure for surgical care (% of people at risk)","SH.SGR.IRSK.ZS","2019","YR2019","NA"
Zambia,"ZMB","UHC service coverage index","SH_UHC_SCI","2019","YR2019","55"
Zambia,"ZMB","Wanted fertility rate (births per woman)","SP.DYN.WFRT","2019","YR2019","NA"
Zambia,"ZMB","Access to electricity (% of population)","EG.ELC.ACCS.ZS","2019","YR2019","43"
Zambia,"ZMB","Bird species, threatened","EN.BIR.THRD.NO","2019","YR2019","NA"
Zambia,"ZMB","Fish species, threatened","EN.FSH.THRD.NO","2019","YR2019","NA"
Zambia,"ZMB","Adjusted savings: particulate emission damage (% of GNI)","NY.ADJ.DPEM.GN.ZS","2019","YR2019","1.02027231113409"
Zambia,"ZMB","Adjusted net savings, excluding particulate emission damage (% of GNI)","NY.ADJ.SVNX.GN.ZS","2019","YR2019","23.8513401401023"
Zambia,"ZMB","Adjusted net savings, including particulate emission damage (% of GNI)","NY.ADJ.SVNG.GN.ZS","2019","YR2019","22.8310678289682"
Zambia,"ZMB","Adjusted savings: carbon dioxide damage (% of GNI)","NY.ADJ.DCO2.GN.ZS","2019","YR2019","1.21068673916288"
Zimbabwe,"ZWE","Disaster risk reduction progress score (1-5 scale; 5=best)","EN.CLC.DRSK.XQ","2019","YR2019","NA"
Zimbabwe,"ZWE","Food production index (2014-2016 = 100)","AG.PRD.FOOD.XD","2019","YR2019","105.74"
Zimbabwe,"ZWE","Plant species (higher), threatened","EN.HPT.THRD.NO","2019","YR2019","NA"
Zimbabwe,"ZWE","Mammal species, threatened","EN.MAM.THRD.NO","2019","YR2019","NA"
Zimbabwe,"ZWE","PM2.5 air pollution, population exposed to levels exceeding WHO guideline value (% of total)","EN.ATM.PM25.MC.ZS","2019","YR2019","NA"
Zimbabwe,"ZWE","PM2.5 pollution, population exposed to levels exceeding WHO Interim Target-2 value (% of total)","EN.ATM.PM25.MC.T2.ZS","2019","YR2019","NA"
Zimbabwe,"ZWE","Population density (people per sq. km of land area)","EN.POP.DNST","2019","YR2019","39.4762000775494"
Zimbabwe,"ZWE","Population living in slums (% of urban population)","EN.POP.SLUM.UR.ZS","2019","YR2019","NA"
Zimbabwe,"ZWE","People using safely managed sanitation services (% of population)","SH.STA.SMSS.ZS","2019","YR2019","24.121977841536"
Zimbabwe,"ZWE","People using at least basic sanitation services (% of population)","SH.STA.BASS.ZS","2019","YR2019","35.7743353702206"
Zimbabwe,"ZWE","People practicing open defecation (% of population)","SH.STA.ODFC.ZS","2019","YR2019","17.2387584358366"
Zimbabwe,"ZWE","Prevalence of current tobacco use (% of adults)","SH.PRV.SMOK","2019","YR2019","NA"
Zimbabwe,"ZWE","Prevalence of moderate or severe food insecurity in the population (%)","SN.ITK.MSFI.ZS","2019","YR2019","69.8"
Zimbabwe,"ZWE","Proportion of population facing financial hardship due to out-of-pocket health expenditure (%)","SH_UHC_FH40","2019","YR2019","NA"
Zimbabwe,"ZWE","Proportion of population facing large (but non-impoverishing) out-of-pocket health expenditure (%)","SH_UHC_FH40_LARGE","2019","YR2019","NA"
Zimbabwe,"ZWE","Proportion of population pushed into poverty (based on the societal poverty line) due to out-of-pocket health expenditure (%)","SH_UHC_FH40_PUSHED","2019","YR2019","NA"
Zimbabwe,"ZWE","Risk of catastrophic expenditure for surgical care (% of people at risk)","SH.SGR.CRSK.ZS","2019","YR2019","NA"
Zimbabwe,"ZWE","Suicide mortality rate (per 100,000 population)","SH.STA.SUIC.P5","2019","YR2019","15.84"
Zimbabwe,"ZWE","Total alcohol consumption per capita (liters of pure alcohol, projected estimates, 15+ years of age)","SH.ALC.PCAP.LI","2019","YR2019","3.63"
Zimbabwe,"ZWE","Birth rate, crude (per 1,000 people)","SP.DYN.CBRT.IN","2019","YR2019","31.121"
Zimbabwe,"ZWE","Cause of death, by communicable diseases and maternal, prenatal and nutrition conditions (% of total)","SH.DTH.COMM.ZS","2019","YR2019","47.4693438360145"
Zimbabwe,"ZWE","Cause of death, by non-communicable diseases (% of total)","SH.DTH.NCOM.ZS","2019","YR2019","42.6892833414883"
Zimbabwe,"ZWE","Current health expenditure per capita (current US$)","SH.XPD.CHEX.PC.CD","2019","YR2019","55.10725403"
Zimbabwe,"ZWE","Death rate, crude (per 1,000 people)","SP.DYN.CDRT.IN","2019","YR2019","8.281"
Zimbabwe,"ZWE","Domestic general government health expenditure (% of GDP)","SH.XPD.GHED.GD.ZS","2019","YR2019","0.46115172"
Zimbabwe,"ZWE","Domestic general government health expenditure per capita (current US$)","SH.XPD.GHED.PC.CD","2019","YR2019","7.86121479"
Zimbabwe,"ZWE","Domestic private health expenditure (% of current health expenditure)","SH.XPD.PVTD.CH.ZS","2019","YR2019","23.79965401"
Zimbabwe,"ZWE","Domestic private health expenditure per capita, PPP (current international $)","SH.XPD.PVTD.PP.CD","2019","YR2019","21.4113754793733"
Zimbabwe,"ZWE","External health expenditure (% of current health expenditure)","SH.XPD.EHEX.CH.ZS","2019","YR2019","61.93504715"
Zimbabwe,"ZWE","Incidence of tuberculosis (per 100,000 people)","SH.TBS.INCD","2019","YR2019","199"
Zimbabwe,"ZWE","Incidence of HIV, all (per 1,000 uninfected population)","SH.HIV.INCD.TL.P3","2019","YR2019","1.5"
Zimbabwe,"ZWE","Mortality rate attributed to household and ambient air pollution, age-standardized, female (per 100,000 female population)","SH.STA.AIRP.FE.P5","2019","YR2019","164.2"
Zimbabwe,"ZWE","Mortality rate attributed to unintentional poisoning (per 100,000 population)","SH.STA.POIS.P5","2019","YR2019","3.16"
Zimbabwe,"ZWE","Mortality rate, infant (per 1,000 live births)","SP.DYN.IMRT.IN","2019","YR2019","55.8"
Zimbabwe,"ZWE","Mortality rate, under-5 (per 1,000 live births)","SH.DYN.MORT","2019","YR2019","58.6"
Zimbabwe,"ZWE","Out-of-pocket expenditure (% of current health expenditure)","SH.XPD.OOPC.CH.ZS","2019","YR2019","9.08337116"
Zimbabwe,"ZWE","People using at least basic drinking water services (% of population)","SH.H2O.BASW.ZS","2019","YR2019","67.1795926488522"
Zimbabwe,"ZWE","People with basic handwashing facilities including soap and water (% of population)","SH.STA.HYGN.ZS","2019","YR2019","42.4198376756408"
Zimbabwe,"ZWE","Population growth (annual %)","SP.POP.GROW","2019","YR2019","1.56353351552455"
Zimbabwe,"ZWE","Prevalence of severe food insecurity in the population (%)","SN.ITK.SVFI.ZS","2019","YR2019","32.1"
Zimbabwe,"ZWE","Prevalence of undernourishment (% of population)","SN.ITK.DEFC.ZS","2019","YR2019","30"
Zimbabwe,"ZWE","Proportion of population facing impoverishing out-of-pocket health expenditure, based on the societal poverty line (%)","SH_UHC_FH40_IMPOV","2019","YR2019","NA"
Zimbabwe,"ZWE","Proportion of population further impoverished due to out-of-pocket health expenditure, based on the societal poverty line (%)","SH_UHC_FH40_FURTHER","2019","YR2019","NA"
Zimbabwe,"ZWE","Risk of impoverishing expenditure for surgical care (% of people at risk)","SH.SGR.IRSK.ZS","2019","YR2019","NA"
Zimbabwe,"ZWE","UHC service coverage index","SH_UHC_SCI","2019","YR2019","55"
Zimbabwe,"ZWE","Wanted fertility rate (births per woman)","SP.DYN.WFRT","2019","YR2019","NA"
Zimbabwe,"ZWE","Access to electricity (% of population)","EG.ELC.ACCS.ZS","2019","YR2019","46.7"
Zimbabwe,"ZWE","Bird species, threatened","EN.BIR.THRD.NO","2019","YR2019","NA"
Zimbabwe,"ZWE","Fish species, threatened","EN.FSH.THRD.NO","2019","YR2019","NA"
Zimbabwe,"ZWE","Adjusted savings: particulate emission damage (% of GNI)","NY.ADJ.DPEM.GN.ZS","2019","YR2019","1.6158285388407"
Zimbabwe,"ZWE","Adjusted net savings, excluding particulate emission damage (% of GNI)","NY.ADJ.SVNX.GN.ZS","2019","YR2019","7.28028402133052"
Zimbabwe,"ZWE","Adjusted net savings, including particulate emission damage (% of GNI)","NY.ADJ.SVNG.GN.ZS","2019","YR2019","5.66445548248983"
Zimbabwe,"ZWE","Adjusted savings: carbon dioxide damage (% of GNI)","NY.ADJ.DCO2.GN.ZS","2019","YR2019","2.23177479456426"
,"","","","","",""
,"","","","","",""
,"","","","","",""
Data from database: World Development Indicators,"","","","","",""
Last Updated: 07/13/2026,"","","","","",""
Code,"License Type","Indicator Name","Long definition","Source","Topic","Dataset","Unit of measure","Periodicity","Reference period","Aggregation method","Statistical concept and methodology","Development relevance","Limitations and exceptions","Other notes","License URL"
EN.CLC.DRSK.XQ,"CC BY-4.0","Disaster risk reduction progress score (1-5 scale; 5=best)","Disaster risk reduction progress score is an average of self-assessment scores, ranging from 1 to 5, submitted by countries under Priority 1 of the Hyogo Framework National Progress Reports. The Hyogo Framework is a global blueprint for disaster risk reduction efforts that was adopted by 168 countries in 2005. Assessments of "Priority 1" include four indicators that reflect the degree to which countries have prioritized disaster risk reduction and the strengthening of relevant institutions.","2009-2011 Progress Reports, UN Office for Disaster Risk Reduction (UNDRR), uri: http://www.preventionweb.net/english/hyogo","Environment: Land use","WB_WDI","index (1-5)","Annual","2011-2011","","Methodology: Resilience is measured by the disaster risk reduction progress score, an average of self-assessment scores submitted by countries under Priority 1 of the Hyogo Framework National Progress Reports. The Hyogo Framework is a global blueprint for disaster risk reduction efforts that was adopted by 168 countries in 2005. Assessments of Priority 1 include four indicators that reflect the degree to which countries have prioritized disaster risk reduction and the strengthening of relevant institutions.
Statistical concept(s):","The Hyogo Framework's goal is to substantially reduce disaster losses by 2015 - in lives, and in the social, economic, and environmental assets of communities and countries. The Hyogo Framework offers guiding principles, priorities for action, and practical means for achieving disaster resilience for vulnerable communities. Governments around the world have committed to take action to reduce disaster risk, and have adopted a guideline to reduce vulnerabilities to natural hazards, called the Hyogo Framework for Action (HFA). The HFA assists the efforts of nations and communities to become more resilient to, and cope better with the hazards that threaten their development gains.

















Scientists use the terms climate change and global warming to refer to the gradual increase in the Earth's surface temperature that has accelerated since the industrial revolution and especially over the past two decades. Most global warming has been caused by human activities that have changed the chemical composition of the atmosphere through a buildup of greenhouse gases - primarily carbon dioxide, methane, and nitrous oxide. Rising global temperatures will cause sea level rise and alter local climate conditions, affecting forests, crop yields, and water supplies, and may affect human health, animals, and many types of ecosystems.","The Hyogo Framework for Action (HFA) national progress reports assess strategic priorities in the implementation of disaster risk reduction actions and establish baselines on levels of progress achieved in implementing the HFA's five priorities for action. National reporting processes are led by officially designated HFA focal institutions in country, and regional reporting by regional intergovernmental organizations.















HFA's five priorities are:







1. Making disaster risk reduction a policy priority, institutional strengthening







2. Risk assessment and early warning systems







3. Education, information and public awareness







4. Reducing underlying risk factors







5. Preparedness for effective response","","https://datacatalog.worldbank.org/int/public-licenses#cc-by"
AG.PRD.FOOD.XD,"CC BY-4.0","Food production index (2014-2016 = 100)","Food production index covers food crops that are considered edible and that contain nutrients. Coffee and tea are excluded because, although edible, they have no nutritive value.","FAO electronic files and web site, Food and Agriculture Organization of the United Nations (FAO), publisher: Food and Agriculture Organization of the United Nations (FAO)","Environment: Agricultural production","WB_WDI","index (2014-2016=100)","Annual","1961-2022","Weighted average","Methodology: The agricultural production index is prepared by the Food and Agriculture Organization of the United Nations (FAO). The FAO indices of agricultural production show the relative level of the aggregate volume of agricultural production for each year in comparison with the base period 2014-2016. They are based on the sum of price-weighted quantities of different agricultural commodities produced after deductions of quantities used as seed and feed weighted in a similar manner. The resulting aggregate represents, therefore, disposable production for any use except as seed and feed. All the indices at the country, regional and world levels are calculated by the Laspeyres formula*. Production quantities of each commodity are weighted by 2014-2016 average international commodity prices and summed for each year. To obtain the index, the aggregate for a given year is divided by the average aggregate for the base period 2014-2016. Since the FAO indices are based on the concept of agriculture as a single enterprise, amounts of seed and feed are subtracted from the production data to avoid double counting, once in the production data and once with the crops or livestock produced from them. Deductions for seed (in the case of eggs, for hatching) and for livestock and poultry feed apply to both domestically produced and imported commodities. They cover only primary agricultural products destined to animal feed (e.g. maize, potatoes, milk, etc.). Processed and semi-processed feed items such as bran, oilcakes, meals and molasses have been completely excluded from the calculations at all stages. It should be noted that when calculating indices of agricultural, food and nonfood production, all intermediate primary inputs of agricultural origin are deducted. However, for indices of any other commodity group, only inputs originating from within the same group are deducted; thus, only seed is removed from the group "crops" and from all crop subgroups, such as cereals, oil crops, etc.; and both feed and seed originating from within the livestock sector (e.g. milk feed, hatching eggs) are removed from the group "livestock products". For the main two livestock subgroups, namely, meat and milk, only feed originating from the respective subgroup is removed. Indices which take into account deductions for feed and seed are referred to as ''net''. Indices calculated without any deductions for feed and seed are referred to as ''gross". The "international commodity prices" are used in order to avoid the use of exchange rates for obtaining continental and world aggregates, and also to improve and facilitate international comparative analysis of productivity at the national level. These" international prices," expressed in so-called "international dollars," are derived using a Geary-Khamis formula** for the agricultural sector. This method assigns a single "price" to each commodity. For example, one metric ton of wheat has the same price regardless of the country where it was produced. The currency unit in which the prices are expressed has no influence on the indices published. The commodities covered in the computation of indices of agricultural production are all crops and livestock products originating in each country. Practically all products are covered, with the main exception of fodder crops. 
* A Laspeyres Index is known as a "base-weighted" or "fixed-weighted" index because the price increases are weighted by the quantities in the base period. The Consumer Price Index is an example of a Laspeyres Index. http://www.usna.edu/Users/econ/rbrady/312%20Materials/LaspeyresCalc.pdf
** Geary-Khamis formula is an aggregation method in which category "international prices" (reflecting relative category values) and country purchasing power parities (PPPs), (depicting relative country price levels) are estimated simultaneously from a system of linear equations. http://stats.oecd.org/glossary/detail.asp?ID=5528","The commodities covered in the computation of indices of agricultural production are all crops and livestock products originating in each country. Practically all products are covered, with the main exception of fodder crops. The category of food production includes commodities that are considered edible and that contain nutrients. Accordingly, coffee and tea are excluded along with inedible commodities because, although edible, they have practically no nutritive value.

















It should be noted that when calculating indices of agricultural, food and nonfood production, all intermediate primary inputs of agricultural origin are deducted. However, for indices of any other commodity group, only inputs originating from within the same group are deducted; thus, only seed is removed from the group "crops" and from all crop subgroups, such as cereals, oil crops, etc.; and both feed and seed originating from within the livestock sector (e.g. milk feed, hatching eggs) are removed from the group "livestock products". For the main two livestock subgroups, namely, meat and milk, only feed originating from the respective subgroup is removed.

















Crop production data refer to the actual harvested production from the field or orchard and gardens, excluding harvesting and threshing losses and that part of crop not harvested for any reason. Production therefore includes the quantities of the commodity sold in the market (marketed production) and the quantities consumed or used by the producers (auto-consumption).","Agricultural data are collected by the Food and Agriculture Organization of the United Nations (FAO) from official national sources through the questionnaire and are supplemented with information from official secondary data sources. The secondary sources cover official country data from websites of national ministries, national publications and related country data reported by various international organizations. The FAO tries to impose standard definitions and reporting methods, but complete consistency across countries and over time is not possible. Data on agricultural employment, in particular, should be used with caution. In many countries much agricultural employment is informal and unrecorded, including substantial work performed by women and children. To address some of these concerns, this indicator is heavily footnoted in the database in sources, definition, and coverage.","","https://datacatalog.worldbank.org/int/public-licenses#cc-by"
EN.HPT.THRD.NO,"CC BY-4.0","Plant species (higher), threatened","A threatened species is likely to become endangered within the foreseeable future, throughout all or a significant portion of its range. Threatened species are species classified by the IUCN as Critically Endangered (CR), Endangered (EN) and Vulnerable (VU).

Higher plants are native vascular plant species.","The IUCN Red List of Threatened Species, UN Environment Programme World Conservation Monitoring Centre (UNEP-WCMC), uri: https://www.iucnredlist.org/;
International Union for Conservation of Nature (IUCN), uri: https://www.iucnredlist.org/","Environment: Biodiversity & protected areas","WB_WDI","species","Annual","2017-2022","Sum","Methodology: Species assessed as Critically Endangered (CR), Endangered (EN) or Vulnerable (VU) are referred to as "threatened" species. The International Union for Conservation of Nature (IUCN) Red List of Threatened Species collects and disseminates information on the global threatened species.



















Proportion of threatened species is only reported for the more completely evaluated groups (i.e., >90% of species evaluated). Also, the reported percentage of threatened species for each group is presented as a best estimate within a range of possible values bounded by lower and upper estimates:



















Lower estimate = % threatened extant species if all Data Deficient species are not threatened, i.e., (CR + EN + VU) / (total assessed - EX)



















Best estimate = % threatened extant species if Data Deficient species are equally threatened as data sufficient species, i.e., (CR + EN + VU) / (total assessed - EX - DD)



















Upper estimate = % threatened extant species if all Data Deficient species are threatened, i.e., (CR + EN + VU + DD) / (total assessed - EX)



















Additional information on ecology and habitat preferences, threats, and conservation action are also collated and assessed as part of Red List process.","The number of threatened species is an important measure of the immediate need for conservation in an area. Global analyses of the status of threatened species have been carried out for few groups of organisms. Only for mammals, birds, and amphibians has the status of virtually all known species been assessed.



















Threatened species are defined using the International Union for Conservation of Nature's (IUCN) classification: endangered (in danger of extinction and unlikely to survive if causal factors continue operating) and vulnerable (likely to move into the endangered category in the near future if causal factors continue operating).



















The International Union for Conservation of Nature (IUCN) Red List of Threatened Species is widely recognized as the most comprehensive, objective global approach for evaluating the conservation status of plant and animal species. The IUCN guides conservation activities of governments, NGOs and scientific institutions. The IUCN draws on and mobilizes a network of scientists and partner organizations working in almost every country in the world, who collectively hold what is likely the most complete scientific knowledge base on the biology and conservation status of species.



















The plants and animals assessed for the IUCN Red List are the bearers of genetic diversity and the building blocks of ecosystems, and information on their conservation status and distribution provides the foundation for making informed decisions about conserving biodiversity from local to global levels. Only a small number of the world's plant and animal species have been assessed. In addition to the many thousands of species which have not yet been assessed so far, other species not included on the IUCN Red List are those that went extinct before 1500 AD and the "Least Concern" (plants that have been evaluated to have a low risk of extinction) species that have not yet been data based.



















Direct threats to species are the proximate human activities or processes that have impacted, are impacting, or may impact the status of the taxon being assessed (e.g., unsustainable fishing or logging). Direct threats are synonymous with sources of stress and proximate pressures. Threats can be past (historical, unlikely to return or historical, likely to return), ongoing, and/or likely to occur in the future.","Reporting the proportion of threatened species on the Red List is complicated by the fact that not all species groups have been fully evaluated, and also by the fact that some species have so little information available that they can only be assessed as Data Deficient (DD). For many of the incompletely evaluated groups, assessment efforts have focused on species that are likely to be threatened; therefore any percentage of threatened species reported for these groups would be heavily biased (i.e., the percentage of threatened species would likely be an overestimate).

















Although there are over 12,000 plant species on the IUCN Red List, fewer than one thousand of these are properly documented. To help address this gap, IUCN is pursuing global assessments of plant species of value to people including species of high economic value. The conifer and cycad species already on the IUCN Red List need to be fully documented. IUCN is also developing a tool to assist with preliminary assessments of plant species.

















Since IUCN has evaluated extinction risk for less than 5 percent of the world's described species, IUCN cannot provide an overall estimate for how many of the planet's species are threatened. For those groups that have been comprehensively evaluated, the proportion of threatened species can be calculated, but the number of threatened species is often uncertain because it is not known whether Data Deficient species are actually threatened or not.

















Due to variations in consistency and methods of collection, data quality is highly variable across countries. Some countries update their information more frequently than others, some have more accurate data on extent of coverage, and many underreport the number or extent of protected areas. Also, because of differences in definitions, reporting practices, and reporting periods, cross-country comparability of threatened species is limited.

















In order to ensure global uniformity when describing the habitat in which a taxon (a taxonomic group of any rank) occurs, the threats to a taxon, what conservation actions are in place or are needed, and whether or not the taxon is utilized, a set of standard terms, called Classification Schemes, are being developed, for documenting taxonomy on the IUCN Red List.","","https://datacatalog.worldbank.org/int/public-licenses#cc-by"
EN.MAM.THRD.NO,"CC BY-4.0","Mammal species, threatened","A threatened species is likely to become endangered within the foreseeable future, throughout all or a significant portion of its range. Threatened species are species classified by the IUCN as Critically Endangered (CR), Endangered (EN) and Vulnerable (VU).

Mammal species are mammals excluding whales and porpoises.","The IUCN Red List of Threatened Species, UN Environment Programme World Conservation Monitoring Centre (UNEP-WCMC), uri: https://www.iucnredlist.org/;
International Union for Conservation of Nature (IUCN), uri: https://www.iucnredlist.org/","Environment: Biodiversity & protected areas","WB_WDI","species","Annual","2017-2022","Sum","Methodology: Species assessed as Critically Endangered (CR), Endangered (EN) or Vulnerable (VU) are referred to as "threatened" species. The International Union for Conservation of Nature (IUCN) Red List of Threatened Species collects and disseminates information on the global threated species.



















Proportion of threatened species is only reported for the more completely evaluated groups (i.e., >90% of species evaluated). Also, the reported percentage of threatened species for each group is presented as a best estimate within a range of possible values bounded by lower and upper estimates:



















Lower estimate = % threatened extant species if all Data Deficient species are not threatened, i.e., (CR + EN + VU) / (total assessed - EX)



















Best estimate = % threatened extant species if Data Deficient species are equally threatened as data sufficient species, i.e., (CR + EN + VU) / (total assessed - EX - DD)



















Upper estimate = % threatened extant species if all Data Deficient species are threatened, i.e., (CR + EN + VU + DD) / (total assessed - EX)



















Additional information on ecology and habitat preferences, threats, and conservation action are also collated and assessed as part of Red List process.","As threats to biodiversity mount, the international community is increasingly focusing on conserving diversity. The number of threatened species is an important measure of the immediate need for conservation in an area. Global analyses of the status of threatened species have been carried out for few groups of organisms. Only for mammals, birds, and amphibians has the status of virtually all known species been assessed.



















Threatened species are defined using the International Union for Conservation of Nature's (IUCN) classification: endangered (in danger of extinction and unlikely to survive if causal factors continue operating) and vulnerable (likely to move into the endangered category in the near future if causal factors continue operating).



















The International Union for Conservation of Nature (IUCN) Red List of Threatened Species is widely recognized as the most comprehensive, objective global approach for evaluating the conservation status of plant and animal species. The IUCN draws on and mobilizes a network of scientists and partner organizations working in almost every country in the world, who collectively hold what is likely the most complete scientific knowledge base on the biology and conservation status of species.



















the IUCN Red List covers a comprehensive assessment of the conservation status of the world's 5,488 mammal species, including global summary statistics, individual species accounts/threat category, range map, ecology information, and some other data. Mammal species are found spread across the globe, with the exception of the land mass of Antarctica. Nearly one-quarter of the world's mammal species are known to be globally threatened or extinct, 63 percent are known to not be threatened, and 15 percent have insufficient data to determine their threat status. Habitat loss, affecting over 2,000 mammal species, is the greatest threat globally. The second greatest threat is utilization which is affecting over 900 mammal species, mainly those in Asia.



















Direct threats to species are the proximate human activities or processes that have impacted, are impacting, or may impact the status of the taxon being assessed (e.g., unsustainable fishing or logging). Direct threats are synonymous with sources of stress and proximate pressures. Threats can be past (historical, unlikely to return or historical, likely to return), ongoing, and/or likely to occur in the future.","Reporting the proportion of threatened species on the Red List is complicated by the fact that not all species groups have been fully evaluated, and also by the fact that some species have so little information available that they can only be assessed as Data Deficient (DD). For many of the incompletely evaluated groups, assessment efforts have focused on species that are likely to be threatened; therefore any percentage of threatened species reported for these groups would be heavily biased (i.e., the percentage of threatened species would likely be an overestimate).

















Some parts of the world, such as the Andes, Central and West Africa, Angola, parts of South and Southeast Asia, and Melanesia, still have sparse information available of their mammal faunas. In addition, many species' names, especially in the tropics, actually represent complexes of several species that have not yet been resolved. The information on the relative importance of different threatening processes to mammal species is incomplete. IUCN codes all threats that appear to have an important impact, but not their relative importance for each species.

















Since IUCN has evaluated extinction risk for less than 5 percent of the world's described species, IUCN cannot provide an overall estimate for how many of the planet's species are threatened. For those groups that have been comprehensively evaluated, the proportion of threatened species can be calculated, but the number of threatened species is often uncertain because it is not known whether Data Deficient species are actually threatened or not.

















Due to variations in consistency and methods of collection, data quality is highly variable across countries. Some countries update their information more frequently than others, some have more accurate data on extent of coverage, and many underreport the number or extent of protected areas. Also, because of differences in definitions, reporting practices, and reporting periods, cross-country comparability of threatened species is limited.

















In order to ensure global uniformity when describing the habitat in which a taxon (a taxonomic group of any rank) occurs, the threats to a taxon, what conservation actions are in place or are needed, and whether or not the taxon is utilized, a set of standard terms, called Classification Schemes, are being developed, for documenting taxonomy on the IUCN Red List.","","https://datacatalog.worldbank.org/int/public-licenses#cc-by"
EN.ATM.PM25.MC.ZS,"CC BY-4.0","PM2.5 air pollution, population exposed to levels exceeding WHO guideline value (% of total)","Percent of population exposed to ambient concentrations of PM2.5 that exceed the WHO guideline value is defined as the portion of a country’s population living in places where mean annual concentrations of PM2.5 are greater than 10 micrograms per cubic meter, the guideline value recommended by the World Health Organization as the lower end of the range of concentrations over which adverse health effects due to PM2.5 exposure have been observed.","Global Burden of Disease Study 2017 (GBD 2017), Institute for Health Metrics and Evaluation (IHME), uri: https://ghdx.healthdata.org/gbd-2017, publisher: Institute for Health Metrics and Evaluation (IHME), date published: 202112","Environment: Emissions","WB_WDI","% (share) of population","Annual","1990-2017","Weighted average","Methodology: A. van Donkelaar, R.V. Martin, M. Brauer, N.C. Hsu, R.A. Kahn, R.C. Levy, A. Lyapustin, A.M. Sayer, D.M. Winker, "Global Estimates of Fine Particulate Matter using a Combined Geophysical-Statistical Method with Information from Satellites, Models, and Monitors," Environ. Sci. Technol 50, no. 7 (2016): 3762–3772; GBD 2017 Risk Factors Collaborators, "Global, regional, and national comparative risk assessment of 84 behavioural, environmental and occupational, and metabolic risks or clusters of risks for 194 countries and territories, 1990–2017: a systematic analysis for the Global Burden of Disease Study 2017," Lancet 392 (2018): 1923-1994; Shaddick G, Thomas M, Amini H, Broday DM, Cohen A, Frostad J, Green A, Gumy S, Liu Y, Martin RV, Prüss-Üstün A, Simpson D, van Donkelaar A, Brauer M. Data integration for the assessment of population exposure to ambient air pollution for global burden of disease assessment. Environ Sci Technol. 2018 Jun 29. Data provided by Institute for Health Metrics and Evaluation, University of Washington, Seattle. Data on exposure to ambient air pollution are derived from estimates of annual concentrations of very fine particulates produced by the Global Burden of Disease study, an international scientific effort led by the Institute for Health Metrics and Evaluation at the University of Washington. Estimates of annual concentrations are generated by combining data from atmospheric chemistry transport models, satellite observations of aerosols in the atmosphere, and ground-level monitoring of particulates. Overlaying PM2.5 estimates with gridded population data, the percent of a nation's people that lives in areas where PM2.5 concentrations exceed recommended levels is calculated by summing the population for grid cells where PM2.5 concentrations are beyond a threshold value, in this case 10 micrograms per cubic meter, and then dividing by total population.
Statistical concept(s):","Air pollution places a major burden on world health. In many places, including cities but also in rural areas, exposure to air pollution is the main environmental threat to health, responsible for 6.5 million deaths per year, about one every 5 seconds. Around 40 percent of the world’s people rely on household burning of wood, charcoal, dung, crop waste, or coal to meet basic energy needs. Cooking and heating with solid fuels create harmful smoke and particles that fill homes and the surrounding environment. Household air pollution from cooking and heating with solid fuels is responsible for 2.9 million deaths a year. Long-term exposure to high levels of fine particles in the air contributes to a range of health effects, including respiratory diseases, lung cancer, and heart disease, resulting in 4.2 million deaths annually. Not only does exposure to air pollution affect the health of the world’s people, it also carries huge economic costs and represents a drag on development, particularly for low and middle income countries and vulnerable segments of the population such as children and the elderly.","Pollutant concentrations are sensitive to local conditions, and even monitoring sites in the same city may register different levels. Direct monitoring of PM2.5 is still rare in most parts of the world, and measurement protocols and standards are not the same for all countries. These data should be considered only a general indication of air quality, intended to inform cross-country comparisons of the health risks due to particulate matter pollution. The guideline set by the World Health Organization (WHO) for PM2.5 is that annual mean concentrations should not exceed 10 micrograms per cubic meter, representing the lower range over which adverse health effects have been observed. The WHO has also recommended guideline values for emissions of PM2.5 from burning fuels in households.","","https://datacatalog.worldbank.org/int/public-licenses#cc-by"
EN.ATM.PM25.MC.T2.ZS,"CC BY-4.0","PM2.5 pollution, population exposed to levels exceeding WHO Interim Target-2 value (% of total)","Percent of population exposed to ambient concentrations of PM2.5 that exceed the World Health Organization (WHO) Interim Target 2 (IT-2) is defined as the portion of a country’s population living in places where mean annual concentrations of PM2.5 are greater than 25 micrograms per cubic meter. The Air Quality Guideline (AQG) of 10 micrograms per cubic meter is recommended by the WHO as the lower end of the range of concentrations over which adverse health effects due to PM2.5 exposure have been observed.","Brauer, M. et al. 2017, for the Global Burden of Disease Study 2017.","Environment: Emissions","WB_WDI","","Annual","1990-2017","Weighted average","Methodology: A. van Donkelaar, R.V. Martin, M. Brauer, N.C. Hsu, R.A. Kahn, R.C. Levy, A. Lyapustin, A.M. Sayer, D.M. Winker, "Global Estimates of Fine Particulate Matter using a Combined Geophysical-Statistical Method with Information from Satellites, Models, and Monitors," Environ. Sci. Technol 50, no. 7 (2016): 3762–3772; GBD 2017 Risk Factors Collaborators, "Global, regional, and national comparative risk assessment of 84 behavioural, environmental and occupational, and metabolic risks or clusters of risks for 194 countries and territories, 1990–2017: a systematic analysis for the Global Burden of Disease Study 2017," Lancet 392 (2018): 1923-1994; Shaddick G, Thomas M, Amini H, Broday DM, Cohen A, Frostad J, Green A, Gumy S, Liu Y, Martin RV, Prüss-Üstün A, Simpson D, van Donkelaar A, Brauer M. Data integration for the assessment of population exposure to ambient air pollution for global burden of disease assessment. Environ Sci Technol. 2018 Jun 29. Data provided by Institute for Health Metrics and Evaluation, University of Washington, Seattle. Data on exposure to ambient air pollution are derived from estimates of annual concentrations of very fine particulates produced by the Global Burden of Disease study, an international scientific effort led by the Institute for Health Metrics and Evaluation at the University of Washington. Estimates of annual concentrations are generated by combining data from atmospheric chemistry transport models, satellite observations of aerosols in the atmosphere, and ground-level monitoring of particulates. Overlaying PM2.5 estimates with gridded population data, the percent of a nation's people that lives in areas where PM2.5 concentrations exceed recommended levels is calculated by summing the population for grid cells where PM2.5 concentrations are beyond a threshold value, in this case 10 micrograms per cubic meter, and then dividing by total population.
Statistical concept(s):","Air pollution places a major burden on world health. In many places, including cities but also in rural areas, exposure to air pollution is the main environmental threat to health, responsible for 6.5 million deaths per year, about one every 5 seconds. Around 40 percent of the world’s people rely on household burning of wood, charcoal, dung, crop waste, or coal to meet basic energy needs. Cooking and heating with solid fuels create harmful smoke and particles that fill homes and the surrounding environment. Household air pollution from cooking and heating with solid fuels is responsible for 2.9 million deaths a year. Long-term exposure to high levels of fine particles in the air contributes to a range of health effects, including respiratory diseases, lung cancer, and heart disease, resulting in 4.2 million deaths annually. Not only does exposure to air pollution affect the health of the world’s people, it also carries huge economic costs and represents a drag on development, particularly for low and middle income countries and vulnerable segments of the population such as children and the elderly. Three interim targets were defined for PM2.5 and have been shown to be achievable with successive and sustained abatement measures. Countries may find these interim targets particularly helpful in gauging progress over time in the difficult process of steadily reducing population exporsure to PM. IT-2 level is greater than the mean concentration at which effects have been observed in studies of long-term exposure and mortality and is likely to be associated with significant health impacts from both long-term and daily exposures to PM2.5. Attainment of IT-2 value would reduce the health risks of long-term exposure by about 6% relative to the IT-1 value.","Pollutant concentrations are sensitive to local conditions, and even monitoring sites in the same city may register different levels. Direct monitoring of PM2.5 is still rare in most parts of the world, and measurement protocols and standards are not the same for all countries. These data should be considered only a general indication of air quality, intended to inform cross-country comparisons of the health risks due to particulate matter pollution. The guideline set by the World Health Organization (WHO) for PM2.5 is that annual mean concentrations should not exceed 10 micrograms per cubic meter, representing the lower range over which adverse health effects have been observed. The WHO has also recommended guideline values for emissions of PM2.5 from burning fuels in households.","","https://datacatalog.worldbank.org/int/public-licenses#cc-by"
EN.POP.DNST,"CC BY-4.0","Population density (people per sq. km of land area)","Population density is midyear population divided by land area in square kilometers. Population is based on the de facto definition of population, which counts all residents regardless of legal status or citizenship--except for refugees not permanently settled in the country of asylum, who are generally considered part of the population of their country of origin. Land area is a country's total area, excluding area under inland water bodies, national claims to continental shelf, and exclusive economic zones. In most cases the definition of inland water bodies includes major rivers and lakes.","FAO population estimates, Food and Agriculture Organization of the United Nations (FAO), publisher: Food and Agriculture Organization of the United Nations (FAO);
World Bank population estimates, World Bank (WB), publisher: World Bank (WB)","Environment: Density & urbanization","WB_WDI","people per square kilometer of land area","Annual","1961-2023","Weighted average","Methodology: Population density is midyear population divided by land area in square kilometers. This ratio can be calculated for any territorial unit for any point in time, depending on the source of the population data. Population estimates are prepared by World Bank staff from variety of sources. They are based on the de facto definition of population and include all residents regardless of legal status or citizenship, within the physical boundaries of a country and under the jurisdiction of that country's political control. Refugees not permanently settled in the country of asylum are considered part of the population of their country of origin. Population numbers are either current census data or historical census data extrapolated through demographic methods. The count also excludes visitors from overseas.



















Population density is calculated by dividing midyear population by land area in a country. Population is based on the de facto definition of population, which counts all residents regardless of legal status or citizenship - except for refugees not permanently settled in the country of asylum, who are generally considered part of the population of their country of origin. Land area is a country's total area, excluding area under inland water bodies, national claims to continental shelf, and exclusive economic zones. In most cases the definition of inland water bodies includes major rivers and lakes.","Population estimates are usually based on national population censuses. Estimates for the years before and after the census are interpolations or extrapolations based on demographic models. Errors and undercounting occur even in high-income countries; in developing countries errors may be substantial because of limits in the transport, communications, and other resources required conducting and analyzing a full census.



















Population density is a measure of the intensity of land-use, and can be calculated for a block, city, county, state, country, continent or the entire world. Considering that over half of the Earth's land mass consists of areas inhospitable to human inhabitation, such as deserts and high mountains, and that population tends to cluster around seaports and fresh water sources, a simple number of population density by itself does not give any meaningful measurement of human population density.



















Several of the most densely populated territories in the world are city-states, microstates, or dependencies.[6][7] These territories share a relatively small area and a high urbanization level, with an economically specialized city population drawing also on rural resources outside the area, illustrating the difference between high population density and overpopulation.","Current population estimates for developing countries that lack recent census data and pre- and post-census estimates for countries with census data are provided by the United Nations Population Division and other agencies. The cohort component method - a standard method for estimating and projecting population - requires fertility, mortality, and net migration data, often collected from sample surveys, which can be small or limited in coverage. Population estimates are from demographic modeling and so are susceptible to biases and errors from shortcomings in the model and in the data. Because the five-year age group is the cohort unit and five-year period data are used, interpolations to obtain annual data or single age structure may not reflect actual events or age composition.

















The quality and reliability of official demographic data are also affected by public trust in the government, government commitment to full and accurate enumeration, confidentiality and protection against misuse of census data, and census agencies' independence from political influence. Moreover, comparability of population indicators is limited by differences in the concepts, definitions, collection procedures, and estimation methods used by national statistical agencies and other organizations that collect the data.","","https://datacatalog.worldbank.org/int/public-licenses#cc-by"
EN.POP.SLUM.UR.ZS,"CC BY-4.0","Population living in slums (% of urban population)","Population living in slums is the proportion of the urban population living in slum households. A slum household is defined as a group of individuals living under the same roof lacking one or more of the following conditions: access to improved water, access to improved sanitation, sufficient living area, housing durability, and security of tenure, as adopted in the Millennium Development Goal Target 7.D. The successor, the Sustainable Development Goal 11.1.1, considers inadequate housing (housing affordability) to complement the above definition of slums/informal settlements.","Urban Indicators Database, UN Human Settlements Programme (UN-Habitat), uri: https://data.unhabitat.org/","Environment: Density & urbanization","WB_WDI","% (share) of urban population","Annual","2000-2022","Weighted average","Methodology: Population living in slums is the proportion of the urban population living in slum households. A slum household is defined as a group of individuals living under the same roof lacking one or more of the following conditions: access to improved water, access to improved sanitation, sufficient living area, housing durability, and security of tenure, as adopted in the Millennium Development Goal Target 7.D. The successor, the Sustainable Development Goal 11.1.1, considers inadequate housing (housing affordability) to complement the above definition of slums/informal settlements.","","","","https://datacatalog.worldbank.org/int/public-licenses#cc-by"
SH.STA.SMSS.ZS,"CC BY-4.0","People using safely managed sanitation services (% of population)","The percentage of people using improved sanitation facilities that are not shared with other households and where excreta are safely disposed of in situ or transported and treated offsite. Improved sanitation facilities include flush/pour flush to piped sewer systems, septic tanks or pit latrines: ventilated improved pit latrines, composting toilets or pit latrines with slabs.","WHO/UNICEF Joint Monitoring Programme (JMP) for Water Supply, Sanitation and Hygiene, World Health Organization (WHO), uri: washdata.org, note: Aggregate data by groups are computed based on the groupings for the World Bank fiscal year in which the data was released by the WHO/UNICEF Joint Monitoring Programme (JMP) for Water Supply, Sanitation and Hygiene., publisher: WHO/UNICEF Joint Monitoring Programme (JMP) for Water Supply, Sanitation and Hygiene (washdata.org), date accessed: 2025-09-30, date published: 2025-08-25;
UN Children's Fund (UNICEF), uri: washdata.org, note: WHO/UNICEF Joint Monitoring Programme (JMP) for Water Supply, Sanitation and Hygiene","Health: Disease prevention","WB_WDI","% of population","Annual","2000-2024","Weighted average","Methodology: The data sources for sanitation services are household surveys such as Demographic and Health Surveys (DHS) and Multiple Indicator Cluster Surveys (MICS), administrative data, census, and other datasets such as compilations by international or regional initiatives (e.g., IB-NET) or studies conducted by research institutions. Based on these national datasets, JMP estimates the proportion of the people accessing different levels of services by using linear regression. You can find the details of estimates including the rules on interpolation, extrapolation and extension in the JMP’s methodology report (https://washdata.org/reports/jmp-2017-methodology).
Statistical concept(s): Safely managed sanitation facilities are defined as improved sanitation facilities that are not shared with other households and where excreta are safely disposed of in situ or transported and treated offsite.  Improved sanitation facilities include flush/pour flush to piped sewer systems, septic tanks or pit latrines: ventilated improved pit latrines, composting toilets or pit latrines with slabs.  The JMP classifies the sanitation service levels into five tiers, ranging from the most to the least favorable: safely managed, basic, limited, unimproved, and open defecation (Reference: https://washdata.org/monitoring/sanitation).","Sanitation is fundamental to human development. Many international organizations use hygienic sanitation facilities as a measure for progress in the fight against poverty, disease, and death. Access to proper sanitation is also considered to be a human right, not a privilege, for every man, woman, and child.  























Sanitation generally refers to the provision of facilities and services for the safe disposal of human urine and feces. Inadequate sanitation is a major cause of disease world-wide and improving sanitation is known to have a significant beneficial impact on people's health. Basic and safely managed sanitation services can reduce diarrheal disease, and can significantly lessen the adverse health impacts of other disorders responsible for death and disease among millions of children. Diarrhea and worm infections weaken children and make them more susceptible to malnutrition and opportunistic infections like pneumonia, measles and malaria.  























The combined effects of inadequate sanitation, unsafe water supply and poor personal hygiene are responsible for many of childhood deaths. Every year, the failure to tackle these deficits results in severe welfare losses - wasted time, reduced productivity, ill health, impaired learning, environmental degradation and lost opportunities. Fundamental behavior changes are required before the use of improved facilities and services can be integrated into daily life. Many hygiene behaviors and habits are formed in childhood and, therefore, school health and hygiene education programs are an important part of water and sanitation improvements.  























Most basic sanitation technologies are not expensive to implement. However, those facing the problems of inadequate sanitation may not be aware of either the origin of their ills, or the true costs of poor sanitation and hygiene. As a result, in most of the developing countries those without sanitation are hard to convince of the need to invest scarce resources in sanitation facilities, or of the critical importance of changing long-held habits and unhygienic behaviors. Consequently, the people's representatives - governments and elected political leaders - rarely give sanitation or hygiene improvements the priority that is needed in order to tackle the massive sanitation deficit faced by the developing world.  























Children bear the brunt of sanitation-related impacts - their health, nutrition, growth, education, self-respect, and life opportunities suffer as a result of inadequate sanitation. Without improved sanitation, many of the current generation of children in developing countries are unlikely to develop to their full potential. Countries that don't take urgent action to redress sanitation deficiencies will find their future development and prosperity impaired.","There are three main ways to meet the criteria for having a safely managed sanitation service (People should use improved sanitation facilities that are not shared with other households, and the excreta produced should either be: treated and disposed of in situ; stored temporarily and then emptied, transported and treated off-site, or transported through a sewer with wastewater and then treated off-site).  Many countries lack information on either wastewater treatment or the management of on-site sanitation. A national estimate is produced if information is available for the dominant type of sanitation system.  If no information is available, it is assumed that 50 percent is safely managed.  Regional and income group estimates are made when data are available for at least 30 percent of the population.","Aggregate data by groups are computed based on the World Bank fiscal year groupings in effect at the time the data were released by the WHO/UNICEF Joint Monitoring Programme (JMP) for Water Supply, Sanitation and Hygiene.





This indicator (Total) is calculated as a population-weighted average of the RURAL and URBAN aggregates when sufficient data are available for both domains. When coverage at either the RURAL or URBAN level is insufficient, but country-level TOTAL data meet the minimum population coverage threshold (30%), TOTAL aggregates are calculated directly from country-level TOTAL estimates.  Because these two aggregation approaches may be applied in different years as data availability improves, methodological switches can occur and may result in discontinuities in the time series.





This indicator corresponds to Sustainable Development Goal indicator 6.2.1 (see UN SDG metadata: https://unstats.un.org/sdgs/metadata/).","https://datacatalog.worldbank.org/int/public-licenses#cc-by"
SH.STA.BASS.ZS,"CC BY-4.0","People using at least basic sanitation services (% of population)","The percentage of people using at least basic sanitation services, that is, improved sanitation facilities that are not shared with other households.  This indicator encompasses both people using basic sanitation services as well as those using safely managed sanitation services.   Improved sanitation facilities include flush/pour flush to piped sewer systems, septic tanks or pit latrines; ventilated improved pit latrines, composting toilets or pit latrines with slabs.","WHO/UNICEF Joint Monitoring Programme (JMP) for Water Supply, Sanitation and Hygiene, World Health Organization (WHO), uri: washdata.org, publisher: WHO/UNICEF Joint Monitoring Programme (JMP) for Water Supply, Sanitation and Hygiene (washdata.org), date accessed: 2025-09-30, date published: 2025-08-25;
UN Children's Fund (UNICEF), uri: washdata.org, note: WHO/UNICEF Joint Monitoring Programme (JMP) for Water Supply, Sanitation and Hygiene","Health: Disease prevention","WB_WDI","% of population","Annual","2000-2024","Weighted average","Methodology: The data sources for sanitation services are household surveys such as Demographic and Health Surveys (DHS) and Multiple Indicator Cluster Surveys (MICS), administrative data, census, and other datasets such as compilations by international or regional initiatives (e.g., IB-NET) or studies conducted by research institutions. Based on these national datasets, JMP estimates the proportion of the people accessing different levels of services by using linear regression. You can find the details of estimates including the rules on interpolation, extrapolation and extension in the JMP’s methodology report (https://washdata.org/reports/jmp-2017-methodology).
Statistical concept(s): The JMP classifies the sanitation service levels into five tiers, ranging from the most to the least favorable: safely managed, basic, limited, unimproved, and open defecation (Reference: https://washdata.org/monitoring/sanitation).  This indicator encompasses both people using basic sanitation services as well as those using safely managed sanitation services.","Sanitation is fundamental to human development. Many international organizations use hygienic sanitation facilities as a measure for progress in the fight against poverty, disease, and death. Access to proper sanitation is also considered to be a human right, not a privilege, for every man, woman, and child.  























Sanitation generally refers to the provision of facilities and services for the safe disposal of human urine and feces. Inadequate sanitation is a major cause of disease world-wide and improving sanitation is known to have a significant beneficial impact on people's health. Basic and safely managed sanitation services can reduce diarrheal disease, and can significantly lessen the adverse health impacts of other disorders responsible for death and disease among millions of children. Diarrhea and worm infections weaken children and make them more susceptible to malnutrition and opportunistic infections like pneumonia, measles and malaria.  























The combined effects of inadequate sanitation, unsafe water supply and poor personal hygiene are responsible for many of childhood deaths. Every year, the failure to tackle these deficits results in severe welfare losses - wasted time, reduced productivity, ill health, impaired learning, environmental degradation and lost opportunities. Fundamental behavior changes are required before the use of improved facilities and services can be integrated into daily life. Many hygiene behaviors and habits are formed in childhood and, therefore, school health and hygiene education programs are an important part of water and sanitation improvements.  























Most basic sanitation technologies are not expensive to implement. However, those facing the problems of inadequate sanitation may not be aware of either the origin of their ills, or the true costs of poor sanitation and hygiene. As a result, in most of the developing countries those without sanitation are hard to convince of the need to invest scarce resources in sanitation facilities, or of the critical importance of changing long-held habits and unhygienic behaviors. Consequently, the people's representatives - governments and elected political leaders - rarely give sanitation or hygiene improvements the priority that is needed in order to tackle the massive sanitation deficit faced by the developing world.  























Children bear the brunt of sanitation-related impacts - their health, nutrition, growth, education, self-respect, and life opportunities suffer as a result of inadequate sanitation. Without improved sanitation, many of the current generation of children in developing countries are unlikely to develop to their full potential. Countries that don't take urgent action to redress sanitation deficiencies will find their future development and prosperity impaired.","National, regional and income group estimates are made when data are available for at least 50 percent of the population.","","https://datacatalog.worldbank.org/int/public-licenses#cc-by"
SH.STA.ODFC.ZS,"CC BY-4.0","People practicing open defecation (% of population)","People practicing open defecation refers to the percentage of the population defecating in the open, such as in fields, forest, bushes, open bodies of water, on beaches, in other open spaces or disposed of with solid waste.","WHO/UNICEF Joint Monitoring Programme (JMP) for Water Supply, Sanitation and Hygiene, World Health Organization (WHO), uri: washdata.org, publisher: WHO/UNICEF Joint Monitoring Programme (JMP) for Water Supply, Sanitation and Hygiene (washdata.org), date accessed: 2025-09-30, date published: 2025-08-25;
UN Children's Fund (UNICEF), uri: washdata.org, note: WHO/UNICEF Joint Monitoring Programme (JMP) for Water Supply, Sanitation and Hygiene","Health: Risk factors","WB_WDI","% of population","Annual","2000-2024","Weighted average","Methodology: The data sources for sanitation services are household surveys such as Demographic and Health Surveys (DHS) and Multiple Indicator Cluster Surveys (MICS), administrative data, census, and other datasets such as compilations by international or regional initiatives (e.g., IB-NET) or studies conducted by research institutions. Based on these national datasets, JMP estimates the proportion of the people accessing different levels of services by using linear regression. You can find the details of estimates including the rules on interpolation, extrapolation and extension in the JMP’s methodology report (https://washdata.org/reports/jmp-2017-methodology).
Statistical concept(s): The JMP classifies the sanitation service levels into five tiers, ranging from the most to the least favorable: safely managed, basic, limited, unimproved, and open defecation (Reference: https://washdata.org/monitoring/sanitation).","Access to sanitation is a fundamental human right. Open defecation, which is the practice of relieving oneself outside without proper facilities, is a violation of human dignity and poses a significant threat to public health and nutrition. Poor sanitation is a leading cause of infectious diseases globally, and enhancing sanitation services has been proven to have a substantial positive effect on health outcomes. The provision of basic and safely managed sanitation can decrease the incidence of diarrheal diseases and mitigate the health consequences of other serious illnesses that cause widespread morbidity and mortality among children. Diarrheal conditions and parasitic infections debilitate children, increasing their vulnerability to malnutrition and secondary infections such as pneumonia, measles, and malaria.























The absence of adequate sanitation is especially harmful to women who are forced to defecate in the open, as it compromises their privacy and exposes them to a greater risk of assault and violence. The elimination of open defecation is a specific target within the Sustainable Development Goals (SDG target 6.2), underscoring the international commitment to addressing this critical issue.","National, regional and income group estimates are made when data are available for at least 50 percent of the population.","This is the Sustainable Development Goal indicator 6.2.1 [https://unstats.un.org/sdgs/metadata/].","https://datacatalog.worldbank.org/int/public-licenses#cc-by"
SH.PRV.SMOK,"CC BY-4.0","Prevalence of current tobacco use (% of adults)","The percentage of the population ages 15 years and over who currently use any tobacco product (smoked and/or smokeless tobacco) on a daily or non-daily basis. Tobacco products include cigarettes, pipes, cigars, cigarillos, waterpipes (hookah, shisha), bidis, kretek, heated tobacco products, and all forms of smokeless (oral and nasal) tobacco. Tobacco products exclude e-cigarettes (which do not contain tobacco), “e-cigars”, “e-hookahs”, JUUL and “e-pipes”. The rates are age-standardized to the WHO Standard Population.","Global Health Observatory Data Repository, World Health Organization (WHO), uri: https://www.who.int/data/gho","Health: Risk factors","WB_WDI","","Biennial","2000-2024","Weighted average","Methodology: The limited availability of data on health status is a major constraint in assessing the health situation in developing countries. Surveillance data are lacking for many major public health concerns. Estimates of prevalence and incidence are available for some diseases but are often unreliable and incomplete. National health authorities differ widely in capacity and willingness to collect or report information. To compensate for this and improve reliability and international comparability, the World Health Organization (WHO) prepares estimates in accordance with epidemiological models and statistical standards.



A statistical model based on a Bayesian negative binomial meta-regression is used to model prevalence of current tobacco use for each country, separately for men and women. 



The model has two main components: (a) adjusting for missing indicators and age groups, and (b) generating an estimate of trends over time as well as the 95% credible interval around the estimate. 

Depending on the completeness/comprehensiveness of survey data from a particular country, the model at times makes use of data from other countries to fill information gaps. When a country has fewer than two nationally representative population-based surveys in different years, no attempt is made to fill data gaps and no estimates are calculated. To fill data gaps, information is “borrowed” from countries in the same UN subregion. The resulting trend lines are used to derive estimates for single years, so that a number can be reported even if the country did not run a survey in that year. In order to make the results comparable between countries, the prevalence rates are age-standardized to the WHO Standard Population. A full description of the method is available as a peer-reviewed article in The Lancet, volume 385, No. 9972, p966–976 (2015).","","Estimates for countries with irregular surveys or many data gaps have large uncertainty ranges, and such results should be interpreted with caution.","This is the Sustainable Development Goal indicator 3.a.1 [https://unstats.un.org/sdgs/metadata/].

Previous indicator name: Smoking prevalence, total (ages 15+)
The previous indicator excluded smokeless tobacco use, while the current indicator includes. The indicator name and definition were updated in December, 2020.","https://datacatalog.worldbank.org/int/public-licenses#cc-by"
SN.ITK.MSFI.ZS,"CC BY-4.0","Prevalence of moderate or severe food insecurity in the population (%)","The percentage of people in the population who live in households classified as moderately or severely food insecure. A household is classified as moderately or severely food insecure when at least one adult in the household has reported to have been exposed, at times during the year, to low quality diets and might have been forced to also reduce the quantity of food they would normally eat because of a lack of money or other resources.","Food and Agriculture Organization of the United Nations (FAO)","Health","WB_WDI","","Annual","2014-2024","Population-weighted average","Methodology: The assessment is conducted using data collected with the Food Insecurity Experience Scale or a compatible experience-based food security measurement questionnaire (such as the HFSSM). The probability to be food insecure is estimated using the one-parameter logistic Item Response Theory model (the Rasch model) and thresholds for classification are made cross country comparable by calibrating the metrics obtained in each country against the FIES global reference scale, maintained by FAO. The threshold to classify "moderate or severe" food insecurity corresponds to the severity associated with the item "having to eat less" on the global FIES scale. It is an indicator of lack of food access.The indicator is calculated as an average over 3 years (eg. data for 2015 is the average of 2014-2016 data).","Food insecurity at moderate levels of severity is typically associated with the inability to regularly eat healthy, balanced diets. As such, high prevalence of food insecurity at moderate levels can be considered a predictor of various forms of diet-related health conditions in the population, associated with micronutrient deficiency and unbalanced diets. Severe levels of food insecurity, on the other hand, imply a high probability of reduced food intake and therefore can lead to more severe forms of undernutrition, including hunger. FAO has identified the FIES as the tool with the greatest potential for becoming a global standard capable of providing comparable information on food insecurity experience across countries and population groups to track progress on reducing food insecurity and

hunger","","","https://datacatalog.worldbank.org/int/public-licenses#cc-by"
SH_UHC_FH40,"CC BY-4.0","Proportion of population facing financial hardship due to out-of-pocket health expenditure (%)","Proportion of population spending more than 40% of household discretionary budget on out-of-pocket health expenditure (%)



The discretionary budget is defined as the total household budget, measured by consumption expenditure or income, minus the societal poverty line (SPL  ). Using 2017 purchasing power parities (PPPs), the SPL corresponds to whichever is greater: $2.15 (the international poverty line) or $1.15 + 50% of median household consumption expenditure or income, excluding out-of-pocket household expenditure on health. 



Out-of-pocket health expenditure is defined as any spending incurred by a household when any member uses a health good or service to receive any type of care (preventive, curative, rehabilitative, long-term or palliative care); provided by any type of provider; for any type of disease, illness or health condition; in any type of setting (outpatient, inpatient, at home).","Universal Health Coverage Dataset, World Health Organization (WHO);
World Bank (WB), note: Universal Health Coverage Dataset","Health: Universal Health Coverage","WB_WDI","Percentage","Annual","1985-2024","Weighted average","Methodology: Proportion of population facing financial hardship due to out-of-pocket health expenditure (%) is measured as the population-weighted average of the number of people living in households with out-of-pocket household expenditure on health exceeding 40% of household discretionary budget.
Statistical concept(s): The household discretionary budget is defined as total household consumption expenditure or income minus the societal poverty line (SPL). Using 2017 purchasing power parities (PPPs), the SPL corresponds to whichever is greater: $2.15 (the international poverty line) or $1.15 + 50% of median household consumption expenditure or income, excluding out-of-pocket household expenditure on health. Households living in societal poverty, have a negative discretionary budget.

Out-of-pocket health expenditure is defined as any spending incurred by a household when any member uses a health good or service to receive any type of care (preventive, curative, rehabilitative, long-term or palliative care); provided by any type of provider; for any type of disease, illness or health condition; in any type of setting (outpatient, inpatient, at home). This excludes any reimbursement by a third party, such as the government, a health insurance fund or a private insurance company.  Continued in “Other notes.”","Financial hardship due to out-of-pocket (OOP) health spending reflects the extent to which people’s direct health payments reduce their living standards. Because OOP health payments are made at the point of care without risk pooling, they include formal and informal payments for any health service or health product, OOP health payments can occur in any health system and affect people at any income level.

Financial hardship due to OOP health spending is one of two dimensions of Universal Health Coverage (UHC) which is defined as all people being able to access the health services, they need without compromising their ability to meet basic needs or significantly reducing their ability to consume other goods and services. As Sustainable Development Goal (SDG) indicator 3.8.2, financial hardship forms part of SDG Target 3.8 (UHC) and directly relates to SDG 3 (Ensure healthy lives and promote well-being for all at all ages) and SDG 1 (End poverty in all its forms everywhere). As a component of UHC, it is key to improving the well-being of a country’s population, an investment in human capital and a foundational driver of inclusive and sustainable economic growth and development.","","The proportion of population facing financial hardship due to out-of-pocket health expenditure can be decomposed into two mutually exclusive categories: the proportion of population with impoverishing out-of-pocket health expenditure and the proportion of the population with large but non-impoverishing out-of-pocket health expenditure
(i)	Impoverishing out-of-pocket health expenditure
Out-of-pocket health expenditure is defined as impoverishing if it exceeds 100% of household discretionary budget. This is spending that leaves the household with no discretionary budget, or with inability to meet basic needs, once out-of-pocket health expenditure is subtracted from their discretionary budget. For households with negative discretionary budgets (those living in societal poverty), any OOP health spending exceeds 100% of the household discretionary budget.

The proportion of population incurring impoverishing out-of-pocket health expenditure can be further decomposed into the proportion of population further impoverished and the proportion pushed into poverty due to out-of-pocket health expenditure.

Out-of-pocket health expenditure is defined as further impoverishing for households that live in societal poverty (household total consumption or income lies below the societal poverty line) and incur any out-of-pocket health expenditure. 

Out-of-pocket health expenditure is considered as pushing into poverty if households with positive discretionary budgets spend all their discretionary budget on out-of-pocket health expenditure. In other words, household total consumption (or income) is above the societal poverty line, but its total consumption (or income) net of out-of-pocket health expenditure falls below the societal poverty line, pushing the household into societal poverty.

(ii)	Large (but not impoverishing out-of-pocket) health spending
Out-of-pocket health spending is defined as large (but non-impoverishing) if it exceeds 40% but remains below 100% of household discretionary budget. This implies ability to meet basic needs but a substantial reduction in ability to consume other goods and services due to the need to pay for health care. 
The recommended data sources for monitoring this indicator are household budget surveys and household income and expenditure surveys, which provide information on both household consumption expenditure on health and total household consumption expenditures, and are routinely conducted by National Statistical Offices (NSOs). Preference is given for the use of consumption expenditure as a measure or household budget and discretionary budget, with income being used when consumption expenditure data is unavailable. 

To compute regional and global aggregates for a common reference year, survey-based country estimates are first “lined-up” using a combination of interpolation/extrapolation (when there are at least two survey-based estimates available within 5 years around the reference year); econometric modelling (one survey-based estimate available around the reference year); and imputation based on income group medians (no survey-based estimates available around the reference year) (see also SDG 3.8.2 metadata description  (https://unstats.un.org/sdgs/metadata/files/Metadata-03-08-02.pdf), sections 4.f and 4.g).","https://datacatalog.worldbank.org/int/public-licenses#cc-by"
SH_UHC_FH40_LARGE,"CC BY-4.0","Proportion of population facing large (but non-impoverishing) out-of-pocket health expenditure (%)","Proportion of population spending more than 40% but less than 100% of household discretionary budget on out-of-pocket health expenditure (%)



The discretionary budget is defined as the total household budget, measured by consumption expenditure or income, minus the societal poverty line (SPL). Using 2017 purchasing power parities (PPPs), the SPL corresponds to whichever is greater: $2.15 (the international poverty line) or $1.15 + 50% of median household consumption expenditure or income, excluding out-of-pocket household expenditure on health.



Out-of-pocket health expenditure is defined as any spending incurred by a household when any member uses a health good or service to receive any type of care (preventive, curative, rehabilitative, long-term or palliative care); provided by any type of provider; for any type of disease, illness or health condition; in any type of setting (outpatient, inpatient, at home).","Universal Health Coverage Dataset, World Health Organization (WHO);
World Bank (WB), note: World Health Organization ( WHO )","Health: Universal Health Coverage","WB_WDI","Percentage","Annual","1985-2024","Weighted average","Methodology: Proportion of population facing large (but non-impoverishing) out-of-pocket health expenditure (%) is measured as the population-weighted average of the number of people living in households with positive out-of-pocket household expenditure on health exceeding 40% but less than 100% of household discretionary budget.
Statistical concept(s): The household discretionary budget is defined as total household consumption expenditure or income minus the societal poverty line (SPL). Using 2017 purchasing power parities (PPPs), the SPL corresponds to whichever is greater: $2.15 (the international poverty line) or $1.15 + 50% of median household consumption expenditure or income, excluding out-of-pocket household expenditure on health. Households living in societal poverty, have a negative discretionary budget.

Out-of-pocket health expenditure is defined as any spending incurred by a household when any member uses a health good or service to receive any type of care (preventive, curative, rehabilitative, long-term or palliative care); provided by any type of provider; for any type of disease, illness or health condition; in any type of setting (outpatient, inpatient, at home). This excludes any reimbursement by a third party, such as the government, a health insurance fund or a private insurance company.  Continued in “Other notes.”","Financial hardship due to out-of-pocket (OOP) health spending reflects the extent to which people’s direct health payments reduce their living standards. Because OOP health payments are made at the point of care without risk pooling, they include formal and informal payments for any health service or health product, OOP health payments can occur in any health system and affect people at any income level.

Financial hardship due to OOP health spending is one of two dimensions of Universal Health Coverage (UHC) which is defined as all people being able to access the health services, they need without compromising their ability to meet basic needs or significantly reducing their ability to consume other goods and services. As Sustainable Development Goal (SDG) indicator 3.8.2, financial hardship forms part of SDG Target 3.8 (UHC) and directly relates to SDG 3 (Ensure healthy lives and promote well-being for all at all ages) and SDG 1 (End poverty in all its forms everywhere). As a component of UHC, it is key to improving the well-being of a country’s population, an investment in human capital and a foundational driver of inclusive and sustainable economic growth and development.","","The proportion of population facing financial hardship due to out-of-pocket health expenditure can be decomposed into two mutually exclusive categories: the proportion of population with impoverishing out-of-pocket health expenditure and the proportion of the population with large but non-impoverishing out-of-pocket health expenditure
(i) Impoverishing out-of-pocket health expenditure
Out-of-pocket health expenditure is defined as impoverishing if it exceeds 100% of household discretionary budget. This is spending that leaves the household with no discretionary budget, or with inability to meet basic needs, once out-of-pocket health expenditure is subtracted from their discretionary budget. For households with negative discretionary budgets (those living in societal poverty), any OOP health spending exceeds 100% of the household discretionary budget. 
The proportion of population incurring impoverishing out-of-pocket health expenditure can be further decomposed into the proportion of population further impoverished and the proportion pushed into poverty due to out-of-pocket health expenditure. 

Out-of-pocket health expenditure is defined as further impoverishing for households that live in societal poverty (household total consumption or income lies below the societal poverty line) and incur any out-of-pocket health expenditure.

Out-of-pocket health expenditure is considered as pushing into poverty if households with positive discretionary budgets spend all their discretionary budget on out-of-pocket health expenditure. In other words, household total consumption (or income) is above the societal poverty line, but its total consumption (or income) net of out-of-pocket health expenditure falls below the societal poverty line, pushing the household into societal poverty.

(ii) Large (but not impoverishing out-of-pocket) health spending
Out-of-pocket health spending is defined as large (but non-impoverishing) if it exceeds 40% but remains below 100% of household discretionary budget. This implies ability to meet basic needs but a substantial reduction in ability to consume other goods and services due to the need to pay for health care.

The recommended data sources for monitoring this indicator are household budget surveys and household income and expenditure surveys, which provide information on both household consumption expenditure on health and total household consumption expenditures, and are routinely conducted by National Statistical Offices (NSOs). Preference is given for the use of consumption expenditure as a measure or household budget and discretionary budget, with income being used when consumption expenditure data is unavailable.

To compute regional and global aggregates for a common reference year, survey-based country estimates are first “lined-up” using a combination of interpolation/extrapolation (when there are at least two survey-based estimates available within 5 years around the reference year); econometric modelling (one survey-based estimate available around the reference year); and imputation based on income group medians (no survey-based estimates available around the reference year) (see also SDG 3.8.2 metadata description (https://unstats.un.org/sdgs/metadata/files/Metadata-03-08-02.pdf), sections 4.f and 4.g).","https://datacatalog.worldbank.org/int/public-licenses#cc-by"
SH_UHC_FH40_PUSHED,"CC BY-4.0","Proportion of population pushed into poverty (based on the societal poverty line) due to out-of-pocket health expenditure (%)","Proportion of population living in households with positive discretionary budgets that spend all their discretionary budget on out-of-pocket health expenditure.

The household discretionary budget is defined as the total household budget, measured by consumption expenditure or income, minus the societal poverty line (SPL). Using 2017 purchasing power parities (PPPs), the SPL corresponds to whichever is greater: $2.15 (the international poverty line) or $1.15 + 50% of median household consumption expenditure or income, excluding out-of-pocket household expenditure on health.

Out-of-pocket health expenditure is defined as any spending incurred by a household when any member uses a health good or service to receive any type of care (preventive, curative, rehabilitative, long-term or palliative care); provided by any type of provider; for any type of disease, illness or health condition; in any type of setting (outpatient, inpatient, at home).","Universal Health Coverage Dataset, World Health Organization (WHO);
World Bank (WB), note: Universal Health Coverage Dataset","Health: Universal Health Coverage","WB_WDI","Percentage","Annual","1985-2023","Weighted average","Methodology: Proportion of population pushed into poverty due to out-of-pocket health expenditure (%) is measured as the population-weighted average of the number of people living in households with positive discretionary budgets that spend all their discretionary budget on out-of-pocket health expenditure.
Statistical concept(s): The household discretionary budget is defined as total household consumption expenditure or income minus the societal poverty line (SPL). Using 2017 purchasing power parities (PPPs), the SPL corresponds to whichever is greater: $2.15 (the international poverty line) or $1.15 + 50% of median household consumption expenditure or income, excluding out-of-pocket household expenditure on health. Households living in societal poverty, have a negative discretionary budget.

Out-of-pocket health expenditure is defined as any spending incurred by a household when any member uses a health good or service to receive any type of care (preventive, curative, rehabilitative, long-term or palliative care); provided by any type of provider; for any type of disease, illness or health condition; in any type of setting (outpatient, inpatient, at home). This excludes any reimbursement by a third party, such as the government, a health insurance fund or a private insurance company.  Continued in “Other notes.”","Financial hardship due to out-of-pocket (OOP) health spending reflects the extent to which people’s direct health payments reduce their living standards. Because OOP health payments are made at the point of care without risk pooling, they include formal and informal payments for any health service or health product, OOP health payments can occur in any health system and affect people at any income level.

Financial hardship due to OOP health spending is one of two dimensions of Universal Health Coverage (UHC) which is defined as all people being able to access the health services, they need without compromising their ability to meet basic needs or significantly reducing their ability to consume other goods and services. As Sustainable Development Goal (SDG) indicator 3.8.2, financial hardship forms part of SDG Target 3.8 (UHC) and directly relates to SDG 3 (Ensure healthy lives and promote well-being for all at all ages) and SDG 1 (End poverty in all its forms everywhere). As a component of UHC, it is key to improving the well-being of a country’s population, an investment in human capital and a foundational driver of inclusive and sustainable economic growth and development.","","The proportion of population facing financial hardship due to out-of-pocket health expenditure can be decomposed into two mutually exclusive categories: the proportion of population with impoverishing out-of-pocket health expenditure and the proportion of the population with large but non-impoverishing out-of-pocket health expenditure
(i) Impoverishing out-of-pocket health expenditure
Out-of-pocket health expenditure is defined as impoverishing if it exceeds 100% of household discretionary budget. This is spending that leaves the household with no discretionary budget, or with inability to meet basic needs, once out-of-pocket health expenditure is subtracted from their discretionary budget. For households with negative discretionary budgets (those living in societal poverty), any OOP health spending exceeds 100% of the household discretionary budget. 
The proportion of population incurring impoverishing out-of-pocket health expenditure can be further decomposed into the proportion of population further impoverished and the proportion pushed into poverty due to out-of-pocket health expenditure. 

Out-of-pocket health expenditure is defined as further impoverishing for households that live in societal poverty (household total consumption or income lies below the societal poverty line) and incur any out-of-pocket health expenditure.
 
Out-of-pocket health expenditure is considered as pushing into poverty if households with positive discretionary budgets spend all their discretionary budget on out-of-pocket health expenditure. In other words, household total consumption (or income) is above the societal poverty line, but its total consumption (or income) net of out-of-pocket health expenditure falls below the societal poverty line, pushing the household into societal poverty.

(ii) Large (but not impoverishing out-of-pocket) health spending
Out-of-pocket health spending is defined as large (but non-impoverishing) if it exceeds 40% but remains below 100% of household discretionary budget. This implies ability to meet basic needs but a substantial reduction in ability to consume other goods and services due to the need to pay for health care.

The recommended data sources for monitoring this indicator are household budget surveys and household income and expenditure surveys, which provide information on both household consumption expenditure on health and total household consumption expenditures, and are routinely conducted by National Statistical Offices (NSOs). Preference is given for the use of consumption expenditure as a measure or household budget and discretionary budget, with income being used when consumption expenditure data is unavailable.

To compute regional and global aggregates for a common reference year, survey-based country estimates are first “lined-up” using a combination of interpolation/extrapolation (when there are at least two survey-based estimates available within 5 years around the reference year); econometric modelling (one survey-based estimate available around the reference year); and imputation based on income group medians (no survey-based estimates available around the reference year) (see also SDG 3.8.2 metadata description (https://unstats.un.org/sdgs/metadata/files/Metadata-03-08-02.pdf), sections 4.f and 4.g).","https://datacatalog.worldbank.org/int/public-licenses#cc-by"
SH.SGR.CRSK.ZS,"CC BY-4.0","Risk of catastrophic expenditure for surgical care (% of people at risk)","The proportion of population at risk of catastrophic expenditure when surgical care is required. Catastrophic expenditure is defined as direct out of pocket payments for surgical and anaesthesia care exceeding 10% of total income.","Program in Global Surgery and Social Change (PGSSC), Harvard Medical School, uri: https://www.pgssc.org/","Health: Risk factors","WB_WDI","Percentage","Annual","2003-2022","Weighted average","Methodology: The probability of experiencing catastrophic expenditure (10 percent of total income) when surgical care is required.
Statistical concept(s): The Lancet Commission on Global Surgery, assembled in 2013 to assess surgical care around the world. Commissioners engaged in an iterative global consultative process with partners in over 110 countries to develop six core indicators of the strength of a surgical system. Two indicators assess a country’s preparedness to deliver safe surgery and anesthesia,  two assess the current delivery of safe care, and two assess the state of financial risk protection for those seeking surgery.","Billions people lack access to safe and affordable surgical, anesthesia and obstetric (SAO) care while a third of the global burden of disease requires surgical and/or anesthesia decision-making or treatment. Treating the sick very often requires surgery and anesthesia. Despite such huge burden of disease, safe and affordable SAO care is often overlooked.","Prior to 2015, global data on surgery, anesthesia and obstetric care was virtually nonexistent. With the idea that “We can’t manage what we don’t measure”, the Lancet Commission on Global Surgery developed six Surgical, Obstetric and Anesthesia (SAO) indicators and collected data for them. The analysis of these data show large gaps in SAO care across countries by income groups.","","https://datacatalog.worldbank.org/int/public-licenses#cc-by"
SH.STA.SUIC.P5,"CC BY-4.0","Suicide mortality rate (per 100,000 population)","Suicide mortality rate is the number of suicide deaths in a year per 100,000 population. Crude suicide rate (not age-adjusted).","World Health Organization, Global Health Observatory Data Repository (http://apps.who.int/ghodata/)., World Health Organization (WHO), uri: https://www.who.int/data/gho","Health: Mortality","WB_WDI","Per 100,000 population","Annual","2000-2021","Weighted average","Methodology: It is calculated by dividing the number of suicide deaths in a year by the mid-year population for the same calendar year, then multiplying by 100,000. The estimates are derived from the WHO Global Health Estimates (GHE). For countries with high-quality vital registration systems that include information on cause of death, the vital registration data submitted by member states to the WHO Mortality Database are used, with adjustments made where necessary (e.g., for under-reporting of deaths, unknown age and sex, and ill-defined causes of death). For countries without high-quality death registration data, cause of death estimates are calculated using other sources, including household surveys with verbal autopsy, sample or sentinel registration systems, and special studies. These estimates represent WHO's best calculations, using standard categories, definitions, and methods to ensure cross-country comparability. They may not be identical to official national estimates.","","Due to changes in input data and methods, the revisions of the data are not comparable to previously published estimates.","This is the Sustainable Development Goal indicator 3.4.2[https://unstats.un.org/sdgs/metadata/].","https://datacatalog.worldbank.org/int/public-licenses#cc-by"
SH.ALC.PCAP.LI,"CC BY-4.0","Total alcohol consumption per capita (liters of pure alcohol, projected estimates, 15+ years of age)","Total alcohol per capita consumption is defined as the total (sum of recorded and unrecorded alcohol) amount of alcohol consumed per person (15 years of age or older) over a calendar year, in litres of pure alcohol, adjusted for tourist consumption.","Global Health Observatory Data Repository, World Health Organization (WHO), uri: https://www.who.int/data/gho","Health: Risk factors","WB_WDI","","Annual","2000-2020","Weighted average","Methodology: The estimates for the total alcohol consumption are produced by summing up the 3-year average per capita (15+) recorded alcohol consumption and an estimate of per capita (15+) unrecorded alcohol consumption for a calendar year. Tourist consumption takes into account tourists visiting the country and inhabitants visiting other countries.","According to the World Health Organization, alcohol consumption is a causal factor in more than 200 disease and injury conditions. In the world, an estimated 3 million deaths are from harmful use of alcohols every year.   Drinking alcohol is associated with a risk of developing health problems such as mental and behavioural disorders, including alcohol dependence, major noncommunicable diseases such as liver cirrhosis, some cancers and cardiovascular diseases, as well as injuries resulting from violence and road clashes and collisions.","","This is the Sustainable Development Goal indicator 3.5.2[https://unstats.un.org/sdgs/metadata/].","https://datacatalog.worldbank.org/int/public-licenses#cc-by"
SP.DYN.CBRT.IN,"CC BY-4.0","Birth rate, crude (per 1,000 people)","Crude birth rate indicates the number of live births occurring during the year, per 1,000 population estimated at midyear. Subtracting the crude death rate from the crude birth rate provides the rate of natural increase, which is equal to the rate of population change in the absence of migration.","World Population Prospects, United Nations (UN), publisher: UN Population Division;
Statistical databases and publications from national statistical offices, National Statistical Offices (NSOs);
Demographic Statistics, Eurostat (ESTAT);
Population and Vital Statistics Report (various years), United Nations (UN), publisher: UN Statistical Division","Health: Population: Dynamics","WB_WDI","Per 1000 people","Annual","1960-2024","Weighted average","Methodology: The crude birth rate is calculated as the number of births in a given period divided by the average population in that period. For human populations the period is usually one year and, if the population changes in size over the year, the divisor is taken as the population at the mid-year. The rate is usually expressed in terms of 1,000 people: for example, a crude birth rate of 9.5 (per 1000 people) in a population of 1 million would imply 9500 births per year in the entire population.
Statistical concept(s): Subtracting the crude death rate from the crude birth rate provides the rate of natural increase, which is equal to the rate of population change in the absence of migration. Vital rates are based on data from birth and death registration systems, censuses, and sample surveys by national statistical offices and other organizations, or on demographic analysis. Data for the most recent year for some high-income countries are provisional estimates based on vital registers. The estimates for many other countries are from the United Nations Population Division.","The crude birth rate is not appropriate for comparison of different populations or areas with large differences in age-distributions. When the crude death rate is subtracted from the crude birth rate, the result is the rate of natural increase, which is the rate of population change in the absence of migration.","Vital registers are the preferred source for these data, but in many developing countries systems for registering births and deaths are absent or incomplete because of deficiencies in the coverage of events or geographic areas. Many developing countries carry out special household surveys that ask respondents about recent births and deaths. Estimates derived in this way are subject to sampling errors and recall errors.","","https://datacatalog.worldbank.org/int/public-licenses#cc-by"
SH.DTH.COMM.ZS,"CC BY-4.0","Cause of death, by communicable diseases and maternal, prenatal and nutrition conditions (% of total)","Cause of death refers to the share of all deaths for all ages by underlying causes. Communicable diseases and maternal, prenatal and nutrition conditions include infectious and parasitic diseases, respiratory infections, and nutritional deficiencies such as underweight and stunting.","Global Health Estimates, World Health Organization (WHO), uri: https://www.who.int/data/gho/data/themes/mortality-and-global-health-estimates/ghe-leading-causes-of-death, note: Derived based on the data from Global Health Estimates  Deaths by Cause, Age, Sex, by Country and by Region, 2000-2021","Health: Risk factors","WB_WDI","","Annual","2000-2021","Weighted average","Methodology: Data on cause of death are compiled by the World Health Organization (WHO), using information from civil registration and vital statistics systems (CRVS), local health and demographic studies and other sources, supplemented by vital registration and verbal autopsy in communities as well as regular household health surveys. To address incomplete or inconsistent reporting—particularly in countries with limited vital registration coverage—WHO applies statistical models that account for underreporting, demographic differentials, and expected cause-of-death distribution.  Special attention has also been paid to misattribution or miscoding of causes of death in cardiovascular diseases, cancer, injuries, and general ill-defined categories. For further information, refer to the WHO Global Health Estimates methodological documentation.
Statistical concept(s): Causes of death in the Global Health Estimates (GHE) are classified according to the International Statistical Classification of Diseases and Related Health Problems, 10th Revision (ICD-10) or ICD-9. Reported data from countries are mapped to a standardized cause list structured by WHO in a three-level hierarchy. Each death is assigned to a single underlying cause based on ICD rules. To ensure internal consistency, all cause-specific mortality estimates are constrained to fit within an all-cause mortality envelope derived from demographic estimates prepared by the UN Population Division and WHO. The cause list is designed to be mutually exclusive and collectively exhaustive, allowing full decomposition of total mortality by age, sex, country, and year.

For countries with incomplete, poor-quality, or no usable cause-of-death data, WHO uses a compositional cause modeling strategy. This approach estimates the distribution of causes within broad cause groups based on epidemiological and demographic covariates. Redistribution algorithms are applied to correct for misclassification or ill-defined causes. All modeling approaches are aligned with WHO’s goal of maximizing comparability, transparency, and usability of mortality data across settings with diverse data availability and health system capacities.","Understanding the distribution of causes of death is critical for health planning, policy formulation, and the allocation of resources. Information on the cause of death— communicable diseases and maternal, prenatal and nutrition conditions, non-communicable diseases (NCDs), injury, and, in conjunction with other COVID-19 pandemic-related outcomes—provides a foundation for assessing epidemiological transitions, identifying emerging health threats, and monitoring progress toward national and global health goals, including the Sustainable Development Goals (SDGs); in particular, SDG Target 3.4 aims to reduce premature mortality from NCDs, while communicable diseases remain a key focus under Targets 3.3 and 3.8, which address disease-specific burdens and universal health coverage.

Information on the cause of death is especially important for low- and middle-income countries, where health systems must simultaneously address both infectious disease burdens and the rising prevalence of NCDs and injury-related mortality. Disaggregated cause-of-death data enable governments and development partners to prioritize interventions, assess health system performance, and guide investments in prevention and care. Moreover, monitoring mortality by cause helps identify disparities across population groups and geographies, ensuring that public health responses are equitable and data-driven.","Limited data availability on health status remains a major constraint in assessing health conditions in low-and middle-income countries. Surveillance systems are often weak or absent for major public health issues, and available estimates of disease prevalence and incidence may be incomplete or unreliable. National capacities and commitments to data collection and reporting vary significantly. To address these gaps and enhance reliability and comparability, the World Health Organization (WHO) produces estimates using epidemiological models.

The COVID-19 pandemic introduced exceptional challenges. Even in countries with relatively complete vital registration systems, excess mortality may have been misclassified between COVID-19 and other causes of death. In countries lacking comprehensive registration systems, greater reliance on modelled estimates—including categories such as “other pandemic-related mortality”—may have resulted in underestimation or redistribution of deaths from specific causes, particularly cardiovascular diseases and other non-communicable diseases.","","https://datacatalog.worldbank.org/int/public-licenses#cc-by"
SH.DTH.NCOM.ZS,"CC BY-4.0","Cause of death, by non-communicable diseases (% of total)","Cause of death refers to the share of all deaths for all ages by underlying causes. Non-communicable diseases include cancer, diabetes mellitus, cardiovascular diseases, digestive diseases, skin diseases, musculoskeletal diseases, and congenital anomalies.","Global Health Estimates, World Health Organization (WHO), uri: https://www.who.int/data/gho/data/themes/mortality-and-global-health-estimates/ghe-leading-causes-of-death, note: Derived based on the data from Global Health Estimates  Deaths by Cause, Age, Sex, by Country and by Region, 2000-2021","Health: Risk factors","WB_WDI","","Annual","2000-2021","Weighted average","Methodology: Data on cause of death are compiled by the World Health Organization (WHO), using information from civil registration and vital statistics systems (CRVS), local health and demographic studies and other sources, supplemented by vital registration and verbal autopsy in communities as well as regular household health surveys. To address incomplete or inconsistent reporting—particularly in countries with limited vital registration coverage—WHO applies statistical models that account for underreporting, demographic differentials, and expected cause-of-death distribution.  Special attention has also been paid to misattribution or miscoding of causes of death in cardiovascular diseases, cancer, injuries, and general ill-defined categories. For further information, refer to the WHO Global Health Estimates methodological documentation.
Statistical concept(s): Causes of death in the Global Health Estimates (GHE) are classified according to the International Statistical Classification of Diseases and Related Health Problems, 10th Revision (ICD-10) or ICD-9. Reported data from countries are mapped to a standardized cause list structured by WHO in a three-level hierarchy. Each death is assigned to a single underlying cause based on ICD rules. To ensure internal consistency, all cause-specific mortality estimates are constrained to fit within an all-cause mortality envelope derived from demographic estimates prepared by the UN Population Division and WHO. The cause list is designed to be mutually exclusive and collectively exhaustive, allowing full decomposition of total mortality by age, sex, country, and year.

For countries with incomplete, poor-quality, or no usable cause-of-death data, WHO uses a compositional cause modeling strategy. This approach estimates the distribution of causes within broad cause groups based on epidemiological and demographic covariates. Redistribution algorithms are applied to correct for misclassification or ill-defined causes. All modeling approaches are aligned with WHO’s goal of maximizing comparability, transparency, and usability of mortality data across settings with diverse data availability and health system capacities.","Understanding the distribution of causes of death is critical for health planning, policy formulation, and the allocation of resources. Information on the cause of death— communicable diseases and maternal, prenatal and nutrition conditions, non-communicable diseases (NCDs), injury, and, in conjunction other COVID-19 pandemic-related outcomes—provide a foundation for assessing epidemiological transitions, identifying emerging health threats, and monitoring progress toward national and global health goals, including the Sustainable Development Goals (SDGs); in particular, SDG Target 3.4 aims to reduce premature mortality from NCDs, while communicable diseases remain a key focus under Targets 3.3 and 3.8, which address disease-specific burdens and universal health coverage.

Information on the cause of death is especially important for low- and middle-income countries, where health systems must simultaneously address both infectious disease burdens and the rising prevalence of NCDs and injury-related mortality. Disaggregated cause-of-death data enable governments and development partners to prioritize interventions, assess health system performance, and guide investments in prevention and care. Moreover, monitoring mortality by cause helps identify disparities across population groups and geographies, ensuring that public health responses are equitable and data-driven.","Limited data availability on health status remains a major constraint in assessing health conditions in low-and middle-income countries. Surveillance systems are often weak or absent for major public health issues, and available estimates of disease prevalence and incidence may be incomplete or unreliable. National capacities and commitments to data collection and reporting vary significantly. To address these gaps and enhance reliability and comparability, the World Health Organization (WHO) produces estimates using epidemiological models.

The COVID-19 pandemic introduced exceptional challenges. Even in countries with relatively complete vital registration systems, excess mortality may have been misclassified between COVID-19 and other causes of death. In countries lacking comprehensive registration systems, greater reliance on modelled estimates—including categories such as “other pandemic-related mortality”—may have resulted in underestimation or redistribution of deaths from specific causes, particularly cardiovascular diseases and other non-communicable diseases.","","https://datacatalog.worldbank.org/int/public-licenses#cc-by"
SH.XPD.CHEX.PC.CD,"CC BY-4.0","Current health expenditure per capita (current US$)","Current expenditures on health per capita in current US dollars. Estimates of current health expenditures include healthcare goods and services consumed during each year.","Global Health Expenditure Database, updated December 12th, 2025, World Health Organization (WHO), uri: http://apps.who.int/nha/database","Health: Health systems","WB_WDI","current US$","Annual","2000-2024","Weighted average","Methodology: The Health SHA 2011 tracks all health spending in a given country over a defined period of time regardless of the entity or institution that financed and managed that spending. It generates consistent and comprehensive data on health spending in a country, which in turn can contribute to evidence-based policy-making.
Statistical concept(s): The health expenditure estimates have been prepared by the World Health Organization under the framework of the System of Health Accounts 2011 (SHA 2011).","Strengthening health financing is one objective of Sustainable Development Goal 3 (SDG target 3.c).  The levels and trends of health expenditure data identify key issues such as weaknesses and strengths and areas that need investment, for instance additional health facilities, better health information systems, or better trained human resources.  Health financing is also critical for reaching universal health coverage (UHC) defined as all people obtaining the quality health services they need without suffering financial hardship (SDG 3.8).  The data on out-of-pocket spending is a key indicator with regard to financial protection and hence of progress towards UHC.","","","https://datacatalog.worldbank.org/int/public-licenses#cc-by"
SP.DYN.CDRT.IN,"CC BY-4.0","Death rate, crude (per 1,000 people)","Crude death rate indicates the number of deaths occurring during the year, per 1,000 population estimated at midyear. Subtracting the crude death rate from the crude birth rate provides the rate of natural increase, which is equal to the rate of population change in the absence of migration.","World Population Prospects, United Nations (UN), publisher: UN Population Division;
Statistical databases and publications from national statistical offices, National Statistical Offices (NSOs);
Demographic Statistics, Eurostat (ESTAT);
Population and Vital Statistics Report (various years), United Nations (UN), publisher: UN Statistical Division","Health: Population: Dynamics","WB_WDI","Per 1000 people","Annual","1960-2024","Weighted average","Methodology: The crude death rate is calculated as the number of deaths in a given period divided by the population exposed to risk of death in that period. For human populations the period is usually one year and, if the population changes in size over the year, the divisor is taken as the population at the mid-year. The rate is usually expressed in terms of 1,000 people: for example, a crude death rate of 9.5 (per 1000 people) in a population of 1 million would imply 9500 deaths per year in the entire population.
Statistical concept(s): Subtracting the crude death rate from the crude birth rate provides the rate of natural increase, which is equal to the rate of population change in the absence of migration. Vital rates are based on data from birth and death registration systems, censuses, and sample surveys by national statistical offices and other organizations, or on demographic analysis. Data for the most recent year for some high-income countries are provisional estimates based on vital registers. The estimates for many other countries are from the United Nations Population Division.","The crude death rate is a good indicator of the general health status of a geographic area or population. The crude death rate is not appropriate for comparison of different populations or areas with large differences in age-distributions. Higher crude death rates can be found in some developed countries, despite high life expectancy, because typically these countries have a much higher proportion of older people, due to lower recent birth rates and lower age-specific mortality rates.","Vital registers are the preferred source for these data, but in many developing countries systems for registering births and deaths are absent or incomplete because of deficiencies in the coverage of events or geographic areas. Many developing countries carry out special household surveys that ask respondents about recent births and deaths. Estimates derived in this way are subject to sampling errors and recall errors.","","https://datacatalog.worldbank.org/int/public-licenses#cc-by"
SH.XPD.GHED.GD.ZS,"CC BY-4.0","Domestic general government health expenditure (% of GDP)","Public expenditure on health from domestic sources as a share of the economy as measured by GDP.","Global Health Expenditure Database, updated December 12th, 2025, World Health Organization (WHO), uri: http://apps.who.int/nha/database","Health: Health systems","WB_WDI","Percentage","Annual","2000-2024","Weighted average","Methodology: The Health SHA 2011 tracks all health spending in a given country over a defined period of time regardless of the entity or institution that financed and managed that spending. It generates consistent and comprehensive data on health spending in a country, which in turn can contribute to evidence-based policy-making.
Statistical concept(s): The health expenditure estimates have been prepared by the World Health Organization under the framework of the System of Health Accounts 2011 (SHA 2011).","Strengthening health financing is one objective of Sustainable Development Goal 3 (SDG target 3.c).  The levels and trends of health expenditure data identify key issues such as weaknesses and strengths and areas that need investment, for instance additional health facilities, better health information systems, or better trained human resources.  Health financing is also critical for reaching universal health coverage (UHC) defined as all people obtaining the quality health services they need without suffering financial hardship (SDG 3.8).  The data on out-of-pocket spending is a key indicator with regard to financial protection and hence of progress towards UHC.","","","https://datacatalog.worldbank.org/int/public-licenses#cc-by"
SH.XPD.GHED.PC.CD,"CC BY-4.0","Domestic general government health expenditure per capita (current US$)","Public expenditure on health from domestic sources per capita expressed in current US dollars.","Global Health Expenditure Database, updated December 12th, 2025, World Health Organization (WHO), uri: http://apps.who.int/nha/database","Health: Health systems","WB_WDI","current US$","Annual","2000-2024","Weighted average","Methodology: The Health SHA 2011 tracks all health spending in a given country over a defined period of time regardless of the entity or institution that financed and managed that spending. It generates consistent and comprehensive data on health spending in a country, which in turn can contribute to evidence-based policy-making.
Statistical concept(s): The health expenditure estimates have been prepared by the World Health Organization under the framework of the System of Health Accounts 2011 (SHA 2011).","Strengthening health financing is one objective of Sustainable Development Goal 3 (SDG target 3.c).  The levels and trends of health expenditure data identify key issues such as weaknesses and strengths and areas that need investment, for instance additional health facilities, better health information systems, or better trained human resources.  Health financing is also critical for reaching universal health coverage (UHC) defined as all people obtaining the quality health services they need without suffering financial hardship (SDG 3.8).  The data on out-of-pocket spending is a key indicator with regard to financial protection and hence of progress towards UHC.","","","https://datacatalog.worldbank.org/int/public-licenses#cc-by"
SH.XPD.PVTD.CH.ZS,"CC BY-4.0","Domestic private health expenditure (% of current health expenditure)","Share of current health expenditures funded from domestic private sources.  Domestic private sources include funds from households, corporations and non-profit organizations. Such expenditures can be either prepaid to voluntary health insurance or paid directly to healthcare providers.","Global Health Expenditure Database, updated December 12th, 2025, World Health Organization (WHO), uri: http://apps.who.int/nha/database","Health: Health systems","WB_WDI","Percentage","Annual","2000-2024","Weighted average","Methodology: The Health SHA 2011 tracks all health spending in a given country over a defined period of time regardless of the entity or institution that financed and managed that spending. It generates consistent and comprehensive data on health spending in a country, which in turn can contribute to evidence-based policy-making.
Statistical concept(s): The health expenditure estimates have been prepared by the World Health Organization under the framework of the System of Health Accounts 2011 (SHA 2011).","Strengthening health financing is one objective of Sustainable Development Goal 3 (SDG target 3.c).  The levels and trends of health expenditure data identify key issues such as weaknesses and strengths and areas that need investment, for instance additional health facilities, better health information systems, or better trained human resources.  Health financing is also critical for reaching universal health coverage (UHC) defined as all people obtaining the quality health services they need without suffering financial hardship (SDG 3.8).  The data on out-of-pocket spending is a key indicator with regard to financial protection and hence of progress towards UHC.","","","https://datacatalog.worldbank.org/int/public-licenses#cc-by"
SH.XPD.PVTD.PP.CD,"CC BY-4.0","Domestic private health expenditure per capita, PPP (current international $)","Current private expenditures on health per capita expressed in international dollars at purchasing power parity.","Global Health Expenditure Database, updated December 12th, 2025, World Health Organization (WHO), uri: http://apps.who.int/nha/database","Health: Health systems","WB_WDI","Current international $","Annual","2000-2024","Weighted average","Methodology: The Health SHA 2011 tracks all health spending in a given country over a defined period of time regardless of the entity or institution that financed and managed that spending. It generates consistent and comprehensive data on health spending in a country, which in turn can contribute to evidence-based policy-making. WHO converted the expenditure data using PPP time series extracted from WDI (based on ICP 2017) and OECD data. Where WDI/OECD data were not available, IMF or WHO estimates were utilized. Detailed metadata are available at <https://apps.who.int/nha/database/Select/Indicators/en>.
Statistical concept(s): The health expenditure estimates have been prepared by the World Health Organization under the framework of the System of Health Accounts 2011 (SHA 2011).","Strengthening health financing is one objective of Sustainable Development Goal 3 (SDG target 3.c).  The levels and trends of health expenditure data identify key issues such as weaknesses and strengths and areas that need investment, for instance additional health facilities, better health information systems, or better trained human resources.  Health financing is also critical for reaching universal health coverage (UHC) defined as all people obtaining the quality health services they need without suffering financial hardship (SDG 3.8).  The data on out-of-pocket spending is a key indicator with regard to financial protection and hence of progress towards UHC.","","","https://datacatalog.worldbank.org/int/public-licenses#cc-by"
SH.XPD.EHEX.CH.ZS,"CC BY-4.0","External health expenditure (% of current health expenditure)","Share of current health expenditures funded from external sources. External sources compose of direct foreign transfers and foreign transfers distributed by government encompassing all financial inflows into the national health system from outside the country. External sources either flow through the government scheme or are channeled through non-governmental organizations or other schemes.","Global Health Expenditure Database, updated December 12th, 2025, World Health Organization (WHO), uri: http://apps.who.int/nha/database","Health: Health systems","WB_WDI","Percentage","Annual","2000-2024","Weighted average","Methodology: The Health SHA 2011 tracks all health spending in a given country over a defined period of time regardless of the entity or institution that financed and managed that spending. It generates consistent and comprehensive data on health spending in a country, which in turn can contribute to evidence-based policy-making.
Statistical concept(s): The health expenditure estimates have been prepared by the World Health Organization under the framework of the System of Health Accounts 2011 (SHA 2011).","Strengthening health financing is one objective of Sustainable Development Goal 3 (SDG target 3.c).  The levels and trends of health expenditure data identify key issues such as weaknesses and strengths and areas that need investment, for instance additional health facilities, better health information systems, or better trained human resources.  Health financing is also critical for reaching universal health coverage (UHC) defined as all people obtaining the quality health services they need without suffering financial hardship (SDG 3.8).  The data on out-of-pocket spending is a key indicator with regard to financial protection and hence of progress towards UHC.","","","https://datacatalog.worldbank.org/int/public-licenses#cc-by"
SH.TBS.INCD,"CC BY-4.0","Incidence of tuberculosis (per 100,000 people)","Incidence of tuberculosis is the estimated number of new and relapse tuberculosis cases arising in a given year, expressed as the rate per 100,000 population. All forms of TB are included, including cases in people living with HIV. Estimates for all years are recalculated as new information becomes available and techniques are refined, so they may differ from those published previously.","Global Tuberculosis Report, World Health Organization (WHO)","Health: Risk factors","WB_WDI","Per 100,000 people","Annual","2000-2024","Weighted average","Methodology: Estimates of TB incidence are produced through a consultative and analytical process led by WHO and are published annually. These estimates are based on annual case notifications, assessments of the quality and coverage of TB notification data, national surveys of the prevalence of TB disease and on information from death (vital) registration systems.
Statistical concept(s): Tuberculosis is one of the main causes of adult deaths from a single infectious agent in developing countries. In developed countries tuberculosis has reemerged largely as a result of cases among immigrants. Since tuberculosis incidence cannot be directly measured, estimates are obtained by eliciting expert opinion or are derived from measurements of prevalence or mortality.","Tuberculosis (TB) is a preventable and usually curable disease. Yet TB is one of the world’s leading causes of death from a single infectious agent. Millions of people continue to fall ill with TB every year.","The limited availability of data on health status is a major constraint in assessing the health situation in developing countries. Surveillance data are lacking for many major public health concerns. Estimates of prevalence and incidence are available for some diseases but are often unreliable and incomplete. National health authorities differ widely in capacity and willingness to collect or report information. To compensate for this and improve reliability and international comparability, the World Health Organization (WHO) prepares estimates in accordance with epidemiological models and statistical standards.



Uncertainty bounds for the incidence are available at http://data.worldbank.org","Aggregate data by groups are computed based on the groupings for the World Bank fiscal year in which the data was released by the World Health Organization.

This is the Sustainable Development Goal indicator 3.3.2[https://unstats.un.org/sdgs/metadata/].","https://datacatalog.worldbank.org/int/public-licenses#cc-by"
SH.HIV.INCD.TL.P3,"CC BY-4.0","Incidence of HIV, all (per 1,000 uninfected population)","Number of new HIV infections among uninfected populations expressed per 1,000 uninfected population in the year before the period.","UNAIDS estimates, Joint United Nations Programme on HIV/AIDS (UNAIDS), uri: https://aidsinfo.unaids.org/, publisher: UNAIDS, date accessed: 2025-08-27, date published: 2025-07","Health: Risk factors","WB_WDI","","Annual","1990-2024","Weighted average","Methodology: UNAIDS produces annual HIV/AIDS-related indicators using a common modelling framework (Spectrum). The model integrates country-reported data on HIV surveillance, antiretroviral therapy (ART) coverage, demographic information, and established patterns of HIV transmission, disease progression, and survival. Because many countries lack complete case reporting or cause-of-death data, these figures are modelled estimates and include uncertainty ranges. UNAIDS updates the estimates each year as new data and methods become available, ensuring internal consistency across all HIV/AIDS-related indicators. Reference: Annex 1 Methods for deriving UNAIDS HIV estimates — 2025 Global AIDS Update — AIDS, Crisis and the Power to Transform: https://www.unaids.org/sites/default/files/2025-08/JC3153_GAU25_report_annex1_en.pdf","Despite the existence of effective medications and treatment, HIV/AIDS is still a leading cause of death and public health threat in the world.  Low and middle income countries continue to bear a disproportionate share of the global burden of HIV/AIDS. The incidence rate provides a measure of progress toward preventing onward transmission of HIV. Also, the identification of newly infected persons will allow for interventions to reduce the risk of HIV transmission.","","This is the Sustainable Development Goal indicator 3.3.1 [https://unstats.un.org/sdgs/metadata/].","https://datacatalog.worldbank.org/int/public-licenses#cc-by"
SH.STA.AIRP.FE.P5,"CC BY-4.0","Mortality rate attributed to household and ambient air pollution, age-standardized, female (per 100,000 female population)","Mortality rate attributed to household and ambient air pollution is the number of deaths attributable to the joint effects of household and ambient air pollution in a year per 100,000 population. The rates are age-standardized.  Following diseases are taken into account: acute respiratory infections (estimated for all ages); cerebrovascular diseases in adults (estimated above 25 years); ischaemic heart diseases in adults (estimated above 25 years); chronic obstructive pulmonary disease in adults (estimated above 25 years); and lung cancer in adults (estimated above 25 years).","Global Health Observatory Data Repository, World Health Organization (WHO), uri: https://www.who.int/data/gho","Health: Mortality","WB_WDI","Count","Annual","2019-2019","Weighted average","Methodology: Burden of disease (or in the present case attributable mortality) is calculated by first combining information on the increased (or relative) risk of a disease resulting from exposure, with information on how widespread the exposure is in the population (e.g.  the annual mean concentration of particulate matter to which the population is exposed). This allows calculation of the 'population attributable fraction' (PAF), which is the fraction of disease seen in a given population that can be attributed  to the exposure (e.g in this case the annual mean concentration of particulate matter). Applying this fraction to the total burden of disease (e.g. cardiopulmonary disease expressed as deaths or DALYs), gives the total number of deaths or DALYs that results from exposure to that particular risk factor (in the example given above, to ambient air pollution). To estimate the combined effects of risk factors, a joint population attributable fraction is calculated, as described in Ezzati et al (2003).","Air pollution is one of the biggest environmental risks to health.  According to the World Health Organization, the combined effects of ambient (outdoor) and household air pollution cause about 7 million premature deaths every year.  Most deaths occur due to increased mortality from stroke, heart disease, chronic obstructive pulmonary disease, lung cancer and acute respiratory infections.  The majority of the burden is borne by populations in low and middle income countries.","Estimates of the joint effects of air pollution are constrained by limited knowledge on the distribution of the population exposed to both household and ambient air pollution, correlation of exposures at individual level as household air pollution is a contributor to ambient air pollution, and non-linear interactions","This is a sex-disaggregated indicator for Sustainable Development Goal 3.9.1 [https://unstats.un.org/sdgs/metadata/].","https://datacatalog.worldbank.org/int/public-licenses#cc-by"
SH.STA.POIS.P5,"CC BY-4.0","Mortality rate attributed to unintentional poisoning (per 100,000 population)","Mortality rate attributed to unintentional poisonings is the number of deaths from unintentional poisonings in a year per 100,000 population.  Unintentional poisoning can


be caused by household chemicals, pesticides, kerosene, carbon monoxide and medicines, or can be the result of environmental contamination or occupational chemical exposure.","World Health Organization, Global Health Observatory Data Repository (http://apps.who.int/ghodata/)., World Health Organization (WHO), uri: https://www.who.int/data/gho","Health: Mortality","WB_WDI","Per 100,000 population","Annual","2000-2021","Weighted average","Methodology: The estimates for unintentional poisoning mortality are derived from the WHO Global Health Estimates (GHE). For countries with high-quality vital registration systems that include information on cause of death, the data submitted by member states to the WHO Mortality Database are used, with necessary adjustments for factors such as under-reporting of deaths, unknown age and sex, and ill-defined causes of death. For countries lacking high-quality death registration data, cause of death estimates are calculated using alternative sources, including household surveys with verbal autopsy, sample or sentinel registration systems, and special studies. These estimates represent WHO's best calculations, using standard categories, definitions, and methods to ensure cross-country comparability. They may not align with official national estimates. The complete methodology can be found at the following: https://www.who.int/docs/defaultsource/gho-documents/global-health-estimates/ghe2019_cod_methods.pdf","Mortality rates due to unintentional poisoning remains relatively high in low income countries.  This indicator implicates inadequate management of hazardous chemicals and pollution, and of the effectiveness of a country’s health system.","Some countries do not have death registration data or sample registration systems.  The estimates on this indicator need to be completed with other type of information for these countries.","This is the Sustainable Development Goal indicator 3.9.3[https://unstats.un.org/sdgs/metadata/].","https://datacatalog.worldbank.org/int/public-licenses#cc-by"
SP.DYN.IMRT.IN,"CC BY-4.0","Mortality rate, infant (per 1,000 live births)","Infant mortality rate is the number of infants dying before reaching one year of age, per 1,000 live births in a given year.","UN Inter-agency Group for Child Mortality Estimation, UN Children's Fund (UNICEF), uri: www.childmortality.org;
World Health Organization (WHO), uri: www.childmortality.org, note: UN Inter-agency Group for Child Mortality Estimation;
World Bank (WB), uri: www.childmortality.org, note: UN Inter-agency Group for Child Mortality Estimation;
United Nations (UN), uri: www.childmortality.org, note: UN Inter-agency Group for Child Mortality Estimation, publisher: UN Population Division","Health: Mortality","WB_WDI","Per 1000 live births","Annual","1960-2024","Weighted average","Methodology: Estimates of neonatal, infant, and child mortality tend to vary by source and method for a given time and place. Years for available estimates also vary by country, making comparisons across countries and over time difficult. To make neonatal, infant, and child mortality estimates comparable and to ensure consistency across estimates by different agencies, the United Nations Inter-agency Group for Child Mortality Estimation (UN IGME), which comprises the United Nations Children's Fund (UNICEF), the World Health Organization (WHO), the World Bank, the United Nations Population Division, and other universities and research institutes, developed and adopted a statistical method that uses all available information to reconcile differences. The method uses statistical models to obtain a best estimate trend line by fitting a country-specific regression model of mortality rates against their reference dates.
Statistical concept(s): The main sources of mortality data are vital registration systems and direct or indirect estimates based on sample surveys or censuses. A "complete" vital registration system - covering at least 90 percent of vital events in the population - is the best source of age-specific mortality data.","Mortality rates for different age groups (infants, children, and adults) and overall mortality indicators (life expectancy at birth or survival to a given age) are important indicators of health status in a country. Because data on the incidence and prevalence of diseases are frequently unavailable, mortality rates are often used to identify vulnerable populations. And they are among the indicators most frequently used to compare socioeconomic development across countries.","Complete vital registration systems are fairly uncommon in developing countries. Thus estimates must be obtained from sample surveys or derived by applying indirect estimation techniques to registration, census, or survey data. Survey data are subject to recall error, and surveys estimating infant/child deaths require large samples because households in which a birth has occurred during a given year cannot ordinarily be preselected for sampling. Indirect estimates rely on model life tables that may be inappropriate for the population concerned. Extrapolations based on outdated surveys may not be reliable for monitoring changes in health status or for comparative analytical work.","Given that data on the incidence and prevalence of diseases are frequently unavailable, mortality rates are often used to identify vulnerable populations. Moreover, they are among the indicators most frequently used to compare socioeconomic development across countries. Under-five mortality rates are higher for boys than for girls in countries in which parental gender preferences are insignificant. Under-five mortality captures the effect of gender discrimination better than infant mortality does, as malnutrition and medical interventions have more significant impacts to this age group. Where female under-five mortality is higher, girls are likely to have less access to resources than boys.

Aggregate data for LIC, UMC, LMC, HIC are computed based on the groupings for the World Bank fiscal year in which the data was released by the UN Inter-agency Group for Child Mortality Estimation.","https://datacatalog.worldbank.org/int/public-licenses#cc-by"
SH.DYN.MORT,"CC BY-4.0","Mortality rate, under-5 (per 1,000 live births)","Under-five mortality rate is the probability per 1,000 that a newborn baby will die before reaching age five, if subject to age-specific mortality rates of the specified year.","UN Inter-agency Group for Child Mortality Estimation, UN Children's Fund (UNICEF), uri: www.childmortality.org, publisher: UNICEF, WHO, World Bank, United Nations Population Division;
World Health Organization (WHO), uri: www.childmortality.org, note: UN Inter-agency Group for Child Mortality Estimation;
World Bank (WB), uri: www.childmortality.org, note: UN Inter-agency Group for Child Mortality Estimation;
United Nations (UN), uri: www.childmortality.org, note: UN Inter-agency Group for Child Mortality Estimation, publisher: UN Population Division","Health: Mortality","WB_WDI","Per 1000 live births","Annual","1960-2024","Weighted average","Methodology: Estimates of neonatal, infant, and child mortality tend to vary by source and method for a given time and place. Years for available estimates also vary by country, making comparisons across countries and over time difficult. To make neonatal, infant, and child mortality estimates comparable and to ensure consistency across estimates by different agencies, the United Nations Inter-agency Group for Child Mortality Estimation (UN IGME), which comprises the United Nations Children's Fund (UNICEF), the World Health Organization (WHO), the World Bank, the United Nations Population Division, and other universities and research institutes, developed and adopted a statistical method that uses all available information to reconcile differences. The method uses statistical models to obtain a best estimate trend line by fitting a country-specific regression model of mortality rates against their reference dates.
Statistical concept(s): The main sources of mortality data are vital registration systems and direct or indirect estimates based on sample surveys or censuses. A "complete" vital registration system - covering at least 90 percent of vital events in the population - is the best source of age-specific mortality data.","Mortality rates for different age groups (infants, children, and adults) and overall mortality indicators (life expectancy at birth or survival to a given age) are important indicators of health status in a country. Because data on the incidence and prevalence of diseases are frequently unavailable, mortality rates are often used to identify vulnerable populations. And they are among the indicators most frequently used to compare socioeconomic development across countries.","Complete vital registration systems are fairly uncommon in developing countries. Thus estimates must be obtained from sample surveys or derived by applying indirect estimation techniques to registration, census, or survey data. Survey data are subject to recall error, and surveys estimating infant/child deaths require large samples because households in which a birth has occurred during a given year cannot ordinarily be preselected for sampling. Indirect estimates rely on model life tables that may be inappropriate for the population concerned. Extrapolations based on outdated surveys may not be reliable for monitoring changes in health status or for comparative analytical work.","Given that data on the incidence and prevalence of diseases are frequently unavailable, mortality rates are often used to identify vulnerable populations. Moreover, they are among the indicators most frequently used to compare socioeconomic development across countries. Under-five mortality rates are higher for boys than for girls in countries in which parental gender preferences are insignificant. Under-five mortality captures the effect of gender discrimination better than infant mortality does, as malnutrition and medical interventions have more significant impacts to this age group. Where female under-five mortality is higher, girls are likely to have less access to resources than boys.

Aggregate data for LIC, UMC, LMC, HIC are computed based on the groupings for the World Bank fiscal year in which the data was released by the UN Inter-agency Group for Child Mortality Estimation.

This is the Sustainable Development Goal indicator 3.2.1[https://unstats.un.org/sdgs/metadata/].","https://datacatalog.worldbank.org/int/public-licenses#cc-by"
SH.XPD.OOPC.CH.ZS,"CC BY-4.0","Out-of-pocket expenditure (% of current health expenditure)","Share of out-of-pocket payments of total current health expenditures.  Out-of-pocket payments are spending on health directly out-of-pocket by households.","Global Health Expenditure Database, updated December 12th, 2025, World Health Organization (WHO), uri: http://apps.who.int/nha/database","Health: Health systems","WB_WDI","Percentage","Annual","2000-2024","Weighted average","Methodology: The Health SHA 2011 tracks all health spending in a given country over a defined period of time regardless of the entity or institution that financed and managed that spending. It generates consistent and comprehensive data on health spending in a country, which in turn can contribute to evidence-based policy-making. Aggregations are weighted by total current health expenditure (not by population).
Statistical concept(s): The health expenditure estimates have been prepared by the World Health Organization under the framework of the System of Health Accounts 2011 (SHA 2011).","Strengthening health financing is one objective of Sustainable Development Goal 3 (SDG target 3.c).  The levels and trends of health expenditure data identify key issues such as weaknesses and strengths and areas that need investment, for instance additional health facilities, better health information systems, or better trained human resources.  Health financing is also critical for reaching universal health coverage (UHC) defined as all people obtaining the quality health services they need without suffering financial hardship (SDG 3.8).  The data on out-of-pocket spending is a key indicator with regard to financial protection and hence of progress towards UHC.","","","https://datacatalog.worldbank.org/int/public-licenses#cc-by"
SH.H2O.BASW.ZS,"CC BY-4.0","People using at least basic drinking water services (% of population)","The percentage of people using at least basic water services.  This indicator encompasses both people using basic water services as well as those using safely managed water services.  Basic drinking water services is defined as drinking water from an improved source, provided collection time is not more than 30 minutes for a round trip.  Improved water sources include piped water, boreholes or tubewells, protected dug wells, protected springs, and packaged or delivered water.","WHO/UNICEF Joint Monitoring Programme (JMP) for Water Supply, Sanitation and Hygiene, World Health Organization (WHO), uri: washdata.org, publisher: WHO/UNICEF Joint Monitoring Programme (JMP) for Water Supply, Sanitation and Hygiene (washdata.org), date accessed: 2025-09-30, date published: 2025-08-25;
UN Children's Fund (UNICEF), uri: washdata.org, note: WHO/UNICEF Joint Monitoring Programme (JMP) for Water Supply, Sanitation and Hygiene","Health: Disease prevention","WB_WDI","% of population","Annual","2000-2024","Weighted average","Methodology: The data sources for drinking water services are household surveys such as Demographic and Health Surveys (DHS) and Multiple Indicator Cluster Surveys (MICS), administrative data, census, and other datasets such as compilations by international or regional initiatives (e.g., IB-NET) or studies conducted by research institutions. Based on these national datasets, JMP estimates the proportion of the people accessing different levels of services by using linear regression. You can find the details of estimates including the rules on interpolation, extrapolation and extension in the JMP’s methodology report (https://washdata.org/reports/jmp-2017-methodology).
Statistical concept(s): The JMP classifies the  water service levels into five tiers, ranging from the most to the least favorable: safely managed, basic, limited, unimproved, and surface water (Reference: https://washdata.org/monitoring/drinking-water). This indicator encompasses both people using basic water services as well as those using safely managed water services.","Water is considered to be the most important resource for sustaining ecosystems, which provide life-supporting services for people, animals, and plants. Global access to safe water and proper hygiene education can reduce illness and death from disease, leading to improved health, poverty reduction, and socio-economic development. However, many countries are challenged to provide these basic necessities to their populations, leaving people at risk for water, sanitation, and hygiene (WASH)-related diseases. Because contaminated water is a major cause of illness and death, water quality is a determining factor in human poverty, education, and economic opportunities.  























Lack of access to adequate drinking water services contributes to deaths and illness, especially in children. Water based disease transmission by drinking contaminated water is responsible for significant outbreaks of diseases such as cholera and typhoid and includes diarrheal diseases, viral hepatitis A, cholera, dysentery and dracunculiasis (Guineaworm disease). Improving access to clean drinking water is a crucial element in the reduction of under-five mortality and morbidity and there is evidence that ensuring higher levels of drinking water services has a greater impact. 























Women and children spend millions of hours each year fetching water. The chore diverts their time from other important activities (for example attending school, caring for children, participating in the economy). When water is not available on premises and has to be collected, women and girls are almost two and a half times more likely than men and boys to be the main water carriers for their families.  























Many international organizations use access to safe drinking water and hygienic sanitation facilities as a measure for progress in the fight against poverty, disease, and death. Access to safe drinking water is also considered to be a human right, not a privilege, for every man, woman, and child. Economic benefits of safe drinking water services include higher economic productivity, more education, and health-care savings.","National, regional and income group estimates are made when data are available for at least 50 percent of the population.","","https://datacatalog.worldbank.org/int/public-licenses#cc-by"
SH.STA.HYGN.ZS,"CC BY-4.0","People with basic handwashing facilities including soap and water (% of population)","The percentage of people living in households that have a handwashing facility with soap and water available on the premises. Handwashing facilities may be fixed or mobile and include a sink with tap water, buckets with taps, tippy-taps, and jugs or basins designated for handwashing. Soap includes bar soap, liquid soap, powder detergent, and soapy water but does not include ash, soil, sand or other handwashing agents.","WHO/UNICEF Joint Monitoring Programme (JMP) for Water Supply, Sanitation and Hygiene, World Health Organization (WHO), uri: washdata.org, publisher: WHO/UNICEF Joint Monitoring Programme (JMP) for Water Supply, Sanitation and Hygiene (washdata.org), date accessed: 2025-09-30, date published: 2025-08-25;
UN Children's Fund (UNICEF), uri: washdata.org, note: WHO/UNICEF Joint Monitoring Programme (JMP) for Water Supply, Sanitation and Hygiene","Health: Disease prevention","WB_WDI","% of population","Annual","2000-2024","Weighted average","Methodology: Utilizing national-level data derived from household surveys, mainly the Demographic and Health Surveys (DHS) and Multiple Indicator Cluster Surveys (MICS), the JMP calculates the proportion of the population with access to basic handwashing facilities at home with soap and water for each country by using a simple linear regression.
Statistical concept(s): This indicator is measured using a straightforward indicator that examines the presence of handwashing facilities with soap within homes mainly through national household surveys. 











Collecting accurate information on handwashing practices presents challenges. Self-reported handwashing is an unreliable measure due to the potential for inaccurate reporting. Direct observation of handwashing can lead to observer bias, as individuals may alter their behavior when they know they are being watched, and implementing such observations on a large scale is resource-intensive. A more effective method involves survey enumerators observing the designated handwashing areas in homes and verifying the availability of water and soap, or a local substitute. This approach provides a more dependable and practical measure of handwashing behavior than relying on self-reported data.","Hygiene is closely correlated with human health.   Target 6.2 of the Sustainable Development Goals recognizes that access to facilities allowing good hygiene and sanitation should be universal, and especially important to women and girls, and those in vulnerable situations.   Of the range of hygiene behaviors considered important for health, hand washing with soap and water is a top priority in all settings, and is considered one of the most cost-effective interventions to prevent diarrheal diseases. The availability of a basic handwashing facility is a prerequisite for basic hygiene facilities on premises,  and is a useful proxy for hygienic behavior.","Generally, data on handwashing facilities are limited in high-income countries due to the infrequent collection of such information. In the early 2000s, even low- and middle-income countries often lacked this data. However, the recent standardization of hygiene-related questions in international surveys has led to an improvement in the availability of data.","This is the Sustainable Development Goal indicator 6.2.1 [https://unstats.un.org/sdgs/metadata/].","https://datacatalog.worldbank.org/int/public-licenses#cc-by"
SP.POP.GROW,"CC BY-4.0","Population growth (annual %)","Annual population growth rate for year t is the exponential rate of growth of midyear population from year t-1 to t, expressed as a percentage. Population is based on the de facto definition of population, which counts all residents regardless of legal status or citizenship.","World Population Prospects, United Nations (UN), note: Derived from total population, publisher: UN Population Division;
Statistical databases and publications from national statistical offices, National Statistical Offices (NSOs), note: Derived from total population;
Demographic Statistics, Eurostat (ESTAT), note: Derived from total population;
Population and Vital Statistics Report (various years), United Nations (UN), note: Derived from total population, publisher: UN Statistical Division","Health: Population: Dynamics","WB_WDI","Percentage","Annual","1961-2025","Weighted average","Methodology: The growth rate is computed using the exponential growth formula:



r = ln(pn/p0)/n, 



where r is the exponential rate of growth, ln() is the natural logarithm, pn is the end period population, p0 is the beginning period population, and n is the number of years in between. Note that this is not the geometric growth rate used to compute compound growth over discrete periods.



For information on total population from which the growth rates are calculated, see total population (SP.POP.TOTL).
Statistical concept(s): Total population growth rates are calculated on the assumption that rate of growth is constant between two points in time.","Increases in human population, whether as a result of immigration or more births than deaths, can impact natural resources and social infrastructure.  This can place pressure on a country's sustainability.  A significant growth in population will negatively impact the availability of land for agricultural production, and will aggravate demand for food, energy, water, social services, and infrastructure. On the other hand, decreasing population size - a result of fewer births than deaths, and people moving out of a country - can impact a government's commitment to maintain services and infrastructure.","","","https://datacatalog.worldbank.org/int/public-licenses#cc-by"
SN.ITK.SVFI.ZS,"CC BY-4.0","Prevalence of severe food insecurity in the population (%)","The percentage of people in the population who live in households classified as severely food insecure. A household is classified as severely food insecure when at least one adult in the household has reported to have been exposed, at times during the year, to several of the most severe experiences described in the FIES questions, such as to have been forced to reduce the quantity of the food, to have skipped meals, having gone hungry, or having to go for a whole day without eating because of a lack of money or other resources.","Food and Agriculture Organization of the United Nations (FAO)","Health","WB_WDI","","Annual","2014-2024","Population-weighted average","Methodology: The assessment is conducted using data collected with the Food Insecurity Experience Scale or a compatible experience-based food security measurement questionnaire (such as the HFSSM). The probability to be food insecure is estimated using the one-parameter logistic Item Response Theory model (the Rasch model) and thresholds for classification are made cross country comparable by calibrating the metrics obtained in each country against the FIES global reference scale, maintained by FAO. The threshold to classify "severe" food insecurity corresponds to the severity associated with the item "having not eaten for an entire day" on the global FIES scale. It is an indicator of lack of food access.The indicator is calculated as an average over 3 years (eg. data for 2015 is the average of 2014-2016 data).","Food insecurity at moderate levels of severity is typically associated with the inability to regularly eat healthy, balanced diets. As such, high prevalence of food insecurity at moderate levels can be considered a predictor of various forms of diet-related health conditions in the population, associated with micronutrient deficiency and unbalanced diets. Severe levels of food insecurity, on the other hand, imply a high probability of reduced food intake and therefore can lead to more severe forms of undernutrition, including hunger. FAO has identified the FIES as the tool with the greatest potential for becoming a global standard capable of providing comparable information on food insecurity experience across countries and population groups to track progress on reducing food insecurity and

hunger","","","https://datacatalog.worldbank.org/int/public-licenses#cc-by"
SN.ITK.DEFC.ZS,"CC BY-4.0","Prevalence of undernourishment (% of population)","Prevalence of undernourishment is the percentage of the population whose habitual food consumption is insufficient to provide the dietary energy levels that are required to maintain a normal active and healthy life. Data showing as 2.5 may signify a prevalence of undernourishment below 2.5%.","Food and Agriculture Organization of the United Nations (FAO), uri: http://www.fao.org/faostat/en/#home","Health: Nutrition","WB_WDI","Percentage","Annual","2001-2023","Weighted average","Methodology: Data on undernourishment are from the Food and Agriculture Organization (FAO) of the United Nations and measure food deprivation based on average food available for human consumption per person, the level of inequality in access to food, and the minimum calories required for an average person.
Statistical concept(s): Data on undernourishment are from the Food and Agriculture Organization (FAO) of the United Nations and measure food deprivation based on average food available for human consumption per person, the level of inequality in access to food, and the minimum calories required for an average person.","Good nutrition is the cornerstone for survival, health and development. Well-nourished children perform better in school, grow into healthy adults and in turn give their children a better start in life. Well-nourished women face fewer risks during pregnancy and childbirth, and their children set off on firmer developmental paths, both physically and mentally (UNICEF www.childinfo.org).","From a policy and program standpoint, this measure has its limits. First, food insecurity exists even where food availability is not a problem because of inadequate access of poor households to food. Second, food insecurity is an individual or household phenomenon, and the average food available to each person, even corrected for possible effects of low income, is not a good predictor of food insecurity among the population. And third, nutrition security is determined not only by food security but also by the quality of care of mothers and children and the quality of the household's health environment (Smith and Haddad 2000).","This is the Sustainable Development Goal indicator 2.1.1[https://unstats.un.org/sdgs/metadata/].","https://datacatalog.worldbank.org/int/public-licenses#cc-by"
SH_UHC_FH40_IMPOV,"CC BY-4.0","Proportion of population facing impoverishing out-of-pocket health expenditure, based on the societal poverty line (%)","Proportion of population spending more than 100% of household discretionary budget on out-of-pocket health expenditure (%). This includes people living in poverty that are further impoverished due to out-of-pocket health expenditure as well as people who are pushed into poverty by out-of-pocket health expenditure. 

The discretionary budget is defined as the total household budget, measured by consumption expenditure or income, minus the societal poverty line (SPL  ). Using 2017 purchasing power parities (PPPs), the SPL corresponds to whichever is greater: $2.15 (the international poverty line) or $1.15 + 50% of median household consumption expenditure or income, excluding out-of-pocket household expenditure on health. 

Out-of-pocket health expenditure is defined as any spending incurred by a household when any member uses a health good or service to receive any type of care (preventive, curative, rehabilitative, long-term or palliative care); provided by any type of provider; for any type of disease, illness or health condition; in any type of setting (outpatient, inpatient, at home).","Universal Health Coverage Dataset, World Health Organization (WHO);
World Bank (WB), note: Universal Health Coverage Dataset","Health: Universal Health Coverage","WB_WDI","Percentage","Annual","1985-2024","Weighted average","Methodology: Proportion of population facing impoverishing out-of-pocket health expenditure (%) is measured as the population-weighted average of the number of people living in households with positive out-of-pocket household expenditure on health exceeding 100% of household discretionary budget.
Statistical concept(s): The household discretionary budget is defined as total household consumption expenditure or income minus the societal poverty line (SPL). Using 2017 purchasing power parities (PPPs), the SPL corresponds to whichever is greater: $2.15 (the international poverty line) or $1.15 + 50% of median household consumption expenditure or income, excluding out-of-pocket household expenditure on health. Households living in societal poverty, have a negative discretionary budget.

Out-of-pocket health expenditure is defined as any spending incurred by a household when any member uses a health good or service to receive any type of care (preventive, curative, rehabilitative, long-term or palliative care); provided by any type of provider; for any type of disease, illness or health condition; in any type of setting (outpatient, inpatient, at home). This excludes any reimbursement by a third party, such as the government, a health insurance fund or a private insurance company.  Continued in “Other notes.”","Financial hardship due to out-of-pocket health spending reflects the extent to which people’s direct health payments reduce their living standards. Because OOP health payments are made at the point of care without risk pooling, they include formal and informal payments for any health service or health product, OOP health payments can occur in any health system and affect people at any income level.

Financial hardship due to OOP health spending is one of two dimensions of Universal Health Coverage (UHC) which is defined as all people being able to access the health services, they need without compromising their ability to meet basic needs or significantly reducing their ability to consume other goods and services. As Sustainable Development Goal (SDG) indicator 3.8.2, financial hardship forms part of SDG Target 3.8 (UHC) and directly relates to SDG 3 (Ensure healthy lives and promote well-being for all at all ages) and SDG 1 (End poverty in all its forms everywhere). As a component of UHC, it is key to improving the well-being of a country’s population, an investment in human capital and a foundational driver of inclusive and sustainable economic growth and development.","","The proportion of population facing financial hardship due to out-of-pocket health expenditure can be decomposed into two mutually exclusive categories: the proportion of population with impoverishing out-of-pocket health expenditure and the proportion of the population with large but non-impoverishing out-of-pocket health expenditure
(i) Impoverishing out-of-pocket health expenditure
Out-of-pocket health expenditure is defined as impoverishing if it exceeds 100% of household discretionary budget. This is spending that leaves the household with no discretionary budget, or with inability to meet basic needs, once out-of-pocket health expenditure is subtracted from their discretionary budget. For households with negative discretionary budgets (those living in societal poverty), any OOP health spending exceeds 100% of the household discretionary budget. 
The proportion of population incurring impoverishing out-of-pocket health expenditure can be further decomposed into the proportion of population further impoverished and the proportion pushed into poverty due to out-of-pocket health expenditure. 

Out-of-pocket health expenditure is defined as further impoverishing for households that live in societal poverty (household total consumption or income lies below the societal poverty line) and incur any out-of-pocket health expenditure.

Out-of-pocket health expenditure is considered as pushing into poverty if households with positive discretionary budgets spend all their discretionary budget on out-of-pocket health expenditure. In other words, household total consumption (or income) is above the societal poverty line, but its total consumption (or income) net of out-of-pocket health expenditure falls below the societal poverty line, pushing the household into societal poverty.

(ii)  Large (but not impoverishing out-of-pocket) health spending
Out-of-pocket health spending is defined as large (but non-impoverishing) if it exceeds 40% but remains below 100% of household discretionary budget. This implies ability to meet basic needs but a substantial reduction in ability to consume other goods and services due to the need to pay for health care.

The recommended data sources for monitoring this indicator are household budget surveys and household income and expenditure surveys, which provide information on both household consumption expenditure on health and total household consumption expenditures, and are routinely conducted by National Statistical Offices (NSOs). Preference is given for the use of consumption expenditure as a measure or household budget and discretionary budget, with income being used when consumption expenditure data is unavailable.

To compute regional and global aggregates for a common reference year, survey-based country estimates are first “lined-up” using a combination of interpolation/extrapolation (when there are at least two survey-based estimates available within 5 years around the reference year); econometric modelling (one survey-based estimate available around the reference year); and imputation based on income group medians (no survey-based estimates available around the reference year) (see also SDG 3.8.2 metadata description (https://unstats.un.org/sdgs/metadata/files/Metadata-03-08-02.pdf), sections 4.f and 4.g).","https://datacatalog.worldbank.org/int/public-licenses#cc-by"
SH_UHC_FH40_FURTHER,"CC BY-4.0","Proportion of population further impoverished due to out-of-pocket health expenditure, based on the societal poverty line (%)","Proportion of population living in households already in societal poverty (household total budget lies below the societal poverty line) that incur any out-of-pocket health expenditure.

The household discretionary budget is defined as the total household budget, measured by consumption expenditure or income, minus the societal poverty line (SPL). Using 2017 purchasing power parities (PPPs), the SPL corresponds to whichever is greater: $2.15 (the international poverty line) or $1.15 + 50% of median household consumption expenditure or income, excluding out-of-pocket household expenditure on health.

Out-of-pocket health expenditure is defined as any spending incurred by a household when any member uses a health good or service to receive any type of care (preventive, curative, rehabilitative, long-term or palliative care); provided by any type of provider; for any type of disease, illness or health condition; in any type of setting (outpatient, inpatient, at home).","Universal Health Coverage Dataset, World Health Organization (WHO);
World Bank (WB), note: Universal Health Coverage Dataset","Health: Universal Health Coverage","WB_WDI","Percentage","Annual","1985-2023","Weighted average","Methodology: Proportion of population further impoverished due to out-of-pocket health expenditure (%) is measured as the population-weighted average of the number of people living in households in societal poverty (household total consumption or income lies below the societal poverty line) that incur any out-of-pocket expenditure
Statistical concept(s): The household discretionary budget is defined as total household consumption expenditure or income minus the societal poverty line (SPL). Using 2017 purchasing power parities (PPPs), the SPL corresponds to whichever is greater: $2.15 (the international poverty line) or $1.15 + 50% of median household consumption expenditure or income, excluding out-of-pocket household expenditure on health. Households living in societal poverty, have a negative discretionary budget.

Out-of-pocket health expenditure is defined as any spending incurred by a household when any member uses a health good or service to receive any type of care (preventive, curative, rehabilitative, long-term or palliative care); provided by any type of provider; for any type of disease, illness or health condition; in any type of setting (outpatient, inpatient, at home). This excludes any reimbursement by a third party, such as the government, a health insurance fund or a private insurance company.  Continued in “Other notes.”","Financial hardship due to out-of-pocket (OOP) health spending reflects the extent to which people’s direct health payments reduce their living standards. Because OOP health payments are made at the point of care without risk pooling, they include formal and informal payments for any health service or health product, OOP health payments can occur in any health system and affect people at any income level.

Financial hardship due to OOP health spending is one of two dimensions of Universal Health Coverage (UHC) which is defined as all people being able to access the health services, they need without compromising their ability to meet basic needs or significantly reducing their ability to consume other goods and services. As Sustainable Development Goal (SDG) indicator 3.8.2, financial hardship forms part of SDG Target 3.8 (UHC) and directly relates to SDG 3 (Ensure healthy lives and promote well-being for all at all ages) and SDG 1 (End poverty in all its forms everywhere). As a component of UHC, it is key to improving the well-being of a country’s population, an investment in human capital and a foundational driver of inclusive and sustainable economic growth and development.","","The proportion of population facing financial hardship due to out-of-pocket health expenditure can be decomposed into two mutually exclusive categories: the proportion of population with impoverishing out-of-pocket health expenditure and the proportion of the population with large but non-impoverishing out-of-pocket health expenditure
(i) Impoverishing out-of-pocket health expenditure
Out-of-pocket health expenditure is defined as impoverishing if it exceeds 100% of household discretionary budget. This is spending that leaves the household with no discretionary budget, or with inability to meet basic needs, once out-of-pocket health expenditure is subtracted from their discretionary budget. For households with negative discretionary budgets (those living in societal poverty), any OOP health spending exceeds 100% of the household discretionary budget. 
The proportion of population incurring impoverishing out-of-pocket health expenditure can be further decomposed into the proportion of population further impoverished and the proportion pushed into poverty due to out-of-pocket health expenditure. 

Out-of-pocket health expenditure is defined as further impoverishing for households that live in societal poverty (household total consumption or income lies below the societal poverty line) and incur any out-of-pocket health expenditure.
 
Out-of-pocket health expenditure is considered as pushing into poverty if households with positive discretionary budgets spend all their discretionary budget on out-of-pocket health expenditure. In other words, household total consumption (or income) is above the societal poverty line, but its total consumption (or income) net of out-of-pocket health expenditure falls below the societal poverty line, pushing the household into societal poverty.

(ii) Large (but not impoverishing out-of-pocket) health spending
Out-of-pocket health spending is defined as large (but non-impoverishing) if it exceeds 40% but remains below 100% of household discretionary budget. This implies ability to meet basic needs but a substantial reduction in ability to consume other goods and services due to the need to pay for health care.

The recommended data sources for monitoring this indicator are household budget surveys and household income and expenditure surveys, which provide information on both household consumption expenditure on health and total household consumption expenditures, and are routinely conducted by National Statistical Offices (NSOs). Preference is given for the use of consumption expenditure as a measure or household budget and discretionary budget, with income being used when consumption expenditure data is unavailable.

To compute regional and global aggregates for a common reference year, survey-based country estimates are first “lined-up” using a combination of interpolation/extrapolation (when there are at least two survey-based estimates available within 5 years around the reference year); econometric modelling (one survey-based estimate available around the reference year); and imputation based on income group medians (no survey-based estimates available around the reference year) (see also SDG 3.8.2 metadata description (https://unstats.un.org/sdgs/metadata/files/Metadata-03-08-02.pdf), sections 4.f and 4.g).","https://datacatalog.worldbank.org/int/public-licenses#cc-by"
SH.SGR.IRSK.ZS,"CC BY-4.0","Risk of impoverishing expenditure for surgical care (% of people at risk)","The proportion of population at risk of impoverishing expenditure when surgical care is required. Impoverishing expenditure is defined as direct out of pocket payments for surgical and anaesthesia care which drive people below a poverty threshold (using a threshold of $2.15 PPP/day).","Program in Global Surgery and Social Change (PGSSC), Harvard Medical School, uri: https://www.pgssc.org/","Health: Risk factors","WB_WDI","Percentage","Annual","2003-2022","Weighted average","Methodology: The probability of experiencing impoverishment when surgical care is required.
Statistical concept(s): The Lancet Commission on Global Surgery, assembled in 2013 to assess surgical care around the world. Commissioners engaged in an iterative global consultative process with partners in over 110 countries to develop six core indicators of the strength of a surgical system. Two indicators assess a country’s preparedness to deliver safe surgery and anesthesia,  two assess the current delivery of safe care, and two assess the state of financial risk protection for those seeking surgery.","Billions people lack access to safe and affordable surgical, anesthesia and obstetric (SAO) care while a third of the global burden of disease requires surgical and/or anesthesia decision-making or treatment. Treating the sick very often requires surgery and anesthesia. Despite such huge burden of disease, safe and affordable SAO care is often overlooked.","Prior to 2015, global data on surgery, anesthesia and obstetric care was virtually nonexistent. With the idea that “We can’t manage what we don’t measure”, the Lancet Commission on Global Surgery developed six Surgical, Obstetric and Anesthesia (SAO) indicators and collected data for them. The analysis of these data show large gaps in SAO care across countries by income groups.","","https://datacatalog.worldbank.org/int/public-licenses#cc-by"
SH_UHC_SCI,"CC BY-4.0","UHC service coverage index","A composite index representing coverage of essential health services based on 14 tracer indicators in the areas of reproductive, maternal, newborn and child health, infectious diseases, noncommunicable diseases and service capacity and access. It is presented on a scale of 0 to 100 index points.","Universal Health Coverage Dataset, World Health Organization (WHO), uri: https://www.who.int/data/gho/data/indicators/indicator-details/GHO/uhc-index-of-service-coverage","Health: Universal Health Coverage","WB_WDI","index","Annual","2000-2023","Weighted average","Methodology: The UHC service coverage index is computed as the weighted geometric means of 14 tracer indicators, as follows, organized by four broad categories of service coverage:
I. Reproductive, maternal, newborn and child health 
1. Family planning: Percentage of women of reproductive age (15-49 years) who have their need for family planning satisfied with modern methods (SDG indicator 3.7.1, metadata available at https://unstats.un.org/sdgs/metadata/files/Metadata-03-07-01.pdf)
2. Pregnancy care: Percentage of women aged 15-49 years with a live birth in a given time period who received antenatal care four or more times
3. Child immunization: Percentage of infants receiving three doses of diphtheria-tetanus-pertussis containing vaccine
4. Child treatment: Percentage of children younger than 5 years with symptoms of acute respiratory infection (cough and fast or difficult breathing due to a problem in the chest and not due to a blocked nose only) in the 2 weeks preceding the survey for whom advice or treatment was sought from a health facility or provider 
II. Infectious diseases
5. Tuberculosis: Percentage of incident TB cases that are detected and treated
6. HIV/AIDS: Percentage of adults and children living with HIV currently receiving antiretroviral therapy 
7. Malaria: Percentage of population in malaria-endemic areas who slept under an insecticide-treated net the previous night [only for countries with high malaria burden]
8. Water, sanitation and hygiene: Percentage of population using at least basic sanitation services.
III. Noncommunicable diseases
9. Hypertension: Coverage of treatment (taking medicine) for hypertension among adults aged 30-79 years with hypertension (age-standardized estimate) (%) 
10. Diabetes: Coverage of treatment (taking medication) for diabetes among adults aged 30 years and over with diabetes (age-standardized estimate) (%) 
11. Tobacco: Age-standardized prevalence of adults >=15 years currently using any tobacco product (smoked and/or smokeless tobacco) on a daily or non-daily basis (SDG indicator 3.a.1, metadata available at https://unstats.un.org/sdgs/metadata/files/Metadata-03-0a-01.pdf)
IV. Service capacity and access
12. Hospital access: Hospital beds density, relative to a maximum threshold of 18 per 10,000 population? 
13. Health workforce: Health workers (medical doctors, nursing and midwifery personnel) per capita, relative to a combined maximum thresholds (overlap with SDG indicator 3.c.1, see metadata at https://unstats.un.org/sdgs/metadata/files/Metadata-03-0C-01.pdf)  
14. Health security: International Health Regulations (IHR) core capacity index, which is the average percentage of attributes of 13 core capacities that have been attained?(SDG indicator 3.d.1, see metadata at https://unstats.un.org/sdgs/metadata/files/Metadata-03-0D-01.pdf)
Refer to Other notes for the Statistical Concept(s).","SDG Target 3.8 is defined as “Achieve universal health coverage, including financial risk protection, access to quality essential health-care services and access to safe, effective, quality and affordable essential medicines and vaccines for all”. The objective is for all people and communities to receive the quality health services they need (including medicines and other health products), without financial hardship. Two indicators have been chosen to monitor target 3.8 within the SDG framework. Indicator 3.8.1, the universal health service coverage index, is for service coverage of essential health services while indicator 3.8.2 focuses on financial hardship caused by out-of-pocket health expenditure.

Indicators of service coverage – defined as people receiving the service they need – are the best way to track progress in providing services under universal health coverage (UHC). Since a single health service indicator does not suffice for monitoring UHC, the UHC service coverage index is constructed from?14?tracer indicators (further organized into 4 health service areas) selected based on epidemiological and statistical criteria. This includes several indicators that are already included in other SDG targets, thereby minimizing the data collection and reporting burden.?The index is reported on a?unitless?scale of 0 to 100, with 100 being the?optimal?value.","","Statistical concept(s): The calculation the UHC service coverage index requires first standardizing the 14 tracer indicators so that they can be combined into the index, and then computing the index from those values.  
The 14 tracer indicators are first all placed on the same scale, with 0 being the lowest value and 100 being the optimal value. For most indicators, this scale is the natural scale of measurement, e.g., the percentage of infants who have been immunized ranges from 0 to 100 percent. However, for a few indicators, conversion and/or rescaling is required to obtain appropriate values from 0 to 100. Once all tracer indicator values are on a scale of 0 to 100, weighted geometric means are computed within each of the four health service areas, and then a geometric mean is taken of those four values. Each tracer is weighted on an indicator specific population based on the denominator of the indicator using United Nations population estimates where applicable. 
Many of the tracer indicators of health service coverage are measured by household surveys. However, administrative data, facility data, facility surveys, and sentinel surveillance systems are utilized for certain indicators. Underlying data sources for each of the 14 tracer indicators are explained in Annex 1 (https://unstats.un.org/sdgs/metadata/files/Metadata-03-08-01.pdf)","https://datacatalog.worldbank.org/int/public-licenses#cc-by"
SP.DYN.WFRT,"CC BY-4.0","Wanted fertility rate (births per woman)","Wanted fertility rate is an estimate of what the total fertility rate would be if all unwanted births were avoided.","Demographic and Health Surveys","Health: Reproductive health","WB_WDI","Births per woman","Annual","1985-2023","Weighted average","Methodology: The data is calculated by summing the seven age-specific wanted fertility rates, multiplying the result by five, and dividing by 1000.   A birth is considered wanted if the number of living children at the time of conception is less than the ideal number of children as reported by the respondent. Special responses such as "don't know," "up to God," or other non-numeric responses for the ideal number of children are assumed to indicate a high ideal number of children. For more details, please refer to the DHS website: https://dhsprogram.com/data/Guide-to-DHS-Statistics/Wanted_Fertility.htm","","","","https://datacatalog.worldbank.org/int/public-licenses#cc-by"
EG.ELC.ACCS.ZS,"CC BY-4.0","Access to electricity (% of population)","Access to electricity is the percentage of population with access to electricity. Electrification data are collected from industry, national surveys and international sources.","SDG 7.1.1 Electrification Dataset, World Bank (WB), uri: https://trackingsdg7.esmap.org/downloads, note: Data is downloaded from ESMAP website. Data is released when a new Tracking SDG7 report is released., publisher: World Bank (WB), date accessed: 2024-05-16, date published: 2023","Environment: Energy production & use","WB_WDI","% (share) of population","Annual","1990-2024","Population-weighted average","Methodology: The World Bank’s Global Electrification Database (GED) compiles nationally representative household survey data, and occasionally census data, from sources going back as far as 1990. The database also incorporates data from the Socio-Economic Database for Latin America and the Caribbean (SEDLAC), Middle East and North Africa Poverty Database (MNAPOV) and the Europe and Central Asia Poverty Database (ECAPOV), which are based on similar surveys. At the time of this analysis, the GED contained 1,375 surveys for 149 countries in 1990-2021.","Maintaining reliable and secure electricity services while seeking to rapidly decarbonize power systems is a key challenge for countries throughout the world. More and more countries are becoming increasingly dependent on reliable and secure electricity supplies to underpin economic growth and community prosperity. This reliance is set to grow as more efficient and less carbon intensive forms of power are developed and deployed to help decarbonize economies.



















Energy is necessary for creating the conditions for economic growth. It is impossible to operate a factory, run a shop, grow crops or deliver goods to consumers without using some form of energy. Access to electricity is particularly crucial to human development as electricity is, in practice, indispensable for certain basic activities, such as lighting, refrigeration and the running of household appliances, and cannot easily be replaced by other forms of energy. Individuals' access to electricity is one of the most clear and un-distorted indications of a country's energy poverty status.



















Electricity access is increasingly at the forefront of governments' preoccupations, especially in the developing countries. As a consequence, a lot of rural electrification programs and national electrification agencies have been created in these countries to monitor more accurately the needs and the status of rural development and electrification.



















Use of energy is important in improving people's standard of living. But electricity generation also can damage the environment. Whether such damage occurs depends largely on how electricity is generated. For example, burning coal releases twice as much carbon dioxide - a major contributor to global warming - as does burning an equivalent amount of natural gas.","","","https://datacatalog.worldbank.org/int/public-licenses#cc-by"
EN.BIR.THRD.NO,"CC BY-4.0","Bird species, threatened","A threatened species is likely to become endangered within the foreseeable future, throughout all or a significant portion of its range. Threatened species are species classified by the IUCN as Critically Endangered (CR), Endangered (EN) and Vulnerable (VU).

Birds are listed for countries included within their breeding or wintering ranges.","The IUCN Red List of Threatened Species, UN Environment Programme World Conservation Monitoring Centre (UNEP-WCMC), uri: https://www.iucnredlist.org/;
International Union for Conservation of Nature (IUCN), uri: https://www.iucnredlist.org/","Environment: Biodiversity & protected areas","WB_WDI","species","Annual","2017-2022","Sum","Methodology: Species assessed as Critically Endangered (CR), Endangered (EN) or Vulnerable (VU) are referred to as "threatened" species. The International Union for Conservation of Nature (IUCN) Red List of Threatened Species collects and disseminates information on the global threated species.

















Proportion of threatened species is only reported for the more completely evaluated groups (i.e., >90% of species evaluated). Also, the reported percentage of threatened species for each group is presented as a best estimate within a range of possible values bounded by lower and upper estimates:

















Lower estimate = % threatened extant species if all Data Deficient species are not threatened, i.e., (CR + EN + VU) / (total assessed - EX)

















Best estimate = % threatened extant species if Data Deficient species are equally threatened as data sufficient species, i.e., (CR + EN + VU) / (total assessed - EX - DD)

















Upper estimate = % threatened extant species if all Data Deficient species are threatened, i.e., (CR + EN + VU + DD) / (total assessed - EX)

















Additional information on ecology and habitat preferences, threats, and conservation action are also collated and assessed as part of Red List process.","As threats to biodiversity mount, the international community is increasingly focusing on conserving diversity. The Red List Index for the world's birds shows that there has been a steady and continuing deterioration in the threat status of the world's birds since 1988, when the first complete global assessment was carried out.

















The number of threatened species is an important measure of the immediate need for conservation in an area. Global analyses of the status of threatened species have been carried out for few groups of organisms. Only for mammals, birds, and amphibians has the status of virtually all known species been assessed.

















 Threatened species are defined using the International Union for Conservation of Nature's (IUCN) classification: endangered (in danger of extinction and unlikely to survive if causal factors continue operating) and vulnerable (likely to move into the endangered category in the near future if causal factors continue operating).

















The International Union for Conservation of Nature (IUCN) Red List of Threatened Species is widely recognized as the most comprehensive, objective global approach for evaluating the conservation status of plant and animal species. The IUCN guides conservation activities of governments, NGOs and scientific institutions. The IUCN draws on and mobilizes a network of scientists and partner organizations working in almost every country in the world, who collectively hold what is likely the most complete scientific knowledge base on the biology and conservation status of species.

















Globally, threatened birds occur worldwide - nearly all countries support one or more threatened bird species. Small islands hold disproportionately high numbers of Globally Threatened Birds, supporting over half of threatened species. Threatened seabirds are found throughout the world's oceans. The most important threats to the world's birds are the spread of agriculture and an ever increasing human use of biological resources.

















Direct threats to species are the proximate human activities or processes that have impacted, are impacting, or may impact the status of the taxon being assessed (e.g., unsustainable fishing or logging). Direct threats are synonymous with sources of stress and proximate pressures. Threats can be past (historical, unlikely to return or historical, likely to return), ongoing, and/or likely to occur in the future.","Reporting the proportion of threatened species on the Red List is complicated by the fact that not all species groups have been fully evaluated, and also by the fact that some species have so little information available that they can only be assessed as Data Deficient (DD). For many of the incompletely evaluated groups, assessment efforts have focused on species that are likely to be threatened; therefore any percentage of threatened species reported for these groups would be heavily biased (i.e., the percentage of threatened species would likely be an overestimate).















Since IUCN has evaluated extinction risk for less than 5 percent of the world's described species, IUCN cannot provide an overall estimate for how many of the planet's species are threatened. For those groups that have been comprehensively evaluated, the proportion of threatened species can be calculated, but the number of threatened species is often uncertain because it is not known whether Data Deficient species are actually threatened or not.















Due to variations in consistency and methods of collection, data quality is highly variable across countries. Some countries update their information more frequently than others, some have more accurate data on extent of coverage, and many underreport the number or extent of protected areas. Also, because of differences in definitions, reporting practices, and reporting periods, cross-country comparability of threatened species is limited.















In order to ensure global uniformity when describing the habitat in which a taxon (a taxonomic group of any rank) occurs, the threats to a taxon, what conservation actions are in place or are needed, and whether or not the taxon is utilized, a set of standard terms, called Classification Schemes, are being developed, for documenting taxonomy on the IUCN Red List.","","https://datacatalog.worldbank.org/int/public-licenses#cc-by"
EN.FSH.THRD.NO,"CC BY-4.0","Fish species, threatened","A threatened species is likely to become endangered within the foreseeable future, throughout all or a significant portion of its range. Threatened species are species classified by the IUCN as Critically Endangered (CR), Endangered (EN) and Vulnerable (VU).

Fish species are based on Froese, R. and Pauly, D. (eds). 2008.","FishBase database, FishBase, uri: https://www.fishbase.org/, date published: 2008","Environment: Biodiversity & protected areas","WB_WDI","species","Annual","2017-2022","Sum","Methodology: Species assessed as Critically Endangered (CR), Endangered (EN) or Vulnerable (VU) are referred to as "threatened" species. The International Union for Conservation of Nature (IUCN) Red List of Threatened Species collects and disseminates information on the global threatened species.

















Proportion of threatened species is only reported for the more completely evaluated groups (i.e., >90% of species evaluated). Also, the reported percentage of threatened species for each group is presented as a best estimate within a range of possible values bounded by lower and upper estimates:

















Lower estimate = % threatened extant species if all Data Deficient species are not threatened, i.e., (CR + EN + VU) / (total assessed - EX)

















Best estimate = % threatened extant species if Data Deficient species are equally threatened as data sufficient species, i.e., (CR + EN + VU) / (total assessed - EX - DD)

















Upper estimate = % threatened extant species if all Data Deficient species are threatened, i.e., (CR + EN + VU + DD) / (total assessed - EX)

















Additional information on ecology and habitat preferences, threats, and conservation action are also collated and assessed as part of Red List process.","As threats to biodiversity mount, the international community is increasingly focusing on conserving diversity. The Red List Index for the world's birds shows that there has been a steady and continuing deterioration in the threat status of the world's birds since 1988, when the first complete global assessment was carried out.

















The number of threatened species is an important measure of the immediate need for conservation in an area. Global analyses of the status of threatened species have been carried out for few groups of organisms. Only for mammals, birds, and amphibians has the status of virtually all known species been assessed.

















Threatened species are defined using the International Union for Conservation of Nature's (IUCN) classification: endangered (in danger of extinction and unlikely to survive if causal factors continue operating) and vulnerable (likely to move into the endangered category in the near future if causal factors continue operating).

















The International Union for Conservation of Nature (IUCN) Red List of Threatened Species is widely recognized as the most comprehensive, objective global approach for evaluating the conservation status of plant and animal species. The IUCN guides conservation activities of governments, NGOs and scientific institutions. The introduction in 1994 of a scientifically rigorous approach to determine risks of extinction that is applicable to all species, has become a world standard. The IUCN draws on and mobilizes a network of scientists and partner organizations working in almost every country in the world, who collectively hold what is likely the most complete scientific knowledge base on the biology and conservation status of species.

















The freshwater system represents the most threatened of all ecosystems, and many freshwater species have a very high livelihood value for local human communities. IUCN's freshwater focus is on the following taxonomic groups: fish; molluscs; crabs and crayfish; and dragonflies. Global assessment of these groups is being pursued through a series of regional projects, such as one for Africa that is currently being implemented.

















The marine realm is poorly covered in the IUCN Red List, comprising less than 5 percent of the species included. IUCN has identified priority taxonomic groups of marine fish, invertebrates, plants (mangroves and seagrasses) and macro-algae (seaweeds). If these priority groups can be assessed, the number of marine species on the IUCN Red List will be increased more than six-fold.

















Direct threats to species are the proximate human activities or processes that have impacted, are impacting, or may impact the status of the taxon being assessed (e.g., unsustainable fishing or logging). Direct threats are synonymous with sources of stress and proximate pressures. Threats can be past (historical, unlikely to return or historical, likely to return), ongoing, and/or likely to occur in the future.","Reporting the proportion of threatened species on the Red List is complicated by the fact that not all species groups have been fully evaluated, and also by the fact that some species have so little information available that they can only be assessed as Data Deficient (DD). For many of the incompletely evaluated groups, assessment efforts have focused on species that are likely to be threatened; therefore any percentage of threatened species reported for these groups would be heavily biased (i.e., the percentage of threatened species would likely be an overestimate).















Since IUCN has evaluated extinction risk for less than 5 percent of the world's described species, IUCN cannot provide an overall estimate for how many of the planet's species are threatened. For those groups that have been comprehensively evaluated, the proportion of threatened species can be calculated, but the number of threatened species is often uncertain because it is not known whether Data Deficient species are actually threatened or not.















Due to variations in consistency and methods of collection, data quality is highly variable across countries. Some countries update their information more frequently than others, some have more accurate data on extent of coverage, and many underreport the number or extent of protected areas. Also, because of differences in definitions, reporting practices, and reporting periods, cross-country comparability of threatened species is limited.















In order to ensure global uniformity when describing the habitat in which a taxon (a taxonomic group of any rank) occurs, the threats to a taxon, what conservation actions are in place or are needed, and whether or not the taxon is utilized, a set of standard terms, called Classification Schemes, are being developed, for documenting taxonomy on the IUCN Red List.","","https://datacatalog.worldbank.org/int/public-licenses#cc-by"
NY.ADJ.DPEM.GN.ZS,"CC BY-4.0","Adjusted savings, particulate emission damage (% of GNI)","Particulate emissions damage is the damage due to exposure of a country's population to ambient concentrations of particulates measuring less than 2.5 microns in diameter (PM2.5), ambient ozone pollution, and indoor concentrations of PM2.5 in households cooking with solid fuels. Damages are calculated as foregone labor income due to premature death. Estimates of health impacts from the Global Burden of Disease Study 2013 are for 1990, 1995, 2000, 2005, 2010, and 2013. Data for other years have been extrapolated from trends in mortality rates. This indicator is expressed as a percentage of Gross National Income (GNI) which is the total income earned by all residents within an economic territory during an accounting period. It is equal to gross domestic product plus earned income receivable from abroad minus earned income payable abroad.","Global Burden of Disease 2013 study, Institute for Health Metrics and Evaluation (IHME)","Economic Policy & Debt: National accounts: Adjusted savings & income","WB_WDI","%","Annual","1990-2021","Weighted average","Methodology: National accounts are compiled in accordance with international standards: System of National Accounts, 2008 or 1993 versions. Specific information on how countries compile their national accounts can be found on the IMF website: https://dsbb.imf.org/
Statistical concept(s): The conceptual elements of the SNA (System of National Accounts) measure what takes place in the economy, between which agents, and for what purpose. At the heart of the SNA is the production of goods and services. These may be used for consumption in the period to which the accounts relate or may be accumulated for use in a later period. In simple terms, the amount of value added generated by production represents GDP. The income corresponding to GDP is distributed to the various agents or groups of agents as income and it is the process of distributing and redistributing income that allows one agent to consume the goods and services produced by another agent or to acquire goods and services for later consumption. The way in which the SNA captures this pattern of economic flows is to identify the activities concerned by recognizing the institutional units in the economy and by specifying the structure of accounts capturing the transactions relevant to one stage or another of the process by which goods and services are produced and ultimately consumed.","This indicator is related to the national accounts, which are critical for understanding and managing a country's economy. They provide a framework for the analysis of economic performance. National accounts are the basis for estimating the Gross Domestic Product (GDP) and Gross National Income (GNI), which are the most widely used indicator of economic performance. They are essential for government policymakers, providing the data needed to design and assess fiscal and monetary policies; and are also used by businesses and investors to assess the economic climate and make investment decisions. NAS enable comparison between economies, which is crucial for international trade, investment decisions, and economic competitiveness. More specifically, this indicator is related to national accounts aggregates. Gross Domestic Product (GDP), Gross National Income (GNI), and other aggregates provide a snapshot of the size and health of an economy by measuring the total economic activity within a country. They can thus be used by policymakers to design and implement economic policies, as they reflect the overall economic performance and can indicate the need for intervention in certain areas. Aggregates also allow for comparisons between different economies, which can be useful for trade negotiations, investment decisions, and economic benchmarking. By examining aggregates over time, economists and analysts can identify trends, cycles, and potential areas of concern within an economy, and investors can use national accounts aggregates to assess the potential risks and returns of investing in a particular country. Overall, national accounts aggregates are fundamental tools for economic analysis, policy formulation, and decision-making at both the national and international levels.","Labor productivity losses, as calculated within the framework of adjusted net savings, represent only part of the economic costs of air pollution and should be interpreted as a lower-end estimate.","","https://datacatalog.worldbank.org/int/public-licenses#cc-by"
NY.ADJ.SVNX.GN.ZS,"CC BY-4.0","Adjusted net savings, excluding particulate emission damage (% of GNI)","Adjusted net savings are equal to net national savings plus education expenditure and minus energy depletion, mineral depletion, net forest depletion, and carbon dioxide. This series excludes particulate emissions damage. This indicator is expressed as a percentage of Gross National Income (GNI) which is the total income earned by all residents within an economic territory during an accounting period. It is equal to gross domestic product plus earned income receivable from abroad minus earned income payable abroad.","Staff estimates, World Bank (WB);
The Changing Wealth of Nations: Measuring Sustainable Development in the New Millennium, World Bank (WB)","Economic Policy & Debt: National accounts: Adjusted savings & income","WB_WDI","%","Annual","1970-2021","Weighted average","Methodology: National accounts are compiled in accordance with international standards: System of National Accounts, 2008 or 1993 versions. Specific information on how countries compile their national accounts can be found on the IMF website: https://dsbb.imf.org/
Statistical concept(s): The conceptual elements of the SNA (System of National Accounts) measure what takes place in the economy, between which agents, and for what purpose. At the heart of the SNA is the production of goods and services. These may be used for consumption in the period to which the accounts relate or may be accumulated for use in a later period. In simple terms, the amount of value added generated by production represents GDP. The income corresponding to GDP is distributed to the various agents or groups of agents as income and it is the process of distributing and redistributing income that allows one agent to consume the goods and services produced by another agent or to acquire goods and services for later consumption. The way in which the SNA captures this pattern of economic flows is to identify the activities concerned by recognizing the institutional units in the economy and by specifying the structure of accounts capturing the transactions relevant to one stage or another of the process by which goods and services are produced and ultimately consumed.","This indicator is related to the national accounts, which are critical for understanding and managing a country's economy. They provide a framework for the analysis of economic performance. National accounts are the basis for estimating the Gross Domestic Product (GDP) and Gross National Income (GNI), which are the most widely used indicator of economic performance. They are essential for government policymakers, providing the data needed to design and assess fiscal and monetary policies; and are also used by businesses and investors to assess the economic climate and make investment decisions. NAS enable comparison between economies, which is crucial for international trade, investment decisions, and economic competitiveness. More specifically, this indicator is related to national accounts aggregates. Gross Domestic Product (GDP), Gross National Income (GNI), and other aggregates provide a snapshot of the size and health of an economy by measuring the total economic activity within a country. They can thus be used by policymakers to design and implement economic policies, as they reflect the overall economic performance and can indicate the need for intervention in certain areas. Aggregates also allow for comparisons between different economies, which can be useful for trade negotiations, investment decisions, and economic benchmarking. By examining aggregates over time, economists and analysts can identify trends, cycles, and potential areas of concern within an economy, and investors can use national accounts aggregates to assess the potential risks and returns of investing in a particular country. Overall, national accounts aggregates are fundamental tools for economic analysis, policy formulation, and decision-making at both the national and international levels.","","","https://datacatalog.worldbank.org/int/public-licenses#cc-by"
NY.ADJ.SVNG.GN.ZS,"CC BY-4.0","Adjusted net savings, including particulate emission damage (% of GNI)","Adjusted net savings are equal to net national savings plus education expenditure and minus energy depletion, mineral depletion, net forest depletion, and carbon dioxide and particulate emissions damage. This indicator is expressed as a percentage of Gross National Income (GNI) which is the total income earned by all residents within an economic territory during an accounting period. It is equal to gross domestic product plus earned income receivable from abroad minus earned income payable abroad.","Staff estimates, World Bank (WB);
The Changing Wealth of Nations: Measuring Sustainable Development in the New Millennium, World Bank (WB)","Economic Policy & Debt: National accounts: Adjusted savings & income","WB_WDI","%","Annual","1990-2021","Weighted average","Methodology: National accounts are compiled in accordance with international standards: System of National Accounts, 2008 or 1993 versions. Specific information on how countries compile their national accounts can be found on the IMF website: https://dsbb.imf.org/
Statistical concept(s): The conceptual elements of the SNA (System of National Accounts) measure what takes place in the economy, between which agents, and for what purpose. At the heart of the SNA is the production of goods and services. These may be used for consumption in the period to which the accounts relate or may be accumulated for use in a later period. In simple terms, the amount of value added generated by production represents GDP. The income corresponding to GDP is distributed to the various agents or groups of agents as income and it is the process of distributing and redistributing income that allows one agent to consume the goods and services produced by another agent or to acquire goods and services for later consumption. The way in which the SNA captures this pattern of economic flows is to identify the activities concerned by recognizing the institutional units in the economy and by specifying the structure of accounts capturing the transactions relevant to one stage or another of the process by which goods and services are produced and ultimately consumed.","This indicator is related to the national accounts, which are critical for understanding and managing a country's economy. They provide a framework for the analysis of economic performance. National accounts are the basis for estimating the Gross Domestic Product (GDP) and Gross National Income (GNI), which are the most widely used indicator of economic performance. They are essential for government policymakers, providing the data needed to design and assess fiscal and monetary policies; and are also used by businesses and investors to assess the economic climate and make investment decisions. NAS enable comparison between economies, which is crucial for international trade, investment decisions, and economic competitiveness. More specifically, this indicator is related to national accounts aggregates. Gross Domestic Product (GDP), Gross National Income (GNI), and other aggregates provide a snapshot of the size and health of an economy by measuring the total economic activity within a country. They can thus be used by policymakers to design and implement economic policies, as they reflect the overall economic performance and can indicate the need for intervention in certain areas. Aggregates also allow for comparisons between different economies, which can be useful for trade negotiations, investment decisions, and economic benchmarking. By examining aggregates over time, economists and analysts can identify trends, cycles, and potential areas of concern within an economy, and investors can use national accounts aggregates to assess the potential risks and returns of investing in a particular country. Overall, national accounts aggregates are fundamental tools for economic analysis, policy formulation, and decision-making at both the national and international levels.","The exercise treats public education expenditures as an addition to savings. However, because of the wide variability in the effectiveness of public education expenditures, these figures cannot be construed as the value of investments in human capital. A current expenditure of $1 on education does not necessarily yield $1 of human capital. The calculation should also consider private education expenditure, but data are not available for a large number of countries.









While extensive, the accounting of natural resource depletion and pollution costs still has some gaps. Key estimates missing on the resource side include the value of fossil water extracted from aquifers, net depletion of fish stocks, and depletion and degradation of soils. Important pollutants affecting human health and economic assets are excluded because no internationally comparable data are widely available on damage from ground-level ozone or sulfur oxides.","","https://datacatalog.worldbank.org/int/public-licenses#cc-by"
NY.ADJ.DCO2.GN.ZS,"CC BY-4.0","Adjusted savings, carbon dioxide damage (% of GNI)","Cost of damage due to carbon dioxide emissions from fossil fuel use and the manufacture of cement, estimated to be US$40 per ton of CO2 (the unit damage in 2017 US dollars for CO2 emitted in 2020) times the number of tons of CO2 emitted. This indicator is expressed as a percentage of Gross National Income (GNI) which is the total income earned by all residents within an economic territory during an accounting period. It is equal to gross domestic product plus earned income receivable from abroad minus earned income payable abroad.","Staff estimates, World Bank (WB);
The Changing Wealth of Nations: Measuring Sustainable Development in the New Millennium, World Bank (WB)","Economic Policy & Debt: National accounts: Adjusted savings & income","WB_WDI","%","Annual","1970-2021","Weighted average","Methodology: National accounts are compiled in accordance with international standards: System of National Accounts, 2008 or 1993 versions. Specific information on how countries compile their national accounts can be found on the IMF website: https://dsbb.imf.org/
Statistical concept(s): The conceptual elements of the SNA (System of National Accounts) measure what takes place in the economy, between which agents, and for what purpose. At the heart of the SNA is the production of goods and services. These may be used for consumption in the period to which the accounts relate or may be accumulated for use in a later period. In simple terms, the amount of value added generated by production represents GDP. The income corresponding to GDP is distributed to the various agents or groups of agents as income and it is the process of distributing and redistributing income that allows one agent to consume the goods and services produced by another agent or to acquire goods and services for later consumption. The way in which the SNA captures this pattern of economic flows is to identify the activities concerned by recognizing the institutional units in the economy and by specifying the structure of accounts capturing the transactions relevant to one stage or another of the process by which goods and services are produced and ultimately consumed.","This indicator is related to the national accounts, which are critical for understanding and managing a country's economy. They provide a framework for the analysis of economic performance. National accounts are the basis for estimating the Gross Domestic Product (GDP) and Gross National Income (GNI), which are the most widely used indicator of economic performance. They are essential for government policymakers, providing the data needed to design and assess fiscal and monetary policies; and are also used by businesses and investors to assess the economic climate and make investment decisions. NAS enable comparison between economies, which is crucial for international trade, investment decisions, and economic competitiveness. More specifically, this indicator is related to national accounts aggregates. Gross Domestic Product (GDP), Gross National Income (GNI), and other aggregates provide a snapshot of the size and health of an economy by measuring the total economic activity within a country. They can thus be used by policymakers to design and implement economic policies, as they reflect the overall economic performance and can indicate the need for intervention in certain areas. Aggregates also allow for comparisons between different economies, which can be useful for trade negotiations, investment decisions, and economic benchmarking. By examining aggregates over time, economists and analysts can identify trends, cycles, and potential areas of concern within an economy, and investors can use national accounts aggregates to assess the potential risks and returns of investing in a particular country. Overall, national accounts aggregates are fundamental tools for economic analysis, policy formulation, and decision-making at both the national and international levels.","","","https://datacatalog.worldbank.org/int/public-licenses#cc-by"
