Country Name,Country Code,Series Name,Series Code,2019 [YR2019]
Angola,AGO,Access to electricity (% of population),EG.ELC.ACCS.ZS,45.6
Angola,AGO,UHC service coverage index,SH_UHC_SCI,45
Angola,AGO,Out-of-pocket expenditure (% of current health expenditure),SH.XPD.OOPC.CH.ZS,33.14308548
Angola,AGO,Food production index (2014-2016 = 100),AG.PRD.FOOD.XD,110.28
Angola,AGO,Population density (people per sq. km of land area),EN.POP.DNST,25.969063928772
Angola,AGO,People using at least basic sanitation services (% of population),SH.STA.BASS.ZS,49.5470237290202
Angola,AGO,People using at least basic drinking water services (% of population),SH.H2O.BASW.ZS,64.1599110373067
Angola,AGO,Current health expenditure (% of GDP),SH.XPD.CHEX.GD.ZS,2.20394278
Angola,AGO,Domestic general government health expenditure (% of GDP),SH.XPD.GHED.GD.ZS,1.00303984
Angola,AGO,Domestic private health expenditure (% of current health expenditure),SH.XPD.PVTD.CH.ZS,50.52954102
Angola,AGO,"Mortality rate, under-5 (per 1,000 live births)",SH.DYN.MORT,55.3
Angola,AGO,"Suicide mortality rate (per 100,000 population)",SH.STA.SUIC.P5,7.52
Angola,AGO,"Birth rate, crude (per 1,000 people)",SP.DYN.CBRT.IN,39.539
Angola,AGO,"Cause of death, by communicable diseases and maternal, prenatal and nutrition conditions (% of total)",SH.DTH.COMM.ZS,57.1772720297183
Angola,AGO,"Death rate, crude (per 1,000 people)",SP.DYN.CDRT.IN,7.701
Benin,BEN,Access to electricity (% of population),EG.ELC.ACCS.ZS,40
Benin,BEN,UHC service coverage index,SH_UHC_SCI,34
Benin,BEN,Out-of-pocket expenditure (% of current health expenditure),SH.XPD.OOPC.CH.ZS,54.70105362
Benin,BEN,Food production index (2014-2016 = 100),AG.PRD.FOOD.XD,117.25
Benin,BEN,Population density (people per sq. km of land area),EN.POP.DNST,112.865865555161
Benin,BEN,People using at least basic sanitation services (% of population),SH.STA.BASS.ZS,18.8420840944928
Benin,BEN,People using at least basic drinking water services (% of population),SH.H2O.BASW.ZS,67.9832516982572
Benin,BEN,Current health expenditure (% of GDP),SH.XPD.CHEX.GD.ZS,3.00206876
Benin,BEN,Domestic general government health expenditure (% of GDP),SH.XPD.GHED.GD.ZS,0.45625761
Benin,BEN,Domestic private health expenditure (% of current health expenditure),SH.XPD.PVTD.CH.ZS,60.24988937
Benin,BEN,"Mortality rate, under-5 (per 1,000 live births)",SH.DYN.MORT,87
Benin,BEN,"Suicide mortality rate (per 100,000 population)",SH.STA.SUIC.P5,7.23
Benin,BEN,"Birth rate, crude (per 1,000 people)",SP.DYN.CBRT.IN,36.036
Benin,BEN,"Cause of death, by communicable diseases and maternal, prenatal and nutrition conditions (% of total)",SH.DTH.COMM.ZS,54.7126301158935
Benin,BEN,"Death rate, crude (per 1,000 people)",SP.DYN.CDRT.IN,9.335
Botswana,BWA,Access to electricity (% of population),EG.ELC.ACCS.ZS,70.1
Botswana,BWA,UHC service coverage index,SH_UHC_SCI,58
Botswana,BWA,Out-of-pocket expenditure (% of current health expenditure),SH.XPD.OOPC.CH.ZS,4.49591017
Botswana,BWA,Food production index (2014-2016 = 100),AG.PRD.FOOD.XD,92.64
Botswana,BWA,Population density (people per sq. km of land area),EN.POP.DNST,4.11498067863004
Botswana,BWA,People using at least basic sanitation services (% of population),SH.STA.BASS.ZS,69.8150599678289
Botswana,BWA,People using at least basic drinking water services (% of population),SH.H2O.BASW.ZS,91.4749479975469
Botswana,BWA,Current health expenditure (% of GDP),SH.XPD.CHEX.GD.ZS,6.12193203
Botswana,BWA,Domestic general government health expenditure (% of GDP),SH.XPD.GHED.GD.ZS,4.37294102
Botswana,BWA,Domestic private health expenditure (% of current health expenditure),SH.XPD.PVTD.CH.ZS,19.00561905
Botswana,BWA,"Mortality rate, under-5 (per 1,000 live births)",SH.DYN.MORT,40
Botswana,BWA,"Suicide mortality rate (per 100,000 population)",SH.STA.SUIC.P5,8.99
Botswana,BWA,"Birth rate, crude (per 1,000 people)",SP.DYN.CBRT.IN,25.751
Botswana,BWA,"Cause of death, by communicable diseases and maternal, prenatal and nutrition conditions (% of total)",SH.DTH.COMM.ZS,52.1364281845063
Botswana,BWA,"Death rate, crude (per 1,000 people)",SP.DYN.CDRT.IN,6.408
Burkina Faso,BFA,Access to electricity (% of population),EG.ELC.ACCS.ZS,17.6
Burkina Faso,BFA,UHC service coverage index,SH_UHC_SCI,40
Burkina Faso,BFA,Out-of-pocket expenditure (% of current health expenditure),SH.XPD.OOPC.CH.ZS,34.67798996
Burkina Faso,BFA,Food production index (2014-2016 = 100),AG.PRD.FOOD.XD,119.25
Burkina Faso,BFA,Population density (people per sq. km of land area),EN.POP.DNST,76.6153216374269
Burkina Faso,BFA,People using at least basic sanitation services (% of population),SH.STA.BASS.ZS,26.7185691114763
Burkina Faso,BFA,People using at least basic drinking water services (% of population),SH.H2O.BASW.ZS,50.6996167671279
Burkina Faso,BFA,Current health expenditure (% of GDP),SH.XPD.CHEX.GD.ZS,5.35001135
Burkina Faso,BFA,Domestic general government health expenditure (% of GDP),SH.XPD.GHED.GD.ZS,2.23602796
Burkina Faso,BFA,Domestic private health expenditure (% of current health expenditure),SH.XPD.PVTD.CH.ZS,42.41405487
Burkina Faso,BFA,"Mortality rate, under-5 (per 1,000 live births)",SH.DYN.MORT,88.1
Burkina Faso,BFA,"Suicide mortality rate (per 100,000 population)",SH.STA.SUIC.P5,8.45
Burkina Faso,BFA,"Birth rate, crude (per 1,000 people)",SP.DYN.CBRT.IN,34.325
Burkina Faso,BFA,"Cause of death, by communicable diseases and maternal, prenatal and nutrition conditions (% of total)",SH.DTH.COMM.ZS,52.3338381998252
Burkina Faso,BFA,"Death rate, crude (per 1,000 people)",SP.DYN.CDRT.IN,8.564
Burundi,BDI,Access to electricity (% of population),EG.ELC.ACCS.ZS,9.8
Burundi,BDI,UHC service coverage index,SH_UHC_SCI,49
Burundi,BDI,Out-of-pocket expenditure (% of current health expenditure),SH.XPD.OOPC.CH.ZS,22.21719551
Burundi,BDI,Food production index (2014-2016 = 100),AG.PRD.FOOD.XD,128.45
Burundi,BDI,Population density (people per sq. km of land area),EN.POP.DNST,477.232710280374
Burundi,BDI,People using at least basic sanitation services (% of population),SH.STA.BASS.ZS,44.3577388229315
Burundi,BDI,People using at least basic drinking water services (% of population),SH.H2O.BASW.ZS,63.7579908768374
Burundi,BDI,Current health expenditure (% of GDP),SH.XPD.CHEX.GD.ZS,9.05940628
Burundi,BDI,Domestic general government health expenditure (% of GDP),SH.XPD.GHED.GD.ZS,2.27763605
Burundi,BDI,Domestic private health expenditure (% of current health expenditure),SH.XPD.PVTD.CH.ZS,23.53046227
Burundi,BDI,"Mortality rate, under-5 (per 1,000 live births)",SH.DYN.MORT,56.2
Burundi,BDI,"Suicide mortality rate (per 100,000 population)",SH.STA.SUIC.P5,6.88
Burundi,BDI,"Birth rate, crude (per 1,000 people)",SP.DYN.CBRT.IN,36.579
Burundi,BDI,"Cause of death, by communicable diseases and maternal, prenatal and nutrition conditions (% of total)",SH.DTH.COMM.ZS,52.0689189061514
Burundi,BDI,"Death rate, crude (per 1,000 people)",SP.DYN.CDRT.IN,7.394
Cabo Verde,CPV,Access to electricity (% of population),EG.ELC.ACCS.ZS,91.4
Cabo Verde,CPV,UHC service coverage index,SH_UHC_SCI,67
Cabo Verde,CPV,Out-of-pocket expenditure (% of current health expenditure),SH.XPD.OOPC.CH.ZS,24.94114113
Cabo Verde,CPV,Food production index (2014-2016 = 100),AG.PRD.FOOD.XD,73.93
Cabo Verde,CPV,Population density (people per sq. km of land area),EN.POP.DNST,127.569230769231
Cabo Verde,CPV,People using at least basic sanitation services (% of population),SH.STA.BASS.ZS,78.8249549430518
Cabo Verde,CPV,People using at least basic drinking water services (% of population),SH.H2O.BASW.ZS,87.808568861158
Cabo Verde,CPV,Current health expenditure (% of GDP),SH.XPD.CHEX.GD.ZS,4.82431316
Cabo Verde,CPV,Domestic general government health expenditure (% of GDP),SH.XPD.GHED.GD.ZS,3.24034405
Cabo Verde,CPV,Domestic private health expenditure (% of current health expenditure),SH.XPD.PVTD.CH.ZS,30.30004883
Cabo Verde,CPV,"Mortality rate, under-5 (per 1,000 live births)",SH.DYN.MORT,14.1
Cabo Verde,CPV,"Suicide mortality rate (per 100,000 population)",SH.STA.SUIC.P5,14.56
Cabo Verde,CPV,"Birth rate, crude (per 1,000 people)",SP.DYN.CBRT.IN,14.288
Cabo Verde,CPV,"Cause of death, by communicable diseases and maternal, prenatal and nutrition conditions (% of total)",SH.DTH.COMM.ZS,16.7793753242354
Cabo Verde,CPV,"Death rate, crude (per 1,000 people)",SP.DYN.CDRT.IN,5.004
Cameroon,CMR,Access to electricity (% of population),EG.ELC.ACCS.ZS,63.2
Cameroon,CMR,UHC service coverage index,SH_UHC_SCI,46
Cameroon,CMR,Out-of-pocket expenditure (% of current health expenditure),SH.XPD.OOPC.CH.ZS,72.18878174
Cameroon,CMR,Food production index (2014-2016 = 100),AG.PRD.FOOD.XD,104.17
Cameroon,CMR,Population density (people per sq. km of land area),EN.POP.DNST,53.9571724736096
Cameroon,CMR,People using at least basic sanitation services (% of population),SH.STA.BASS.ZS,44.8498829146317
Cameroon,CMR,People using at least basic drinking water services (% of population),SH.H2O.BASW.ZS,68.7910816912942
Cameroon,CMR,Current health expenditure (% of GDP),SH.XPD.CHEX.GD.ZS,3.65157914
Cameroon,CMR,Domestic general government health expenditure (% of GDP),SH.XPD.GHED.GD.ZS,0.40687224
Cameroon,CMR,Domestic private health expenditure (% of current health expenditure),SH.XPD.PVTD.CH.ZS,75.81052399
Cameroon,CMR,"Mortality rate, under-5 (per 1,000 live births)",SH.DYN.MORT,76.6
Cameroon,CMR,"Suicide mortality rate (per 100,000 population)",SH.STA.SUIC.P5,8.22
Cameroon,CMR,"Birth rate, crude (per 1,000 people)",SP.DYN.CBRT.IN,36.183
Cameroon,CMR,"Cause of death, by communicable diseases and maternal, prenatal and nutrition conditions (% of total)",SH.DTH.COMM.ZS,54.1350394491912
Cameroon,CMR,"Death rate, crude (per 1,000 people)",SP.DYN.CDRT.IN,8.163
Central African Republic,CAF,Access to electricity (% of population),EG.ELC.ACCS.ZS,14.3
Central African Republic,CAF,UHC service coverage index,SH_UHC_SCI,31
Central African Republic,CAF,Out-of-pocket expenditure (% of current health expenditure),SH.XPD.OOPC.CH.ZS,60.55824661
Central African Republic,CAF,Food production index (2014-2016 = 100),AG.PRD.FOOD.XD,134.09
Central African Republic,CAF,Population density (people per sq. km of land area),EN.POP.DNST,7.93717775851552
Central African Republic,CAF,People using at least basic sanitation services (% of population),SH.STA.BASS.ZS,14.481982156805
Central African Republic,CAF,People using at least basic drinking water services (% of population),SH.H2O.BASW.ZS,38.2122663974409
Central African Republic,CAF,Current health expenditure (% of GDP),SH.XPD.CHEX.GD.ZS,7.76081514
Central African Republic,CAF,Domestic general government health expenditure (% of GDP),SH.XPD.GHED.GD.ZS,0.81889474
Central African Republic,CAF,Domestic private health expenditure (% of current health expenditure),SH.XPD.PVTD.CH.ZS,61.55036926
Central African Republic,CAF,"Mortality rate, under-5 (per 1,000 live births)",SH.DYN.MORT,254.7
Central African Republic,CAF,"Suicide mortality rate (per 100,000 population)",SH.STA.SUIC.P5,9.45
Central African Republic,CAF,"Birth rate, crude (per 1,000 people)",SP.DYN.CBRT.IN,44.108
Central African Republic,CAF,"Cause of death, by communicable diseases and maternal, prenatal and nutrition conditions (% of total)",SH.DTH.COMM.ZS,65.8893116932645
Central African Republic,CAF,"Death rate, crude (per 1,000 people)",SP.DYN.CDRT.IN,30.25
Chad,TCD,Access to electricity (% of population),EG.ELC.ACCS.ZS,8.4
Chad,TCD,UHC service coverage index,SH_UHC_SCI,24
Chad,TCD,Out-of-pocket expenditure (% of current health expenditure),SH.XPD.OOPC.CH.ZS,63.70339966
Chad,TCD,Food production index (2014-2016 = 100),AG.PRD.FOOD.XD,118.38
Chad,TCD,Population density (people per sq. km of land area),EN.POP.DNST,13.2506535895807
Chad,TCD,People using at least basic sanitation services (% of population),SH.STA.BASS.ZS,12.2940184363217
Chad,TCD,People using at least basic drinking water services (% of population),SH.H2O.BASW.ZS,50.4980631195055
Chad,TCD,Current health expenditure (% of GDP),SH.XPD.CHEX.GD.ZS,3.38471627
Chad,TCD,Domestic general government health expenditure (% of GDP),SH.XPD.GHED.GD.ZS,0.51349735
Chad,TCD,Domestic private health expenditure (% of current health expenditure),SH.XPD.PVTD.CH.ZS,65.72789001
Chad,TCD,"Mortality rate, under-5 (per 1,000 live births)",SH.DYN.MORT,114
Chad,TCD,"Suicide mortality rate (per 100,000 population)",SH.STA.SUIC.P5,5.26
Chad,TCD,"Birth rate, crude (per 1,000 people)",SP.DYN.CBRT.IN,44.316
Chad,TCD,"Cause of death, by communicable diseases and maternal, prenatal and nutrition conditions (% of total)",SH.DTH.COMM.ZS,67.8818028393383
Chad,TCD,"Death rate, crude (per 1,000 people)",SP.DYN.CDRT.IN,12.519
Comoros,COM,Access to electricity (% of population),EG.ELC.ACCS.ZS,83.3
Comoros,COM,UHC service coverage index,SH_UHC_SCI,49
Comoros,COM,Out-of-pocket expenditure (% of current health expenditure),SH.XPD.OOPC.CH.ZS,61.82796478
Comoros,COM,Food production index (2014-2016 = 100),AG.PRD.FOOD.XD,104.72
Comoros,COM,Population density (people per sq. km of land area),EN.POP.DNST,422.664159054272
Comoros,COM,People using at least basic sanitation services (% of population),SH.STA.BASS.ZS,51.3942491790653
Comoros,COM,People using at least basic drinking water services (% of population),SH.H2O.BASW.ZS,85.582654605357
Comoros,COM,Current health expenditure (% of GDP),SH.XPD.CHEX.GD.ZS,5.18044472
Comoros,COM,Domestic general government health expenditure (% of GDP),SH.XPD.GHED.GD.ZS,0.83244753
Comoros,COM,Domestic private health expenditure (% of current health expenditure),SH.XPD.PVTD.CH.ZS,66.36086273
Comoros,COM,"Mortality rate, under-5 (per 1,000 live births)",SH.DYN.MORT,44.8
Comoros,COM,"Suicide mortality rate (per 100,000 population)",SH.STA.SUIC.P5,6.18
Comoros,COM,"Birth rate, crude (per 1,000 people)",SP.DYN.CBRT.IN,30.447
Comoros,COM,"Cause of death, by communicable diseases and maternal, prenatal and nutrition conditions (% of total)",SH.DTH.COMM.ZS,35.2152596512165
Comoros,COM,"Death rate, crude (per 1,000 people)",SP.DYN.CDRT.IN,7.644
"Congo, Dem. Rep.",COD,Access to electricity (% of population),EG.ELC.ACCS.ZS,19.1
"Congo, Dem. Rep.",COD,UHC service coverage index,SH_UHC_SCI,39
"Congo, Dem. Rep.",COD,Out-of-pocket expenditure (% of current health expenditure),SH.XPD.OOPC.CH.ZS,38.49700546
"Congo, Dem. Rep.",COD,Food production index (2014-2016 = 100),AG.PRD.FOOD.XD,108.52
"Congo, Dem. Rep.",COD,Population density (people per sq. km of land area),EN.POP.DNST,40.9992907081891
"Congo, Dem. Rep.",COD,People using at least basic sanitation services (% of population),SH.STA.BASS.ZS,16.416662028181
"Congo, Dem. Rep.",COD,People using at least basic drinking water services (% of population),SH.H2O.BASW.ZS,35.6878940308452
"Congo, Dem. Rep.",COD,Current health expenditure (% of GDP),SH.XPD.CHEX.GD.ZS,3.508039
"Congo, Dem. Rep.",COD,Domestic general government health expenditure (% of GDP),SH.XPD.GHED.GD.ZS,0.55490303
"Congo, Dem. Rep.",COD,Domestic private health expenditure (% of current health expenditure),SH.XPD.PVTD.CH.ZS,45.35539246
"Congo, Dem. Rep.",COD,"Mortality rate, under-5 (per 1,000 live births)",SH.DYN.MORT,92.2
"Congo, Dem. Rep.",COD,"Suicide mortality rate (per 100,000 population)",SH.STA.SUIC.P5,8.33
"Congo, Dem. Rep.",COD,"Birth rate, crude (per 1,000 people)",SP.DYN.CBRT.IN,42.549
"Congo, Dem. Rep.",COD,"Cause of death, by communicable diseases and maternal, prenatal and nutrition conditions (% of total)",SH.DTH.COMM.ZS,57.5103028676614
"Congo, Dem. Rep.",COD,"Death rate, crude (per 1,000 people)",SP.DYN.CDRT.IN,9.46
"Congo, Rep.",COG,Access to electricity (% of population),EG.ELC.ACCS.ZS,47.7
"Congo, Rep.",COG,UHC service coverage index,SH_UHC_SCI,43
"Congo, Rep.",COG,Out-of-pocket expenditure (% of current health expenditure),SH.XPD.OOPC.CH.ZS,42.17203903
"Congo, Rep.",COG,Food production index (2014-2016 = 100),AG.PRD.FOOD.XD,101.44
"Congo, Rep.",COG,Population density (people per sq. km of land area),EN.POP.DNST,16.4470307467057
"Congo, Rep.",COG,People using at least basic sanitation services (% of population),SH.STA.BASS.ZS,20.3642632516174
"Congo, Rep.",COG,People using at least basic drinking water services (% of population),SH.H2O.BASW.ZS,73.0980812765278
"Congo, Rep.",COG,Current health expenditure (% of GDP),SH.XPD.CHEX.GD.ZS,2.34771276
"Congo, Rep.",COG,Domestic general government health expenditure (% of GDP),SH.XPD.GHED.GD.ZS,1.02925241
"Congo, Rep.",COG,Domestic private health expenditure (% of current health expenditure),SH.XPD.PVTD.CH.ZS,49.14888
"Congo, Rep.",COG,"Mortality rate, under-5 (per 1,000 live births)",SH.DYN.MORT,52.2
"Congo, Rep.",COG,"Suicide mortality rate (per 100,000 population)",SH.STA.SUIC.P5,7.05
"Congo, Rep.",COG,"Birth rate, crude (per 1,000 people)",SP.DYN.CBRT.IN,32.183
"Congo, Rep.",COG,"Cause of death, by communicable diseases and maternal, prenatal and nutrition conditions (% of total)",SH.DTH.COMM.ZS,55.6854592350319
"Congo, Rep.",COG,"Death rate, crude (per 1,000 people)",SP.DYN.CDRT.IN,7.344
Cote d'Ivoire,CIV,Access to electricity (% of population),EG.ELC.ACCS.ZS,68.6
Cote d'Ivoire,CIV,UHC service coverage index,SH_UHC_SCI,45
Cote d'Ivoire,CIV,Out-of-pocket expenditure (% of current health expenditure),SH.XPD.OOPC.CH.ZS,37.26046371
Cote d'Ivoire,CIV,Food production index (2014-2016 = 100),AG.PRD.FOOD.XD,116.76
Cote d'Ivoire,CIV,Population density (people per sq. km of land area),EN.POP.DNST,88.6572610062893
Cote d'Ivoire,CIV,People using at least basic sanitation services (% of population),SH.STA.BASS.ZS,35.8059580233634
Cote d'Ivoire,CIV,People using at least basic drinking water services (% of population),SH.H2O.BASW.ZS,75.6490184756229
Cote d'Ivoire,CIV,Current health expenditure (% of GDP),SH.XPD.CHEX.GD.ZS,3.18916845
Cote d'Ivoire,CIV,Domestic general government health expenditure (% of GDP),SH.XPD.GHED.GD.ZS,0.96328849
Cote d'Ivoire,CIV,Domestic private health expenditure (% of current health expenditure),SH.XPD.PVTD.CH.ZS,56.79614258
Cote d'Ivoire,CIV,"Mortality rate, under-5 (per 1,000 live births)",SH.DYN.MORT,75.3
Cote d'Ivoire,CIV,"Suicide mortality rate (per 100,000 population)",SH.STA.SUIC.P5,7.75
Cote d'Ivoire,CIV,"Birth rate, crude (per 1,000 people)",SP.DYN.CBRT.IN,34.306
Cote d'Ivoire,CIV,"Cause of death, by communicable diseases and maternal, prenatal and nutrition conditions (% of total)",SH.DTH.COMM.ZS,53.9401959393894
Cote d'Ivoire,CIV,"Death rate, crude (per 1,000 people)",SP.DYN.CDRT.IN,8.492
Equatorial Guinea,GNQ,Access to electricity (% of population),EG.ELC.ACCS.ZS,66.6
Equatorial Guinea,GNQ,UHC service coverage index,SH_UHC_SCI,48
Equatorial Guinea,GNQ,Out-of-pocket expenditure (% of current health expenditure),SH.XPD.OOPC.CH.ZS,73.77350616
Equatorial Guinea,GNQ,Food production index (2014-2016 = 100),AG.PRD.FOOD.XD,104.54
Equatorial Guinea,GNQ,Population density (people per sq. km of land area),EN.POP.DNST,59.5428520499109
Equatorial Guinea,GNQ,People using at least basic sanitation services (% of population),SH.STA.BASS.ZS,..
Equatorial Guinea,GNQ,People using at least basic drinking water services (% of population),SH.H2O.BASW.ZS,..
Equatorial Guinea,GNQ,Current health expenditure (% of GDP),SH.XPD.CHEX.GD.ZS,3.27948833
Equatorial Guinea,GNQ,Domestic general government health expenditure (% of GDP),SH.XPD.GHED.GD.ZS,0.8050639
Equatorial Guinea,GNQ,Domestic private health expenditure (% of current health expenditure),SH.XPD.PVTD.CH.ZS,74.64995575
Equatorial Guinea,GNQ,"Mortality rate, under-5 (per 1,000 live births)",SH.DYN.MORT,80.7
Equatorial Guinea,GNQ,"Suicide mortality rate (per 100,000 population)",SH.STA.SUIC.P5,7.71
Equatorial Guinea,GNQ,"Birth rate, crude (per 1,000 people)",SP.DYN.CBRT.IN,31.783
Equatorial Guinea,GNQ,"Cause of death, by communicable diseases and maternal, prenatal and nutrition conditions (% of total)",SH.DTH.COMM.ZS,61.7878538546425
Equatorial Guinea,GNQ,"Death rate, crude (per 1,000 people)",SP.DYN.CDRT.IN,8.496
Eritrea,ERI,Access to electricity (% of population),EG.ELC.ACCS.ZS,50.3
Eritrea,ERI,UHC service coverage index,SH_UHC_SCI,41
Eritrea,ERI,Out-of-pocket expenditure (% of current health expenditure),SH.XPD.OOPC.CH.ZS,46.44067764
Eritrea,ERI,Food production index (2014-2016 = 100),AG.PRD.FOOD.XD,104.62
Eritrea,ERI,Population density (people per sq. km of land area),EN.POP.DNST,26.7606490641362
Eritrea,ERI,People using at least basic sanitation services (% of population),SH.STA.BASS.ZS,..
Eritrea,ERI,People using at least basic drinking water services (% of population),SH.H2O.BASW.ZS,..
Eritrea,ERI,Current health expenditure (% of GDP),SH.XPD.CHEX.GD.ZS,4.64806461
Eritrea,ERI,Domestic general government health expenditure (% of GDP),SH.XPD.GHED.GD.ZS,0.74166143
Eritrea,ERI,Domestic private health expenditure (% of current health expenditure),SH.XPD.PVTD.CH.ZS,46.44067764
Eritrea,ERI,"Mortality rate, under-5 (per 1,000 live births)",SH.DYN.MORT,40.5
Eritrea,ERI,"Suicide mortality rate (per 100,000 population)",SH.STA.SUIC.P5,13
Eritrea,ERI,"Birth rate, crude (per 1,000 people)",SP.DYN.CBRT.IN,29.119
Eritrea,ERI,"Cause of death, by communicable diseases and maternal, prenatal and nutrition conditions (% of total)",SH.DTH.COMM.ZS,36.9849370654438
Eritrea,ERI,"Death rate, crude (per 1,000 people)",SP.DYN.CDRT.IN,6.413
Eswatini,SWZ,Access to electricity (% of population),EG.ELC.ACCS.ZS,77
Eswatini,SWZ,UHC service coverage index,SH_UHC_SCI,66
Eswatini,SWZ,Out-of-pocket expenditure (% of current health expenditure),SH.XPD.OOPC.CH.ZS,9.2169857
Eswatini,SWZ,Food production index (2014-2016 = 100),AG.PRD.FOOD.XD,104.6
Eswatini,SWZ,Population density (people per sq. km of land area),EN.POP.DNST,68.5973255813954
Eswatini,SWZ,People using at least basic sanitation services (% of population),SH.STA.BASS.ZS,61.4575194811054
Eswatini,SWZ,People using at least basic drinking water services (% of population),SH.H2O.BASW.ZS,74.3032304184965
Eswatini,SWZ,Current health expenditure (% of GDP),SH.XPD.CHEX.GD.ZS,8.40033817
Eswatini,SWZ,Domestic general government health expenditure (% of GDP),SH.XPD.GHED.GD.ZS,4.40824461
Eswatini,SWZ,Domestic private health expenditure (% of current health expenditure),SH.XPD.PVTD.CH.ZS,24.26520348
Eswatini,SWZ,"Mortality rate, under-5 (per 1,000 live births)",SH.DYN.MORT,51.5
Eswatini,SWZ,"Suicide mortality rate (per 100,000 population)",SH.STA.SUIC.P5,28.13
Eswatini,SWZ,"Birth rate, crude (per 1,000 people)",SP.DYN.CBRT.IN,25.889
Eswatini,SWZ,"Cause of death, by communicable diseases and maternal, prenatal and nutrition conditions (% of total)",SH.DTH.COMM.ZS,47.8824034780573
Eswatini,SWZ,"Death rate, crude (per 1,000 people)",SP.DYN.CDRT.IN,9.372
Ethiopia,ETH,Access to electricity (% of population),EG.ELC.ACCS.ZS,48
Ethiopia,ETH,UHC service coverage index,SH_UHC_SCI,30
Ethiopia,ETH,Out-of-pocket expenditure (% of current health expenditure),SH.XPD.OOPC.CH.ZS,37.81941223
Ethiopia,ETH,Food production index (2014-2016 = 100),AG.PRD.FOOD.XD,110.17
Ethiopia,ETH,Population density (people per sq. km of land area),EN.POP.DNST,102.552159549746
Ethiopia,ETH,People using at least basic sanitation services (% of population),SH.STA.BASS.ZS,8.68474048756754
Ethiopia,ETH,People using at least basic drinking water services (% of population),SH.H2O.BASW.ZS,48.1464763368745
Ethiopia,ETH,Current health expenditure (% of GDP),SH.XPD.CHEX.GD.ZS,3.24287128
Ethiopia,ETH,Domestic general government health expenditure (% of GDP),SH.XPD.GHED.GD.ZS,0.73088509
Ethiopia,ETH,Domestic private health expenditure (% of current health expenditure),SH.XPD.PVTD.CH.ZS,43.12816238
Ethiopia,ETH,"Mortality rate, under-5 (per 1,000 live births)",SH.DYN.MORT,53.6
Ethiopia,ETH,"Suicide mortality rate (per 100,000 population)",SH.STA.SUIC.P5,5.67
Ethiopia,ETH,"Birth rate, crude (per 1,000 people)",SP.DYN.CBRT.IN,33.549
Ethiopia,ETH,"Cause of death, by communicable diseases and maternal, prenatal and nutrition conditions (% of total)",SH.DTH.COMM.ZS,49.2411163721754
Ethiopia,ETH,"Death rate, crude (per 1,000 people)",SP.DYN.CDRT.IN,6.481
Gabon,GAB,Access to electricity (% of population),EG.ELC.ACCS.ZS,90.3
Gabon,GAB,UHC service coverage index,SH_UHC_SCI,49
Gabon,GAB,Out-of-pocket expenditure (% of current health expenditure),SH.XPD.OOPC.CH.ZS,23.08802223
Gabon,GAB,Food production index (2014-2016 = 100),AG.PRD.FOOD.XD,103.98
Gabon,GAB,Population density (people per sq. km of land area),EN.POP.DNST,8.80081499592502
Gabon,GAB,People using at least basic sanitation services (% of population),SH.STA.BASS.ZS,51.4223011158649
Gabon,GAB,People using at least basic drinking water services (% of population),SH.H2O.BASW.ZS,87.472846570073
Gabon,GAB,Current health expenditure (% of GDP),SH.XPD.CHEX.GD.ZS,2.76837039
Gabon,GAB,Domestic general government health expenditure (% of GDP),SH.XPD.GHED.GD.ZS,1.66963005
Gabon,GAB,Domestic private health expenditure (% of current health expenditure),SH.XPD.PVTD.CH.ZS,39.12090302
Gabon,GAB,"Mortality rate, under-5 (per 1,000 live births)",SH.DYN.MORT,38.5
Gabon,GAB,"Suicide mortality rate (per 100,000 population)",SH.STA.SUIC.P5,8.86
Gabon,GAB,"Birth rate, crude (per 1,000 people)",SP.DYN.CBRT.IN,30.146
Gabon,GAB,"Cause of death, by communicable diseases and maternal, prenatal and nutrition conditions (% of total)",SH.DTH.COMM.ZS,47.786337705363
Gabon,GAB,"Death rate, crude (per 1,000 people)",SP.DYN.CDRT.IN,6.693
"Gambia, The",GMB,Access to electricity (% of population),EG.ELC.ACCS.ZS,62.1
"Gambia, The",GMB,UHC service coverage index,SH_UHC_SCI,47
"Gambia, The",GMB,Out-of-pocket expenditure (% of current health expenditure),SH.XPD.OOPC.CH.ZS,20.29882431
"Gambia, The",GMB,Food production index (2014-2016 = 100),AG.PRD.FOOD.XD,62.04
"Gambia, The",GMB,Population density (people per sq. km of land area),EN.POP.DNST,242.771146245059
"Gambia, The",GMB,People using at least basic sanitation services (% of population),SH.STA.BASS.ZS,47.2014093425827
"Gambia, The",GMB,People using at least basic drinking water services (% of population),SH.H2O.BASW.ZS,84.4361946965619
"Gambia, The",GMB,Current health expenditure (% of GDP),SH.XPD.CHEX.GD.ZS,3.14534926
"Gambia, The",GMB,Domestic general government health expenditure (% of GDP),SH.XPD.GHED.GD.ZS,1.28750503
"Gambia, The",GMB,Domestic private health expenditure (% of current health expenditure),SH.XPD.PVTD.CH.ZS,31.84418488
"Gambia, The",GMB,"Mortality rate, under-5 (per 1,000 live births)",SH.DYN.MORT,50.4
"Gambia, The",GMB,"Suicide mortality rate (per 100,000 population)",SH.STA.SUIC.P5,5.02
"Gambia, The",GMB,"Birth rate, crude (per 1,000 people)",SP.DYN.CBRT.IN,31.921
"Gambia, The",GMB,"Cause of death, by communicable diseases and maternal, prenatal and nutrition conditions (% of total)",SH.DTH.COMM.ZS,49.0332361637192
"Gambia, The",GMB,"Death rate, crude (per 1,000 people)",SP.DYN.CDRT.IN,6.807
Ghana,GHA,Access to electricity (% of population),EG.ELC.ACCS.ZS,83.5
Ghana,GHA,UHC service coverage index,SH_UHC_SCI,51
Ghana,GHA,Out-of-pocket expenditure (% of current health expenditure),SH.XPD.OOPC.CH.ZS,28.97685051
Ghana,GHA,Food production index (2014-2016 = 100),AG.PRD.FOOD.XD,119.42
Ghana,GHA,Population density (people per sq. km of land area),EN.POP.DNST,137.382028101418
Ghana,GHA,People using at least basic sanitation services (% of population),SH.STA.BASS.ZS,25.327363008811
Ghana,GHA,People using at least basic drinking water services (% of population),SH.H2O.BASW.ZS,84.7696150287459
Ghana,GHA,Current health expenditure (% of GDP),SH.XPD.CHEX.GD.ZS,3.25450468
Ghana,GHA,Domestic general government health expenditure (% of GDP),SH.XPD.GHED.GD.ZS,1.9720608
Ghana,GHA,Domestic private health expenditure (% of current health expenditure),SH.XPD.PVTD.CH.ZS,30.70255852
Ghana,GHA,"Mortality rate, under-5 (per 1,000 live births)",SH.DYN.MORT,44.1
Ghana,GHA,"Suicide mortality rate (per 100,000 population)",SH.STA.SUIC.P5,5.29
Ghana,GHA,"Birth rate, crude (per 1,000 people)",SP.DYN.CBRT.IN,27.891
Ghana,GHA,"Cause of death, by communicable diseases and maternal, prenatal and nutrition conditions (% of total)",SH.DTH.COMM.ZS,45.0562793406133
Ghana,GHA,"Death rate, crude (per 1,000 people)",SP.DYN.CDRT.IN,7.34
Guinea,GIN,Access to electricity (% of population),EG.ELC.ACCS.ZS,42.2
Guinea,GIN,UHC service coverage index,SH_UHC_SCI,43
Guinea,GIN,Out-of-pocket expenditure (% of current health expenditure),SH.XPD.OOPC.CH.ZS,59.2154274
Guinea,GIN,Food production index (2014-2016 = 100),AG.PRD.FOOD.XD,124.53
Guinea,GIN,Population density (people per sq. km of land area),EN.POP.DNST,53.0455233599219
Guinea,GIN,People using at least basic sanitation services (% of population),SH.STA.BASS.ZS,27.6063983510435
Guinea,GIN,People using at least basic drinking water services (% of population),SH.H2O.BASW.ZS,68.1651301407792
Guinea,GIN,Current health expenditure (% of GDP),SH.XPD.CHEX.GD.ZS,4.08876228
Guinea,GIN,Domestic general government health expenditure (% of GDP),SH.XPD.GHED.GD.ZS,0.92095226
Guinea,GIN,Domestic private health expenditure (% of current health expenditure),SH.XPD.PVTD.CH.ZS,66.67956543
Guinea,GIN,"Mortality rate, under-5 (per 1,000 live births)",SH.DYN.MORT,105.4
Guinea,GIN,"Suicide mortality rate (per 100,000 population)",SH.STA.SUIC.P5,5.02
Guinea,GIN,"Birth rate, crude (per 1,000 people)",SP.DYN.CBRT.IN,35.952
Guinea,GIN,"Cause of death, by communicable diseases and maternal, prenatal and nutrition conditions (% of total)",SH.DTH.COMM.ZS,58.5333995131645
Guinea,GIN,"Death rate, crude (per 1,000 people)",SP.DYN.CDRT.IN,9.945
Guinea-Bissau,GNB,Access to electricity (% of population),EG.ELC.ACCS.ZS,30.9
Guinea-Bissau,GNB,UHC service coverage index,SH_UHC_SCI,42
Guinea-Bissau,GNB,Out-of-pocket expenditure (% of current health expenditure),SH.XPD.OOPC.CH.ZS,69.62321472
Guinea-Bissau,GNB,Food production index (2014-2016 = 100),AG.PRD.FOOD.XD,112.35
Guinea-Bissau,GNB,Population density (people per sq. km of land area),EN.POP.DNST,69.9749644381223
Guinea-Bissau,GNB,People using at least basic sanitation services (% of population),SH.STA.BASS.ZS,25.9048078160921
Guinea-Bissau,GNB,People using at least basic drinking water services (% of population),SH.H2O.BASW.ZS,61.2378280860905
Guinea-Bissau,GNB,Current health expenditure (% of GDP),SH.XPD.CHEX.GD.ZS,7.14602089
Guinea-Bissau,GNB,Domestic general government health expenditure (% of GDP),SH.XPD.GHED.GD.ZS,0.45877996
Guinea-Bissau,GNB,Domestic private health expenditure (% of current health expenditure),SH.XPD.PVTD.CH.ZS,72.9759903
Guinea-Bissau,GNB,"Mortality rate, under-5 (per 1,000 live births)",SH.DYN.MORT,79.5
Guinea-Bissau,GNB,"Suicide mortality rate (per 100,000 population)",SH.STA.SUIC.P5,7.38
Guinea-Bissau,GNB,"Birth rate, crude (per 1,000 people)",SP.DYN.CBRT.IN,31.848
Guinea-Bissau,GNB,"Cause of death, by communicable diseases and maternal, prenatal and nutrition conditions (% of total)",SH.DTH.COMM.ZS,58.9953932978029
Guinea-Bissau,GNB,"Death rate, crude (per 1,000 people)",SP.DYN.CDRT.IN,7.863
Kenya,KEN,Access to electricity (% of population),EG.ELC.ACCS.ZS,69.7
Kenya,KEN,UHC service coverage index,SH_UHC_SCI,52
Kenya,KEN,Out-of-pocket expenditure (% of current health expenditure),SH.XPD.OOPC.CH.ZS,24.29976273
Kenya,KEN,Food production index (2014-2016 = 100),AG.PRD.FOOD.XD,107.28
Kenya,KEN,Population density (people per sq. km of land area),EN.POP.DNST,88.4453894988127
Kenya,KEN,People using at least basic sanitation services (% of population),SH.STA.BASS.ZS,37.298797647533
Kenya,KEN,People using at least basic drinking water services (% of population),SH.H2O.BASW.ZS,61.4907638599362
Kenya,KEN,Current health expenditure (% of GDP),SH.XPD.CHEX.GD.ZS,4.36874676
Kenya,KEN,Domestic general government health expenditure (% of GDP),SH.XPD.GHED.GD.ZS,2.00870633
Kenya,KEN,Domestic private health expenditure (% of current health expenditure),SH.XPD.PVTD.CH.ZS,35.51103973
Kenya,KEN,"Mortality rate, under-5 (per 1,000 live births)",SH.DYN.MORT,42.7
Kenya,KEN,"Suicide mortality rate (per 100,000 population)",SH.STA.SUIC.P5,6.45
Kenya,KEN,"Birth rate, crude (per 1,000 people)",SP.DYN.CBRT.IN,28.226
Kenya,KEN,"Cause of death, by communicable diseases and maternal, prenatal and nutrition conditions (% of total)",SH.DTH.COMM.ZS,47.7235952905794
Kenya,KEN,"Death rate, crude (per 1,000 people)",SP.DYN.CDRT.IN,7.294
Lesotho,LSO,Access to electricity (% of population),EG.ELC.ACCS.ZS,44.6
Lesotho,LSO,UHC service coverage index,SH_UHC_SCI,53
Lesotho,LSO,Out-of-pocket expenditure (% of current health expenditure),SH.XPD.OOPC.CH.ZS,7.29349852
Lesotho,LSO,Food production index (2014-2016 = 100),AG.PRD.FOOD.XD,89.79
Lesotho,LSO,Population density (people per sq. km of land area),EN.POP.DNST,72.7735507246377
Lesotho,LSO,People using at least basic sanitation services (% of population),SH.STA.BASS.ZS,41.4091356196007
Lesotho,LSO,People using at least basic drinking water services (% of population),SH.H2O.BASW.ZS,75.1376932253322
Lesotho,LSO,Current health expenditure (% of GDP),SH.XPD.CHEX.GD.ZS,21.92373085
Lesotho,LSO,Domestic general government health expenditure (% of GDP),SH.XPD.GHED.GD.ZS,6.75437784
Lesotho,LSO,Domestic private health expenditure (% of current health expenditure),SH.XPD.PVTD.CH.ZS,7.29349661
Lesotho,LSO,"Mortality rate, under-5 (per 1,000 live births)",SH.DYN.MORT,68.1
Lesotho,LSO,"Suicide mortality rate (per 100,000 population)",SH.STA.SUIC.P5,28.77
Lesotho,LSO,"Birth rate, crude (per 1,000 people)",SP.DYN.CBRT.IN,26.44
Lesotho,LSO,"Cause of death, by communicable diseases and maternal, prenatal and nutrition conditions (% of total)",SH.DTH.COMM.ZS,52.1246834059576
Lesotho,LSO,"Death rate, crude (per 1,000 people)",SP.DYN.CDRT.IN,11.83
Liberia,LBR,Access to electricity (% of population),EG.ELC.ACCS.ZS,23.1
Liberia,LBR,UHC service coverage index,SH_UHC_SCI,46
Liberia,LBR,Out-of-pocket expenditure (% of current health expenditure),SH.XPD.OOPC.CH.ZS,54.67374802
Liberia,LBR,Food production index (2014-2016 = 100),AG.PRD.FOOD.XD,97.46
Liberia,LBR,Population density (people per sq. km of land area),EN.POP.DNST,52.3642130398671
Liberia,LBR,People using at least basic sanitation services (% of population),SH.STA.BASS.ZS,20.5305258325317
Liberia,LBR,People using at least basic drinking water services (% of population),SH.H2O.BASW.ZS,75.5183258975949
Liberia,LBR,Current health expenditure (% of GDP),SH.XPD.CHEX.GD.ZS,8.38325977
Liberia,LBR,Domestic general government health expenditure (% of GDP),SH.XPD.GHED.GD.ZS,1.3562839
Liberia,LBR,Domestic private health expenditure (% of current health expenditure),SH.XPD.PVTD.CH.ZS,59.15144348
Liberia,LBR,"Mortality rate, under-5 (per 1,000 live births)",SH.DYN.MORT,88.7
Liberia,LBR,"Suicide mortality rate (per 100,000 population)",SH.STA.SUIC.P5,5.87
Liberia,LBR,"Birth rate, crude (per 1,000 people)",SP.DYN.CBRT.IN,32.431
Liberia,LBR,"Cause of death, by communicable diseases and maternal, prenatal and nutrition conditions (% of total)",SH.DTH.COMM.ZS,55.8149744959511
Liberia,LBR,"Death rate, crude (per 1,000 people)",SP.DYN.CDRT.IN,8.513
Madagascar,MDG,Access to electricity (% of population),EG.ELC.ACCS.ZS,31
Madagascar,MDG,UHC service coverage index,SH_UHC_SCI,33
Madagascar,MDG,Out-of-pocket expenditure (% of current health expenditure),SH.XPD.OOPC.CH.ZS,34.22468185
Madagascar,MDG,Food production index (2014-2016 = 100),AG.PRD.FOOD.XD,101.6
Madagascar,MDG,Population density (people per sq. km of land area),EN.POP.DNST,48.5038741835682
Madagascar,MDG,People using at least basic sanitation services (% of population),SH.STA.BASS.ZS,13.1693375483997
Madagascar,MDG,People using at least basic drinking water services (% of population),SH.H2O.BASW.ZS,51.4242559942128
Madagascar,MDG,Current health expenditure (% of GDP),SH.XPD.CHEX.GD.ZS,3.10129309
Madagascar,MDG,Domestic general government health expenditure (% of GDP),SH.XPD.GHED.GD.ZS,0.68268955
Madagascar,MDG,Domestic private health expenditure (% of current health expenditure),SH.XPD.PVTD.CH.ZS,39.79958725
Madagascar,MDG,"Mortality rate, under-5 (per 1,000 live births)",SH.DYN.MORT,65
Madagascar,MDG,"Suicide mortality rate (per 100,000 population)",SH.STA.SUIC.P5,5.96
Madagascar,MDG,"Birth rate, crude (per 1,000 people)",SP.DYN.CBRT.IN,33.594
Madagascar,MDG,"Cause of death, by communicable diseases and maternal, prenatal and nutrition conditions (% of total)",SH.DTH.COMM.ZS,47.798500985169
Madagascar,MDG,"Death rate, crude (per 1,000 people)",SP.DYN.CDRT.IN,7.518
Malawi,MWI,Access to electricity (% of population),EG.ELC.ACCS.ZS,11.2
Malawi,MWI,UHC service coverage index,SH_UHC_SCI,55
Malawi,MWI,Out-of-pocket expenditure (% of current health expenditure),SH.XPD.OOPC.CH.ZS,11.85419559
Malawi,MWI,Food production index (2014-2016 = 100),AG.PRD.FOOD.XD,127.04
Malawi,MWI,Population density (people per sq. km of land area),EN.POP.DNST,201.800509121765
Malawi,MWI,People using at least basic sanitation services (% of population),SH.STA.BASS.ZS,42.8038384563156
Malawi,MWI,People using at least basic drinking water services (% of population),SH.H2O.BASW.ZS,69.0907681697374
Malawi,MWI,Current health expenditure (% of GDP),SH.XPD.CHEX.GD.ZS,6.37021732
Malawi,MWI,Domestic general government health expenditure (% of GDP),SH.XPD.GHED.GD.ZS,1.53329957
Malawi,MWI,Domestic private health expenditure (% of current health expenditure),SH.XPD.PVTD.CH.ZS,21.41698456
Malawi,MWI,"Mortality rate, under-5 (per 1,000 live births)",SH.DYN.MORT,51.3
Malawi,MWI,"Suicide mortality rate (per 100,000 population)",SH.STA.SUIC.P5,7.27
Malawi,MWI,"Birth rate, crude (per 1,000 people)",SP.DYN.CBRT.IN,32.902
Malawi,MWI,"Cause of death, by communicable diseases and maternal, prenatal and nutrition conditions (% of total)",SH.DTH.COMM.ZS,49.012711304658
Malawi,MWI,"Death rate, crude (per 1,000 people)",SP.DYN.CDRT.IN,6.301
Mali,MLI,Access to electricity (% of population),EG.ELC.ACCS.ZS,47.9
Mali,MLI,UHC service coverage index,SH_UHC_SCI,42
Mali,MLI,Out-of-pocket expenditure (% of current health expenditure),SH.XPD.OOPC.CH.ZS,31.07923317
Mali,MLI,Food production index (2014-2016 = 100),AG.PRD.FOOD.XD,127.62
Mali,MLI,Population density (people per sq. km of land area),EN.POP.DNST,17.2664953818668
Mali,MLI,People using at least basic sanitation services (% of population),SH.STA.BASS.ZS,41.2415636688459
Mali,MLI,People using at least basic drinking water services (% of population),SH.H2O.BASW.ZS,79.3875776496975
Mali,MLI,Current health expenditure (% of GDP),SH.XPD.CHEX.GD.ZS,3.82943797
Mali,MLI,Domestic general government health expenditure (% of GDP),SH.XPD.GHED.GD.ZS,1.1192745
Mali,MLI,Domestic private health expenditure (% of current health expenditure),SH.XPD.PVTD.CH.ZS,54.79129791
Mali,MLI,"Mortality rate, under-5 (per 1,000 live births)",SH.DYN.MORT,91.9
Mali,MLI,"Suicide mortality rate (per 100,000 population)",SH.STA.SUIC.P5,4.03
Mali,MLI,"Birth rate, crude (per 1,000 people)",SP.DYN.CBRT.IN,41.139
Mali,MLI,"Cause of death, by communicable diseases and maternal, prenatal and nutrition conditions (% of total)",SH.DTH.COMM.ZS,60.7864669409744
Mali,MLI,"Death rate, crude (per 1,000 people)",SP.DYN.CDRT.IN,9.475
Mauritania,MRT,Access to electricity (% of population),EG.ELC.ACCS.ZS,44.9
Mauritania,MRT,UHC service coverage index,SH_UHC_SCI,38
Mauritania,MRT,Out-of-pocket expenditure (% of current health expenditure),SH.XPD.OOPC.CH.ZS,60.29301453
Mauritania,MRT,Food production index (2014-2016 = 100),AG.PRD.FOOD.XD,105.07
Mauritania,MRT,Population density (people per sq. km of land area),EN.POP.DNST,4.33463471427185
Mauritania,MRT,People using at least basic sanitation services (% of population),SH.STA.BASS.ZS,49.7339098436372
Mauritania,MRT,People using at least basic drinking water services (% of population),SH.H2O.BASW.ZS,70.1831740304399
Mauritania,MRT,Current health expenditure (% of GDP),SH.XPD.CHEX.GD.ZS,3.09176588
Mauritania,MRT,Domestic general government health expenditure (% of GDP),SH.XPD.GHED.GD.ZS,1.10124004
Mauritania,MRT,Domestic private health expenditure (% of current health expenditure),SH.XPD.PVTD.CH.ZS,61.20621109
Mauritania,MRT,"Mortality rate, under-5 (per 1,000 live births)",SH.DYN.MORT,43.4
Mauritania,MRT,"Suicide mortality rate (per 100,000 population)",SH.STA.SUIC.P5,2.75
Mauritania,MRT,"Birth rate, crude (per 1,000 people)",SP.DYN.CBRT.IN,36.211
Mauritania,MRT,"Cause of death, by communicable diseases and maternal, prenatal and nutrition conditions (% of total)",SH.DTH.COMM.ZS,44.2199742587814
Mauritania,MRT,"Death rate, crude (per 1,000 people)",SP.DYN.CDRT.IN,6.115
Mauritius,MUS,Access to electricity (% of population),EG.ELC.ACCS.ZS,100
Mauritius,MUS,UHC service coverage index,SH_UHC_SCI,77
Mauritius,MUS,Out-of-pocket expenditure (% of current health expenditure),SH.XPD.OOPC.CH.ZS,47.12637711
Mauritius,MUS,Food production index (2014-2016 = 100),AG.PRD.FOOD.XD,94.99
Mauritius,MUS,Population density (people per sq. km of land area),EN.POP.DNST,633.943415122684
Mauritius,MUS,People using at least basic sanitation services (% of population),SH.STA.BASS.ZS,95.9523952887646
Mauritius,MUS,People using at least basic drinking water services (% of population),SH.H2O.BASW.ZS,99.8052010577748
Mauritius,MUS,Current health expenditure (% of GDP),SH.XPD.CHEX.GD.ZS,5.69508171
Mauritius,MUS,Domestic general government health expenditure (% of GDP),SH.XPD.GHED.GD.ZS,2.50442028
Mauritius,MUS,Domestic private health expenditure (% of current health expenditure),SH.XPD.PVTD.CH.ZS,55.86817169
Mauritius,MUS,"Mortality rate, under-5 (per 1,000 live births)",SH.DYN.MORT,15.7
Mauritius,MUS,"Suicide mortality rate (per 100,000 population)",SH.STA.SUIC.P5,9.76
Mauritius,MUS,"Birth rate, crude (per 1,000 people)",SP.DYN.CBRT.IN,10.2
Mauritius,MUS,"Cause of death, by communicable diseases and maternal, prenatal and nutrition conditions (% of total)",SH.DTH.COMM.ZS,10.449010837504
Mauritius,MUS,"Death rate, crude (per 1,000 people)",SP.DYN.CDRT.IN,8.9
Mozambique,MOZ,Access to electricity (% of population),EG.ELC.ACCS.ZS,29.7
Mozambique,MOZ,UHC service coverage index,SH_UHC_SCI,46
Mozambique,MOZ,Out-of-pocket expenditure (% of current health expenditure),SH.XPD.OOPC.CH.ZS,9.71002865
Mozambique,MOZ,Food production index (2014-2016 = 100),AG.PRD.FOOD.XD,139.27
Mozambique,MOZ,Population density (people per sq. km of land area),EN.POP.DNST,38.0024670006867
Mozambique,MOZ,People using at least basic sanitation services (% of population),SH.STA.BASS.ZS,32.0616645064997
Mozambique,MOZ,People using at least basic drinking water services (% of population),SH.H2O.BASW.ZS,56.2587719909351
Mozambique,MOZ,Current health expenditure (% of GDP),SH.XPD.CHEX.GD.ZS,7.90207434
Mozambique,MOZ,Domestic general government health expenditure (% of GDP),SH.XPD.GHED.GD.ZS,1.8260498
Mozambique,MOZ,Domestic private health expenditure (% of current health expenditure),SH.XPD.PVTD.CH.ZS,15.58563423
Mozambique,MOZ,"Mortality rate, under-5 (per 1,000 live births)",SH.DYN.MORT,68.6
Mozambique,MOZ,"Suicide mortality rate (per 100,000 population)",SH.STA.SUIC.P5,11.59
Mozambique,MOZ,"Birth rate, crude (per 1,000 people)",SP.DYN.CBRT.IN,39.117
Mozambique,MOZ,"Cause of death, by communicable diseases and maternal, prenatal and nutrition conditions (% of total)",SH.DTH.COMM.ZS,56.4869035775823
Mozambique,MOZ,"Death rate, crude (per 1,000 people)",SP.DYN.CDRT.IN,8.078
Namibia,NAM,Access to electricity (% of population),EG.ELC.ACCS.ZS,53.3
Namibia,NAM,UHC service coverage index,SH_UHC_SCI,60
Namibia,NAM,Out-of-pocket expenditure (% of current health expenditure),SH.XPD.OOPC.CH.ZS,7.52685452
Namibia,NAM,Food production index (2014-2016 = 100),AG.PRD.FOOD.XD,96.12
Namibia,NAM,Population density (people per sq. km of land area),EN.POP.DNST,3.21939292351419
Namibia,NAM,People using at least basic sanitation services (% of population),SH.STA.BASS.ZS,36.9123066913261
Namibia,NAM,People using at least basic drinking water services (% of population),SH.H2O.BASW.ZS,84.5549009012644
Namibia,NAM,Current health expenditure (% of GDP),SH.XPD.CHEX.GD.ZS,8.85805798
Namibia,NAM,Domestic general government health expenditure (% of GDP),SH.XPD.GHED.GD.ZS,5.26885462
Namibia,NAM,Domestic private health expenditure (% of current health expenditure),SH.XPD.PVTD.CH.ZS,31.22702599
Namibia,NAM,"Mortality rate, under-5 (per 1,000 live births)",SH.DYN.MORT,46.6
Namibia,NAM,"Suicide mortality rate (per 100,000 population)",SH.STA.SUIC.P5,8.3
Namibia,NAM,"Birth rate, crude (per 1,000 people)",SP.DYN.CBRT.IN,28.386
Namibia,NAM,"Cause of death, by communicable diseases and maternal, prenatal and nutrition conditions (% of total)",SH.DTH.COMM.ZS,51.1413543006384
Namibia,NAM,"Death rate, crude (per 1,000 people)",SP.DYN.CDRT.IN,7.722
Niger,NER,Access to electricity (% of population),EG.ELC.ACCS.ZS,18.5
Niger,NER,UHC service coverage index,SH_UHC_SCI,35
Niger,NER,Out-of-pocket expenditure (% of current health expenditure),SH.XPD.OOPC.CH.ZS,46.09529114
Niger,NER,Food production index (2014-2016 = 100),AG.PRD.FOOD.XD,119.01
Niger,NER,Population density (people per sq. km of land area),EN.POP.DNST,18.1161735217494
Niger,NER,People using at least basic sanitation services (% of population),SH.STA.BASS.ZS,14.10969749241
Niger,NER,People using at least basic drinking water services (% of population),SH.H2O.BASW.ZS,50.045306277114
Niger,NER,Current health expenditure (% of GDP),SH.XPD.CHEX.GD.ZS,5.66642094
Niger,NER,Domestic general government health expenditure (% of GDP),SH.XPD.GHED.GD.ZS,2.02236509
Niger,NER,Domestic private health expenditure (% of current health expenditure),SH.XPD.PVTD.CH.ZS,49.06087875
Niger,NER,"Mortality rate, under-5 (per 1,000 live births)",SH.DYN.MORT,120.8
Niger,NER,"Suicide mortality rate (per 100,000 population)",SH.STA.SUIC.P5,4.54
Niger,NER,"Birth rate, crude (per 1,000 people)",SP.DYN.CBRT.IN,43.366
Niger,NER,"Cause of death, by communicable diseases and maternal, prenatal and nutrition conditions (% of total)",SH.DTH.COMM.ZS,66.596046818909
Niger,NER,"Death rate, crude (per 1,000 people)",SP.DYN.CDRT.IN,9.573
Nigeria,NGA,Access to electricity (% of population),EG.ELC.ACCS.ZS,55.4
Nigeria,NGA,UHC service coverage index,SH_UHC_SCI,47
Nigeria,NGA,Out-of-pocket expenditure (% of current health expenditure),SH.XPD.OOPC.CH.ZS,71.49702454
Nigeria,NGA,Food production index (2014-2016 = 100),AG.PRD.FOOD.XD,109.77
Nigeria,NGA,Population density (people per sq. km of land area),EN.POP.DNST,230.009377779242
Nigeria,NGA,People using at least basic sanitation services (% of population),SH.STA.BASS.ZS,43.2767522763627
Nigeria,NGA,People using at least basic drinking water services (% of population),SH.H2O.BASW.ZS,74.5993213952744
Nigeria,NGA,Current health expenditure (% of GDP),SH.XPD.CHEX.GD.ZS,2.98547053
Nigeria,NGA,Domestic general government health expenditure (% of GDP),SH.XPD.GHED.GD.ZS,0.46980387
Nigeria,NGA,Domestic private health expenditure (% of current health expenditure),SH.XPD.PVTD.CH.ZS,72.51712799
Nigeria,NGA,"Mortality rate, under-5 (per 1,000 live births)",SH.DYN.MORT,117.4
Nigeria,NGA,"Suicide mortality rate (per 100,000 population)",SH.STA.SUIC.P5,4.41
Nigeria,NGA,"Birth rate, crude (per 1,000 people)",SP.DYN.CBRT.IN,34.685
Nigeria,NGA,"Cause of death, by communicable diseases and maternal, prenatal and nutrition conditions (% of total)",SH.DTH.COMM.ZS,67.7129748896548
Nigeria,NGA,"Death rate, crude (per 1,000 people)",SP.DYN.CDRT.IN,12.679
Rwanda,RWA,Access to electricity (% of population),EG.ELC.ACCS.ZS,46.6
Rwanda,RWA,UHC service coverage index,SH_UHC_SCI,55
Rwanda,RWA,Out-of-pocket expenditure (% of current health expenditure),SH.XPD.OOPC.CH.ZS,10.07819271
Rwanda,RWA,Food production index (2014-2016 = 100),AG.PRD.FOOD.XD,112.61
Rwanda,RWA,Population density (people per sq. km of land area),EN.POP.DNST,517.880137819214
Rwanda,RWA,People using at least basic sanitation services (% of population),SH.STA.BASS.ZS,74.3150494792337
Rwanda,RWA,People using at least basic drinking water services (% of population),SH.H2O.BASW.ZS,58.4728536131809
Rwanda,RWA,Current health expenditure (% of GDP),SH.XPD.CHEX.GD.ZS,4.91471481
Rwanda,RWA,Domestic general government health expenditure (% of GDP),SH.XPD.GHED.GD.ZS,1.76991165
Rwanda,RWA,Domestic private health expenditure (% of current health expenditure),SH.XPD.PVTD.CH.ZS,20.87430954
Rwanda,RWA,"Mortality rate, under-5 (per 1,000 live births)",SH.DYN.MORT,42.7
Rwanda,RWA,"Suicide mortality rate (per 100,000 population)",SH.STA.SUIC.P5,8.29
Rwanda,RWA,"Birth rate, crude (per 1,000 people)",SP.DYN.CBRT.IN,30.672
Rwanda,RWA,"Cause of death, by communicable diseases and maternal, prenatal and nutrition conditions (% of total)",SH.DTH.COMM.ZS,38.9549322520303
Rwanda,RWA,"Death rate, crude (per 1,000 people)",SP.DYN.CDRT.IN,6.132
Sao Tome and Principe,STP,Access to electricity (% of population),EG.ELC.ACCS.ZS,75.1
Sao Tome and Principe,STP,UHC service coverage index,SH_UHC_SCI,58
Sao Tome and Principe,STP,Out-of-pocket expenditure (% of current health expenditure),SH.XPD.OOPC.CH.ZS,16.99124527
Sao Tome and Principe,STP,Food production index (2014-2016 = 100),AG.PRD.FOOD.XD,106.54
Sao Tome and Principe,STP,Population density (people per sq. km of land area),EN.POP.DNST,222.283333333333
Sao Tome and Principe,STP,People using at least basic sanitation services (% of population),SH.STA.BASS.ZS,45.7575570286583
Sao Tome and Principe,STP,People using at least basic drinking water services (% of population),SH.H2O.BASW.ZS,76.5646613120149
Sao Tome and Principe,STP,Current health expenditure (% of GDP),SH.XPD.CHEX.GD.ZS,5.48078823
Sao Tome and Principe,STP,Domestic general government health expenditure (% of GDP),SH.XPD.GHED.GD.ZS,2.23238039
Sao Tome and Principe,STP,Domestic private health expenditure (% of current health expenditure),SH.XPD.PVTD.CH.ZS,18.9268055
Sao Tome and Principe,STP,"Mortality rate, under-5 (per 1,000 live births)",SH.DYN.MORT,17.1
Sao Tome and Principe,STP,"Suicide mortality rate (per 100,000 population)",SH.STA.SUIC.P5,0.87
Sao Tome and Principe,STP,"Birth rate, crude (per 1,000 people)",SP.DYN.CBRT.IN,29.229
Sao Tome and Principe,STP,"Cause of death, by communicable diseases and maternal, prenatal and nutrition conditions (% of total)",SH.DTH.COMM.ZS,26.9996631109613
Sao Tome and Principe,STP,"Death rate, crude (per 1,000 people)",SP.DYN.CDRT.IN,6.117
Senegal,SEN,Access to electricity (% of population),EG.ELC.ACCS.ZS,70.4
Senegal,SEN,UHC service coverage index,SH_UHC_SCI,50
Senegal,SEN,Out-of-pocket expenditure (% of current health expenditure),SH.XPD.OOPC.CH.ZS,48.74660873
Senegal,SEN,Food production index (2014-2016 = 100),AG.PRD.FOOD.XD,153.59
Senegal,SEN,Population density (people per sq. km of land area),EN.POP.DNST,84.9370072196541
Senegal,SEN,People using at least basic sanitation services (% of population),SH.STA.BASS.ZS,57.204943845452
Senegal,SEN,People using at least basic drinking water services (% of population),SH.H2O.BASW.ZS,82.3288600505419
Senegal,SEN,Current health expenditure (% of GDP),SH.XPD.CHEX.GD.ZS,4.49531031
Senegal,SEN,Domestic general government health expenditure (% of GDP),SH.XPD.GHED.GD.ZS,1.05768847
Senegal,SEN,Domestic private health expenditure (% of current health expenditure),SH.XPD.PVTD.CH.ZS,57.19351578
Senegal,SEN,"Mortality rate, under-5 (per 1,000 live births)",SH.DYN.MORT,46.2
Senegal,SEN,"Suicide mortality rate (per 100,000 population)",SH.STA.SUIC.P5,6.98
Senegal,SEN,"Birth rate, crude (per 1,000 people)",SP.DYN.CBRT.IN,30.405
Senegal,SEN,"Cause of death, by communicable diseases and maternal, prenatal and nutrition conditions (% of total)",SH.DTH.COMM.ZS,36.2314508424599
Senegal,SEN,"Death rate, crude (per 1,000 people)",SP.DYN.CDRT.IN,5.979
Seychelles,SYC,Access to electricity (% of population),EG.ELC.ACCS.ZS,100
Seychelles,SYC,UHC service coverage index,SH_UHC_SCI,78
Seychelles,SYC,Out-of-pocket expenditure (% of current health expenditure),SH.XPD.OOPC.CH.ZS,26.27492523
Seychelles,SYC,Food production index (2014-2016 = 100),AG.PRD.FOOD.XD,120.21
Seychelles,SYC,Population density (people per sq. km of land area),EN.POP.DNST,212.228260869565
Seychelles,SYC,People using at least basic sanitation services (% of population),SH.STA.BASS.ZS,98.885830584073
Seychelles,SYC,People using at least basic drinking water services (% of population),SH.H2O.BASW.ZS,96.8604704263635
Seychelles,SYC,Current health expenditure (% of GDP),SH.XPD.CHEX.GD.ZS,4.25269794
Seychelles,SYC,Domestic general government health expenditure (% of GDP),SH.XPD.GHED.GD.ZS,3.04219794
Seychelles,SYC,Domestic private health expenditure (% of current health expenditure),SH.XPD.PVTD.CH.ZS,28.4642868
Seychelles,SYC,"Mortality rate, under-5 (per 1,000 live births)",SH.DYN.MORT,14.8
Seychelles,SYC,"Suicide mortality rate (per 100,000 population)",SH.STA.SUIC.P5,7.96
Seychelles,SYC,"Birth rate, crude (per 1,000 people)",SP.DYN.CBRT.IN,16.4
Seychelles,SYC,"Cause of death, by communicable diseases and maternal, prenatal and nutrition conditions (% of total)",SH.DTH.COMM.ZS,12.4694057977103
Seychelles,SYC,"Death rate, crude (per 1,000 people)",SP.DYN.CDRT.IN,8.1
Sierra Leone,SLE,Access to electricity (% of population),EG.ELC.ACCS.ZS,22.7
Sierra Leone,SLE,UHC service coverage index,SH_UHC_SCI,42
Sierra Leone,SLE,Out-of-pocket expenditure (% of current health expenditure),SH.XPD.OOPC.CH.ZS,52.88983917
Sierra Leone,SLE,Food production index (2014-2016 = 100),AG.PRD.FOOD.XD,78.32
Sierra Leone,SLE,Population density (people per sq. km of land area),EN.POP.DNST,107.120961485176
Sierra Leone,SLE,People using at least basic sanitation services (% of population),SH.STA.BASS.ZS,20.0997388519849
Sierra Leone,SLE,People using at least basic drinking water services (% of population),SH.H2O.BASW.ZS,62.2435949536526
Sierra Leone,SLE,Current health expenditure (% of GDP),SH.XPD.CHEX.GD.ZS,5.7052846
Sierra Leone,SLE,Domestic general government health expenditure (% of GDP),SH.XPD.GHED.GD.ZS,0.77659142
Sierra Leone,SLE,Domestic private health expenditure (% of current health expenditure),SH.XPD.PVTD.CH.ZS,54.20046234
Sierra Leone,SLE,"Mortality rate, under-5 (per 1,000 live births)",SH.DYN.MORT,108.3
Sierra Leone,SLE,"Suicide mortality rate (per 100,000 population)",SH.STA.SUIC.P5,6.14
Sierra Leone,SLE,"Birth rate, crude (per 1,000 people)",SP.DYN.CBRT.IN,32.808
Sierra Leone,SLE,"Cause of death, by communicable diseases and maternal, prenatal and nutrition conditions (% of total)",SH.DTH.COMM.ZS,57.7420714444157
Sierra Leone,SLE,"Death rate, crude (per 1,000 people)",SP.DYN.CDRT.IN,9.39
"Somalia, Fed. Rep.",SOM,Access to electricity (% of population),EG.ELC.ACCS.ZS,49.2
"Somalia, Fed. Rep.",SOM,UHC service coverage index,SH_UHC_SCI,28
"Somalia, Fed. Rep.",SOM,Out-of-pocket expenditure (% of current health expenditure),SH.XPD.OOPC.CH.ZS,44.99186707
"Somalia, Fed. Rep.",SOM,Food production index (2014-2016 = 100),AG.PRD.FOOD.XD,99.76
"Somalia, Fed. Rep.",SOM,Population density (people per sq. km of land area),EN.POP.DNST,25.5538798737527
"Somalia, Fed. Rep.",SOM,People using at least basic sanitation services (% of population),SH.STA.BASS.ZS,39.2334053088705
"Somalia, Fed. Rep.",SOM,People using at least basic drinking water services (% of population),SH.H2O.BASW.ZS,63.1909737588395
"Somalia, Fed. Rep.",SOM,Current health expenditure (% of GDP),SH.XPD.CHEX.GD.ZS,2.40617251
"Somalia, Fed. Rep.",SOM,Domestic general government health expenditure (% of GDP),SH.XPD.GHED.GD.ZS,0.15007043
"Somalia, Fed. Rep.",SOM,Domestic private health expenditure (% of current health expenditure),SH.XPD.PVTD.CH.ZS,45.94006348
"Somalia, Fed. Rep.",SOM,"Mortality rate, under-5 (per 1,000 live births)",SH.DYN.MORT,118.4
"Somalia, Fed. Rep.",SOM,"Suicide mortality rate (per 100,000 population)",SH.STA.SUIC.P5,7.92
"Somalia, Fed. Rep.",SOM,"Birth rate, crude (per 1,000 people)",SP.DYN.CBRT.IN,45.139
"Somalia, Fed. Rep.",SOM,"Cause of death, by communicable diseases and maternal, prenatal and nutrition conditions (% of total)",SH.DTH.COMM.ZS,62.1743193957673
"Somalia, Fed. Rep.",SOM,"Death rate, crude (per 1,000 people)",SP.DYN.CDRT.IN,10.908
South Africa,ZAF,Access to electricity (% of population),EG.ELC.ACCS.ZS,85
South Africa,ZAF,UHC service coverage index,SH_UHC_SCI,67
South Africa,ZAF,Out-of-pocket expenditure (% of current health expenditure),SH.XPD.OOPC.CH.ZS,5.74111795
South Africa,ZAF,Food production index (2014-2016 = 100),AG.PRD.FOOD.XD,104.48
South Africa,ZAF,Population density (people per sq. km of land area),EN.POP.DNST,49.1207453692636
South Africa,ZAF,People using at least basic sanitation services (% of population),SH.STA.BASS.ZS,74.2781920666219
South Africa,ZAF,People using at least basic drinking water services (% of population),SH.H2O.BASW.ZS,91.3923995625225
South Africa,ZAF,Current health expenditure (% of GDP),SH.XPD.CHEX.GD.ZS,8.24652863
South Africa,ZAF,Domestic general government health expenditure (% of GDP),SH.XPD.GHED.GD.ZS,4.80006361
South Africa,ZAF,Domestic private health expenditure (% of current health expenditure),SH.XPD.PVTD.CH.ZS,40.67245865
South Africa,ZAF,"Mortality rate, under-5 (per 1,000 live births)",SH.DYN.MORT,34.3
South Africa,ZAF,"Suicide mortality rate (per 100,000 population)",SH.STA.SUIC.P5,20.14
South Africa,ZAF,"Birth rate, crude (per 1,000 people)",SP.DYN.CBRT.IN,19.694
South Africa,ZAF,"Cause of death, by communicable diseases and maternal, prenatal and nutrition conditions (% of total)",SH.DTH.COMM.ZS,36.0055219269501
South Africa,ZAF,"Death rate, crude (per 1,000 people)",SP.DYN.CDRT.IN,8.75
South Sudan,SSD,Access to electricity (% of population),EG.ELC.ACCS.ZS,6.8
South Sudan,SSD,UHC service coverage index,SH_UHC_SCI,36
South Sudan,SSD,Out-of-pocket expenditure (% of current health expenditure),SH.XPD.OOPC.CH.ZS,42.19261169
South Sudan,SSD,Food production index (2014-2016 = 100),AG.PRD.FOOD.XD,110.73
South Sudan,SSD,Population density (people per sq. km of land area),EN.POP.DNST,16.4945231275616
South Sudan,SSD,People using at least basic sanitation services (% of population),SH.STA.BASS.ZS,12.5375975656084
South Sudan,SSD,People using at least basic drinking water services (% of population),SH.H2O.BASW.ZS,39.9136238003103
South Sudan,SSD,Current health expenditure (% of GDP),SH.XPD.CHEX.GD.ZS,9.06570053
South Sudan,SSD,Domestic general government health expenditure (% of GDP),SH.XPD.GHED.GD.ZS,0.99254191
South Sudan,SSD,Domestic private health expenditure (% of current health expenditure),SH.XPD.PVTD.CH.ZS,51.51002121
South Sudan,SSD,"Mortality rate, under-5 (per 1,000 live births)",SH.DYN.MORT,96.7
South Sudan,SSD,"Suicide mortality rate (per 100,000 population)",SH.STA.SUIC.P5,7.25
South Sudan,SSD,"Birth rate, crude (per 1,000 people)",SP.DYN.CBRT.IN,29.421
South Sudan,SSD,"Cause of death, by communicable diseases and maternal, prenatal and nutrition conditions (% of total)",SH.DTH.COMM.ZS,61.5097144022279
South Sudan,SSD,"Death rate, crude (per 1,000 people)",SP.DYN.CDRT.IN,9.302
Sudan,SDN,Access to electricity (% of population),EG.ELC.ACCS.ZS,57.6
Sudan,SDN,UHC service coverage index,SH_UHC_SCI,47
Sudan,SDN,Out-of-pocket expenditure (% of current health expenditure),SH.XPD.OOPC.CH.ZS,67.50370789
Sudan,SDN,Food production index (2014-2016 = 100),AG.PRD.FOOD.XD,113.32
Sudan,SDN,Population density (people per sq. km of land area),EN.POP.DNST,24.3833913276231
Sudan,SDN,People using at least basic sanitation services (% of population),SH.STA.BASS.ZS,51.3601722607621
Sudan,SDN,People using at least basic drinking water services (% of population),SH.H2O.BASW.ZS,60.1227730186922
Sudan,SDN,Current health expenditure (% of GDP),SH.XPD.CHEX.GD.ZS,4.59967566
Sudan,SDN,Domestic general government health expenditure (% of GDP),SH.XPD.GHED.GD.ZS,1.03735721
Sudan,SDN,Domestic private health expenditure (% of current health expenditure),SH.XPD.PVTD.CH.ZS,70.89068604
Sudan,SDN,"Mortality rate, under-5 (per 1,000 live births)",SH.DYN.MORT,56.1
Sudan,SDN,"Suicide mortality rate (per 100,000 population)",SH.STA.SUIC.P5,3.39
Sudan,SDN,"Birth rate, crude (per 1,000 people)",SP.DYN.CBRT.IN,34.909
Sudan,SDN,"Cause of death, by communicable diseases and maternal, prenatal and nutrition conditions (% of total)",SH.DTH.COMM.ZS,38.9254568748127
Sudan,SDN,"Death rate, crude (per 1,000 people)",SP.DYN.CDRT.IN,6.549
Tanzania,TZA,Access to electricity (% of population),EG.ELC.ACCS.ZS,37.7
Tanzania,TZA,UHC service coverage index,SH_UHC_SCI,44
Tanzania,TZA,Out-of-pocket expenditure (% of current health expenditure),SH.XPD.OOPC.CH.ZS,21.82167053
Tanzania,TZA,Food production index (2014-2016 = 100),AG.PRD.FOOD.XD,105.58
Tanzania,TZA,Population density (people per sq. km of land area),EN.POP.DNST,66.8038959132987
Tanzania,TZA,People using at least basic sanitation services (% of population),SH.STA.BASS.ZS,29.6802357492442
Tanzania,TZA,People using at least basic drinking water services (% of population),SH.H2O.BASW.ZS,56.8787467857379
Tanzania,TZA,Current health expenditure (% of GDP),SH.XPD.CHEX.GD.ZS,4.02347755
Tanzania,TZA,Domestic general government health expenditure (% of GDP),SH.XPD.GHED.GD.ZS,1.6312809
Tanzania,TZA,Domestic private health expenditure (% of current health expenditure),SH.XPD.PVTD.CH.ZS,22.62815857
Tanzania,TZA,"Mortality rate, under-5 (per 1,000 live births)",SH.DYN.MORT,45.6
Tanzania,TZA,"Suicide mortality rate (per 100,000 population)",SH.STA.SUIC.P5,4.48
Tanzania,TZA,"Birth rate, crude (per 1,000 people)",SP.DYN.CBRT.IN,36.883
Tanzania,TZA,"Cause of death, by communicable diseases and maternal, prenatal and nutrition conditions (% of total)",SH.DTH.COMM.ZS,54.0155450648365
Tanzania,TZA,"Death rate, crude (per 1,000 people)",SP.DYN.CDRT.IN,6.183
Togo,TGO,Access to electricity (% of population),EG.ELC.ACCS.ZS,52.5
Togo,TGO,UHC service coverage index,SH_UHC_SCI,40
Togo,TGO,Out-of-pocket expenditure (% of current health expenditure),SH.XPD.OOPC.CH.ZS,66.20977783
Togo,TGO,Food production index (2014-2016 = 100),AG.PRD.FOOD.XD,114.05
Togo,TGO,Population density (people per sq. km of land area),EN.POP.DNST,140.097904026475
Togo,TGO,People using at least basic sanitation services (% of population),SH.STA.BASS.ZS,21.6400439153227
Togo,TGO,People using at least basic drinking water services (% of population),SH.H2O.BASW.ZS,61.5763879815796
Togo,TGO,Current health expenditure (% of GDP),SH.XPD.CHEX.GD.ZS,5.91268635
Togo,TGO,Domestic general government health expenditure (% of GDP),SH.XPD.GHED.GD.ZS,0.89146012
Togo,TGO,Domestic private health expenditure (% of current health expenditure),SH.XPD.PVTD.CH.ZS,75.80754852
Togo,TGO,"Mortality rate, under-5 (per 1,000 live births)",SH.DYN.MORT,66
Togo,TGO,"Suicide mortality rate (per 100,000 population)",SH.STA.SUIC.P5,9.77
Togo,TGO,"Birth rate, crude (per 1,000 people)",SP.DYN.CBRT.IN,34.907
Togo,TGO,"Cause of death, by communicable diseases and maternal, prenatal and nutrition conditions (% of total)",SH.DTH.COMM.ZS,46.116486630999
Togo,TGO,"Death rate, crude (per 1,000 people)",SP.DYN.CDRT.IN,9.58
Uganda,UGA,Access to electricity (% of population),EG.ELC.ACCS.ZS,41.3
Uganda,UGA,UHC service coverage index,SH_UHC_SCI,49
Uganda,UGA,Out-of-pocket expenditure (% of current health expenditure),SH.XPD.OOPC.CH.ZS,38.26028442
Uganda,UGA,Food production index (2014-2016 = 100),AG.PRD.FOOD.XD,118.45
Uganda,UGA,Population density (people per sq. km of land area),EN.POP.DNST,214.440639337722
Uganda,UGA,People using at least basic sanitation services (% of population),SH.STA.BASS.ZS,22.0428914452572
Uganda,UGA,People using at least basic drinking water services (% of population),SH.H2O.BASW.ZS,54.6148662999288
Uganda,UGA,Current health expenditure (% of GDP),SH.XPD.CHEX.GD.ZS,3.79341364
Uganda,UGA,Domestic general government health expenditure (% of GDP),SH.XPD.GHED.GD.ZS,0.57344079
Uganda,UGA,Domestic private health expenditure (% of current health expenditure),SH.XPD.PVTD.CH.ZS,42.86341476
Uganda,UGA,"Mortality rate, under-5 (per 1,000 live births)",SH.DYN.MORT,51.6
Uganda,UGA,"Suicide mortality rate (per 100,000 population)",SH.STA.SUIC.P5,5.14
Uganda,UGA,"Birth rate, crude (per 1,000 people)",SP.DYN.CBRT.IN,37.212
Uganda,UGA,"Cause of death, by communicable diseases and maternal, prenatal and nutrition conditions (% of total)",SH.DTH.COMM.ZS,52.7766118022037
Uganda,UGA,"Death rate, crude (per 1,000 people)",SP.DYN.CDRT.IN,5.42
Zambia,ZMB,Access to electricity (% of population),EG.ELC.ACCS.ZS,43
Zambia,ZMB,UHC service coverage index,SH_UHC_SCI,55
Zambia,ZMB,Out-of-pocket expenditure (% of current health expenditure),SH.XPD.OOPC.CH.ZS,7.25238276
Zambia,ZMB,Food production index (2014-2016 = 100),AG.PRD.FOOD.XD,110.94
Zambia,ZMB,Population density (people per sq. km of land area),EN.POP.DNST,24.9046113076582
Zambia,ZMB,People using at least basic sanitation services (% of population),SH.STA.BASS.ZS,33.8947045843208
Zambia,ZMB,People using at least basic drinking water services (% of population),SH.H2O.BASW.ZS,68.0788852086192
Zambia,ZMB,Current health expenditure (% of GDP),SH.XPD.CHEX.GD.ZS,6.75330257
Zambia,ZMB,Domestic general government health expenditure (% of GDP),SH.XPD.GHED.GD.ZS,2.25830793
Zambia,ZMB,Domestic private health expenditure (% of current health expenditure),SH.XPD.PVTD.CH.ZS,8.57211399
Zambia,ZMB,"Mortality rate, under-5 (per 1,000 live births)",SH.DYN.MORT,53.5
Zambia,ZMB,"Suicide mortality rate (per 100,000 population)",SH.STA.SUIC.P5,5.76
Zambia,ZMB,"Birth rate, crude (per 1,000 people)",SP.DYN.CBRT.IN,35.006
Zambia,ZMB,"Cause of death, by communicable diseases and maternal, prenatal and nutrition conditions (% of total)",SH.DTH.COMM.ZS,63.55778473389
Zambia,ZMB,"Death rate, crude (per 1,000 people)",SP.DYN.CDRT.IN,6.482
Zimbabwe,ZWE,Access to electricity (% of population),EG.ELC.ACCS.ZS,46.7
Zimbabwe,ZWE,UHC service coverage index,SH_UHC_SCI,55
Zimbabwe,ZWE,Out-of-pocket expenditure (% of current health expenditure),SH.XPD.OOPC.CH.ZS,9.08337116
Zimbabwe,ZWE,Food production index (2014-2016 = 100),AG.PRD.FOOD.XD,105.74
Zimbabwe,ZWE,Population density (people per sq. km of land area),EN.POP.DNST,39.4762000775494
Zimbabwe,ZWE,People using at least basic sanitation services (% of population),SH.STA.BASS.ZS,35.7743353702206
Zimbabwe,ZWE,People using at least basic drinking water services (% of population),SH.H2O.BASW.ZS,67.1795926488522
Zimbabwe,ZWE,Current health expenditure (% of GDP),SH.XPD.CHEX.GD.ZS,3.23268151
Zimbabwe,ZWE,Domestic general government health expenditure (% of GDP),SH.XPD.GHED.GD.ZS,0.46115172
Zimbabwe,ZWE,Domestic private health expenditure (% of current health expenditure),SH.XPD.PVTD.CH.ZS,23.79965401
Zimbabwe,ZWE,"Mortality rate, under-5 (per 1,000 live births)",SH.DYN.MORT,58.6
Zimbabwe,ZWE,"Suicide mortality rate (per 100,000 population)",SH.STA.SUIC.P5,15.84
Zimbabwe,ZWE,"Birth rate, crude (per 1,000 people)",SP.DYN.CBRT.IN,31.121
Zimbabwe,ZWE,"Cause of death, by communicable diseases and maternal, prenatal and nutrition conditions (% of total)",SH.DTH.COMM.ZS,47.4693438360145
Zimbabwe,ZWE,"Death rate, crude (per 1,000 people)",SP.DYN.CDRT.IN,8.281
,,,,
,,,,
,,,,
Data from database: World Development Indicators,,,,
Last Updated: 07/13/2026,,,,
Code,License Type,Indicator Name,Long definition,Source,Topic,Dataset,Unit of measure,Periodicity,Reference period,Aggregation method,Statistical concept and methodology,Development relevance,Limitations and exceptions,Other notes,License URL
EG.ELC.ACCS.ZS,CC BY-4.0,Access to electricity (% of population),"Access to electricity is the percentage of population with access to electricity. Electrification data are collected from industry, national surveys and international sources.","SDG 7.1.1 Electrification Dataset, World Bank (WB), uri: https://trackingsdg7.esmap.org/downloads, note: Data is downloaded from ESMAP website. Data is released when a new Tracking SDG7 report is released., publisher: World Bank (WB), date accessed: 2024-05-16, date published: 2023",Environment: Energy production & use,WB_WDI,% (share) of population,Annual,1990-2024,Population-weighted average,"Methodology: The World Bank’s Global Electrification Database (GED) compiles nationally representative household survey data, and occasionally census data, from sources going back as far as 1990. The database also incorporates data from the Socio-Economic Database for Latin America and the Caribbean (SEDLAC), Middle East and North Africa Poverty Database (MNAPOV) and the Europe and Central Asia Poverty Database (ECAPOV), which are based on similar surveys. At the time of this analysis, the GED contained 1,375 surveys for 149 countries in 1990-2021.","Maintaining reliable and secure electricity services while seeking to rapidly decarbonize power systems is a key challenge for countries throughout the world. More and more countries are becoming increasingly dependent on reliable and secure electricity supplies to underpin economic growth and community prosperity. This reliance is set to grow as more efficient and less carbon intensive forms of power are developed and deployed to help decarbonize economies.



















Energy is necessary for creating the conditions for economic growth. It is impossible to operate a factory, run a shop, grow crops or deliver goods to consumers without using some form of energy. Access to electricity is particularly crucial to human development as electricity is, in practice, indispensable for certain basic activities, such as lighting, refrigeration and the running of household appliances, and cannot easily be replaced by other forms of energy. Individuals' access to electricity is one of the most clear and un-distorted indications of a country's energy poverty status.



















Electricity access is increasingly at the forefront of governments' preoccupations, especially in the developing countries. As a consequence, a lot of rural electrification programs and national electrification agencies have been created in these countries to monitor more accurately the needs and the status of rural development and electrification.



















Use of energy is important in improving people's standard of living. But electricity generation also can damage the environment. Whether such damage occurs depends largely on how electricity is generated. For example, burning coal releases twice as much carbon dioxide - a major contributor to global warming - as does burning an equivalent amount of natural gas.",,,https://datacatalog.worldbank.org/int/public-licenses#cc-by
SH_UHC_SCI,CC BY-4.0,UHC service coverage index,"A composite index representing coverage of essential health services based on 14 tracer indicators in the areas of reproductive, maternal, newborn and child health, infectious diseases, noncommunicable diseases and service capacity and access. It is presented on a scale of 0 to 100 index points.","Universal Health Coverage Dataset, World Health Organization (WHO), uri: https://www.who.int/data/gho/data/indicators/indicator-details/GHO/uhc-index-of-service-coverage",Health: Universal Health Coverage,WB_WDI,index,Annual,2000-2023,Weighted average,"Methodology: The UHC service coverage index is computed as the weighted geometric means of 14 tracer indicators, as follows, organized by four broad categories of service coverage:
I. Reproductive, maternal, newborn and child health 
1. Family planning: Percentage of women of reproductive age (15-49 years) who have their need for family planning satisfied with modern methods (SDG indicator 3.7.1, metadata available at https://unstats.un.org/sdgs/metadata/files/Metadata-03-07-01.pdf)
2. Pregnancy care: Percentage of women aged 15-49 years with a live birth in a given time period who received antenatal care four or more times
3. Child immunization: Percentage of infants receiving three doses of diphtheria-tetanus-pertussis containing vaccine
4. Child treatment: Percentage of children younger than 5 years with symptoms of acute respiratory infection (cough and fast or difficult breathing due to a problem in the chest and not due to a blocked nose only) in the 2 weeks preceding the survey for whom advice or treatment was sought from a health facility or provider 
II. Infectious diseases
5. Tuberculosis: Percentage of incident TB cases that are detected and treated
6. HIV/AIDS: Percentage of adults and children living with HIV currently receiving antiretroviral therapy 
7. Malaria: Percentage of population in malaria-endemic areas who slept under an insecticide-treated net the previous night [only for countries with high malaria burden]
8. Water, sanitation and hygiene: Percentage of population using at least basic sanitation services.
III. Noncommunicable diseases
9. Hypertension: Coverage of treatment (taking medicine) for hypertension among adults aged 30-79 years with hypertension (age-standardized estimate) (%) 
10. Diabetes: Coverage of treatment (taking medication) for diabetes among adults aged 30 years and over with diabetes (age-standardized estimate) (%) 
11. Tobacco: Age-standardized prevalence of adults >=15 years currently using any tobacco product (smoked and/or smokeless tobacco) on a daily or non-daily basis (SDG indicator 3.a.1, metadata available at https://unstats.un.org/sdgs/metadata/files/Metadata-03-0a-01.pdf)
IV. Service capacity and access
12. Hospital access: Hospital beds density, relative to a maximum threshold of 18 per 10,000 population? 
13. Health workforce: Health workers (medical doctors, nursing and midwifery personnel) per capita, relative to a combined maximum thresholds (overlap with SDG indicator 3.c.1, see metadata at https://unstats.un.org/sdgs/metadata/files/Metadata-03-0C-01.pdf)  
14. Health security: International Health Regulations (IHR) core capacity index, which is the average percentage of attributes of 13 core capacities that have been attained?(SDG indicator 3.d.1, see metadata at https://unstats.un.org/sdgs/metadata/files/Metadata-03-0D-01.pdf)
Refer to Other notes for the Statistical Concept(s).","SDG Target 3.8 is defined as “Achieve universal health coverage, including financial risk protection, access to quality essential health-care services and access to safe, effective, quality and affordable essential medicines and vaccines for all”. The objective is for all people and communities to receive the quality health services they need (including medicines and other health products), without financial hardship. Two indicators have been chosen to monitor target 3.8 within the SDG framework. Indicator 3.8.1, the universal health service coverage index, is for service coverage of essential health services while indicator 3.8.2 focuses on financial hardship caused by out-of-pocket health expenditure.

Indicators of service coverage – defined as people receiving the service they need – are the best way to track progress in providing services under universal health coverage (UHC). Since a single health service indicator does not suffice for monitoring UHC, the UHC service coverage index is constructed from?14?tracer indicators (further organized into 4 health service areas) selected based on epidemiological and statistical criteria. This includes several indicators that are already included in other SDG targets, thereby minimizing the data collection and reporting burden.?The index is reported on a?unitless?scale of 0 to 100, with 100 being the?optimal?value.",,"Statistical concept(s): The calculation the UHC service coverage index requires first standardizing the 14 tracer indicators so that they can be combined into the index, and then computing the index from those values.  
The 14 tracer indicators are first all placed on the same scale, with 0 being the lowest value and 100 being the optimal value. For most indicators, this scale is the natural scale of measurement, e.g., the percentage of infants who have been immunized ranges from 0 to 100 percent. However, for a few indicators, conversion and/or rescaling is required to obtain appropriate values from 0 to 100. Once all tracer indicator values are on a scale of 0 to 100, weighted geometric means are computed within each of the four health service areas, and then a geometric mean is taken of those four values. Each tracer is weighted on an indicator specific population based on the denominator of the indicator using United Nations population estimates where applicable. 
Many of the tracer indicators of health service coverage are measured by household surveys. However, administrative data, facility data, facility surveys, and sentinel surveillance systems are utilized for certain indicators. Underlying data sources for each of the 14 tracer indicators are explained in Annex 1 (https://unstats.un.org/sdgs/metadata/files/Metadata-03-08-01.pdf)",https://datacatalog.worldbank.org/int/public-licenses#cc-by
SH.XPD.OOPC.CH.ZS,CC BY-4.0,Out-of-pocket expenditure (% of current health expenditure),Share of out-of-pocket payments of total current health expenditures.  Out-of-pocket payments are spending on health directly out-of-pocket by households.,"Global Health Expenditure Database, updated December 12th, 2025, World Health Organization (WHO), uri: http://apps.who.int/nha/database",Health: Health systems,WB_WDI,Percentage,Annual,2000-2024,Weighted average,"Methodology: The Health SHA 2011 tracks all health spending in a given country over a defined period of time regardless of the entity or institution that financed and managed that spending. It generates consistent and comprehensive data on health spending in a country, which in turn can contribute to evidence-based policy-making. Aggregations are weighted by total current health expenditure (not by population).
Statistical concept(s): The health expenditure estimates have been prepared by the World Health Organization under the framework of the System of Health Accounts 2011 (SHA 2011).","Strengthening health financing is one objective of Sustainable Development Goal 3 (SDG target 3.c).  The levels and trends of health expenditure data identify key issues such as weaknesses and strengths and areas that need investment, for instance additional health facilities, better health information systems, or better trained human resources.  Health financing is also critical for reaching universal health coverage (UHC) defined as all people obtaining the quality health services they need without suffering financial hardship (SDG 3.8).  The data on out-of-pocket spending is a key indicator with regard to financial protection and hence of progress towards UHC.",,,https://datacatalog.worldbank.org/int/public-licenses#cc-by
AG.PRD.FOOD.XD,CC BY-4.0,Food production index (2014-2016 = 100),"Food production index covers food crops that are considered edible and that contain nutrients. Coffee and tea are excluded because, although edible, they have no nutritive value.","FAO electronic files and web site, Food and Agriculture Organization of the United Nations (FAO), publisher: Food and Agriculture Organization of the United Nations (FAO)",Environment: Agricultural production,WB_WDI,index (2014-2016=100),Annual,1961-2022,Weighted average,"Methodology: The agricultural production index is prepared by the Food and Agriculture Organization of the United Nations (FAO). The FAO indices of agricultural production show the relative level of the aggregate volume of agricultural production for each year in comparison with the base period 2014-2016. They are based on the sum of price-weighted quantities of different agricultural commodities produced after deductions of quantities used as seed and feed weighted in a similar manner. The resulting aggregate represents, therefore, disposable production for any use except as seed and feed. All the indices at the country, regional and world levels are calculated by the Laspeyres formula*. Production quantities of each commodity are weighted by 2014-2016 average international commodity prices and summed for each year. To obtain the index, the aggregate for a given year is divided by the average aggregate for the base period 2014-2016. Since the FAO indices are based on the concept of agriculture as a single enterprise, amounts of seed and feed are subtracted from the production data to avoid double counting, once in the production data and once with the crops or livestock produced from them. Deductions for seed (in the case of eggs, for hatching) and for livestock and poultry feed apply to both domestically produced and imported commodities. They cover only primary agricultural products destined to animal feed (e.g. maize, potatoes, milk, etc.). Processed and semi-processed feed items such as bran, oilcakes, meals and molasses have been completely excluded from the calculations at all stages. It should be noted that when calculating indices of agricultural, food and nonfood production, all intermediate primary inputs of agricultural origin are deducted. However, for indices of any other commodity group, only inputs originating from within the same group are deducted; thus, only seed is removed from the group "crops" and from all crop subgroups, such as cereals, oil crops, etc.; and both feed and seed originating from within the livestock sector (e.g. milk feed, hatching eggs) are removed from the group "livestock products". For the main two livestock subgroups, namely, meat and milk, only feed originating from the respective subgroup is removed. Indices which take into account deductions for feed and seed are referred to as ''net''. Indices calculated without any deductions for feed and seed are referred to as ''gross". The "international commodity prices" are used in order to avoid the use of exchange rates for obtaining continental and world aggregates, and also to improve and facilitate international comparative analysis of productivity at the national level. These" international prices," expressed in so-called "international dollars," are derived using a Geary-Khamis formula** for the agricultural sector. This method assigns a single "price" to each commodity. For example, one metric ton of wheat has the same price regardless of the country where it was produced. The currency unit in which the prices are expressed has no influence on the indices published. The commodities covered in the computation of indices of agricultural production are all crops and livestock products originating in each country. Practically all products are covered, with the main exception of fodder crops. 
* A Laspeyres Index is known as a "base-weighted" or "fixed-weighted" index because the price increases are weighted by the quantities in the base period. The Consumer Price Index is an example of a Laspeyres Index. http://www.usna.edu/Users/econ/rbrady/312%20Materials/LaspeyresCalc.pdf
** Geary-Khamis formula is an aggregation method in which category "international prices" (reflecting relative category values) and country purchasing power parities (PPPs), (depicting relative country price levels) are estimated simultaneously from a system of linear equations. http://stats.oecd.org/glossary/detail.asp?ID=5528","The commodities covered in the computation of indices of agricultural production are all crops and livestock products originating in each country. Practically all products are covered, with the main exception of fodder crops. The category of food production includes commodities that are considered edible and that contain nutrients. Accordingly, coffee and tea are excluded along with inedible commodities because, although edible, they have practically no nutritive value.

















It should be noted that when calculating indices of agricultural, food and nonfood production, all intermediate primary inputs of agricultural origin are deducted. However, for indices of any other commodity group, only inputs originating from within the same group are deducted; thus, only seed is removed from the group "crops" and from all crop subgroups, such as cereals, oil crops, etc.; and both feed and seed originating from within the livestock sector (e.g. milk feed, hatching eggs) are removed from the group "livestock products". For the main two livestock subgroups, namely, meat and milk, only feed originating from the respective subgroup is removed.

















Crop production data refer to the actual harvested production from the field or orchard and gardens, excluding harvesting and threshing losses and that part of crop not harvested for any reason. Production therefore includes the quantities of the commodity sold in the market (marketed production) and the quantities consumed or used by the producers (auto-consumption).","Agricultural data are collected by the Food and Agriculture Organization of the United Nations (FAO) from official national sources through the questionnaire and are supplemented with information from official secondary data sources. The secondary sources cover official country data from websites of national ministries, national publications and related country data reported by various international organizations. The FAO tries to impose standard definitions and reporting methods, but complete consistency across countries and over time is not possible. Data on agricultural employment, in particular, should be used with caution. In many countries much agricultural employment is informal and unrecorded, including substantial work performed by women and children. To address some of these concerns, this indicator is heavily footnoted in the database in sources, definition, and coverage.",,https://datacatalog.worldbank.org/int/public-licenses#cc-by
EN.POP.DNST,CC BY-4.0,Population density (people per sq. km of land area),"Population density is midyear population divided by land area in square kilometers. Population is based on the de facto definition of population, which counts all residents regardless of legal status or citizenship--except for refugees not permanently settled in the country of asylum, who are generally considered part of the population of their country of origin. Land area is a country's total area, excluding area under inland water bodies, national claims to continental shelf, and exclusive economic zones. In most cases the definition of inland water bodies includes major rivers and lakes.","FAO population estimates, Food and Agriculture Organization of the United Nations (FAO), publisher: Food and Agriculture Organization of the United Nations (FAO);
World Bank population estimates, World Bank (WB), publisher: World Bank (WB)",Environment: Density & urbanization,WB_WDI,people per square kilometer of land area,Annual,1961-2023,Weighted average,"Methodology: Population density is midyear population divided by land area in square kilometers. This ratio can be calculated for any territorial unit for any point in time, depending on the source of the population data. Population estimates are prepared by World Bank staff from variety of sources. They are based on the de facto definition of population and include all residents regardless of legal status or citizenship, within the physical boundaries of a country and under the jurisdiction of that country's political control. Refugees not permanently settled in the country of asylum are considered part of the population of their country of origin. Population numbers are either current census data or historical census data extrapolated through demographic methods. The count also excludes visitors from overseas.



















Population density is calculated by dividing midyear population by land area in a country. Population is based on the de facto definition of population, which counts all residents regardless of legal status or citizenship - except for refugees not permanently settled in the country of asylum, who are generally considered part of the population of their country of origin. Land area is a country's total area, excluding area under inland water bodies, national claims to continental shelf, and exclusive economic zones. In most cases the definition of inland water bodies includes major rivers and lakes.","Population estimates are usually based on national population censuses. Estimates for the years before and after the census are interpolations or extrapolations based on demographic models. Errors and undercounting occur even in high-income countries; in developing countries errors may be substantial because of limits in the transport, communications, and other resources required conducting and analyzing a full census.



















Population density is a measure of the intensity of land-use, and can be calculated for a block, city, county, state, country, continent or the entire world. Considering that over half of the Earth's land mass consists of areas inhospitable to human inhabitation, such as deserts and high mountains, and that population tends to cluster around seaports and fresh water sources, a simple number of population density by itself does not give any meaningful measurement of human population density.



















Several of the most densely populated territories in the world are city-states, microstates, or dependencies.[6][7] These territories share a relatively small area and a high urbanization level, with an economically specialized city population drawing also on rural resources outside the area, illustrating the difference between high population density and overpopulation.","Current population estimates for developing countries that lack recent census data and pre- and post-census estimates for countries with census data are provided by the United Nations Population Division and other agencies. The cohort component method - a standard method for estimating and projecting population - requires fertility, mortality, and net migration data, often collected from sample surveys, which can be small or limited in coverage. Population estimates are from demographic modeling and so are susceptible to biases and errors from shortcomings in the model and in the data. Because the five-year age group is the cohort unit and five-year period data are used, interpolations to obtain annual data or single age structure may not reflect actual events or age composition.

















The quality and reliability of official demographic data are also affected by public trust in the government, government commitment to full and accurate enumeration, confidentiality and protection against misuse of census data, and census agencies' independence from political influence. Moreover, comparability of population indicators is limited by differences in the concepts, definitions, collection procedures, and estimation methods used by national statistical agencies and other organizations that collect the data.",,https://datacatalog.worldbank.org/int/public-licenses#cc-by
SH.STA.BASS.ZS,CC BY-4.0,People using at least basic sanitation services (% of population),"The percentage of people using at least basic sanitation services, that is, improved sanitation facilities that are not shared with other households.  This indicator encompasses both people using basic sanitation services as well as those using safely managed sanitation services.   Improved sanitation facilities include flush/pour flush to piped sewer systems, septic tanks or pit latrines; ventilated improved pit latrines, composting toilets or pit latrines with slabs.","WHO/UNICEF Joint Monitoring Programme (JMP) for Water Supply, Sanitation and Hygiene, World Health Organization (WHO), uri: washdata.org, publisher: WHO/UNICEF Joint Monitoring Programme (JMP) for Water Supply, Sanitation and Hygiene (washdata.org), date accessed: 2025-09-30, date published: 2025-08-25;
UN Children's Fund (UNICEF), uri: washdata.org, note: WHO/UNICEF Joint Monitoring Programme (JMP) for Water Supply, Sanitation and Hygiene",Health: Disease prevention,WB_WDI,% of population,Annual,2000-2024,Weighted average,"Methodology: The data sources for sanitation services are household surveys such as Demographic and Health Surveys (DHS) and Multiple Indicator Cluster Surveys (MICS), administrative data, census, and other datasets such as compilations by international or regional initiatives (e.g., IB-NET) or studies conducted by research institutions. Based on these national datasets, JMP estimates the proportion of the people accessing different levels of services by using linear regression. You can find the details of estimates including the rules on interpolation, extrapolation and extension in the JMP’s methodology report (https://washdata.org/reports/jmp-2017-methodology).
Statistical concept(s): The JMP classifies the sanitation service levels into five tiers, ranging from the most to the least favorable: safely managed, basic, limited, unimproved, and open defecation (Reference: https://washdata.org/monitoring/sanitation).  This indicator encompasses both people using basic sanitation services as well as those using safely managed sanitation services.","Sanitation is fundamental to human development. Many international organizations use hygienic sanitation facilities as a measure for progress in the fight against poverty, disease, and death. Access to proper sanitation is also considered to be a human right, not a privilege, for every man, woman, and child.  























Sanitation generally refers to the provision of facilities and services for the safe disposal of human urine and feces. Inadequate sanitation is a major cause of disease world-wide and improving sanitation is known to have a significant beneficial impact on people's health. Basic and safely managed sanitation services can reduce diarrheal disease, and can significantly lessen the adverse health impacts of other disorders responsible for death and disease among millions of children. Diarrhea and worm infections weaken children and make them more susceptible to malnutrition and opportunistic infections like pneumonia, measles and malaria.  























The combined effects of inadequate sanitation, unsafe water supply and poor personal hygiene are responsible for many of childhood deaths. Every year, the failure to tackle these deficits results in severe welfare losses - wasted time, reduced productivity, ill health, impaired learning, environmental degradation and lost opportunities. Fundamental behavior changes are required before the use of improved facilities and services can be integrated into daily life. Many hygiene behaviors and habits are formed in childhood and, therefore, school health and hygiene education programs are an important part of water and sanitation improvements.  























Most basic sanitation technologies are not expensive to implement. However, those facing the problems of inadequate sanitation may not be aware of either the origin of their ills, or the true costs of poor sanitation and hygiene. As a result, in most of the developing countries those without sanitation are hard to convince of the need to invest scarce resources in sanitation facilities, or of the critical importance of changing long-held habits and unhygienic behaviors. Consequently, the people's representatives - governments and elected political leaders - rarely give sanitation or hygiene improvements the priority that is needed in order to tackle the massive sanitation deficit faced by the developing world.  























Children bear the brunt of sanitation-related impacts - their health, nutrition, growth, education, self-respect, and life opportunities suffer as a result of inadequate sanitation. Without improved sanitation, many of the current generation of children in developing countries are unlikely to develop to their full potential. Countries that don't take urgent action to redress sanitation deficiencies will find their future development and prosperity impaired.","National, regional and income group estimates are made when data are available for at least 50 percent of the population.",,https://datacatalog.worldbank.org/int/public-licenses#cc-by
SH.H2O.BASW.ZS,CC BY-4.0,People using at least basic drinking water services (% of population),"The percentage of people using at least basic water services.  This indicator encompasses both people using basic water services as well as those using safely managed water services.  Basic drinking water services is defined as drinking water from an improved source, provided collection time is not more than 30 minutes for a round trip.  Improved water sources include piped water, boreholes or tubewells, protected dug wells, protected springs, and packaged or delivered water.","WHO/UNICEF Joint Monitoring Programme (JMP) for Water Supply, Sanitation and Hygiene, World Health Organization (WHO), uri: washdata.org, publisher: WHO/UNICEF Joint Monitoring Programme (JMP) for Water Supply, Sanitation and Hygiene (washdata.org), date accessed: 2025-09-30, date published: 2025-08-25;
UN Children's Fund (UNICEF), uri: washdata.org, note: WHO/UNICEF Joint Monitoring Programme (JMP) for Water Supply, Sanitation and Hygiene",Health: Disease prevention,WB_WDI,% of population,Annual,2000-2024,Weighted average,"Methodology: The data sources for drinking water services are household surveys such as Demographic and Health Surveys (DHS) and Multiple Indicator Cluster Surveys (MICS), administrative data, census, and other datasets such as compilations by international or regional initiatives (e.g., IB-NET) or studies conducted by research institutions. Based on these national datasets, JMP estimates the proportion of the people accessing different levels of services by using linear regression. You can find the details of estimates including the rules on interpolation, extrapolation and extension in the JMP’s methodology report (https://washdata.org/reports/jmp-2017-methodology).
Statistical concept(s): The JMP classifies the  water service levels into five tiers, ranging from the most to the least favorable: safely managed, basic, limited, unimproved, and surface water (Reference: https://washdata.org/monitoring/drinking-water). This indicator encompasses both people using basic water services as well as those using safely managed water services.","Water is considered to be the most important resource for sustaining ecosystems, which provide life-supporting services for people, animals, and plants. Global access to safe water and proper hygiene education can reduce illness and death from disease, leading to improved health, poverty reduction, and socio-economic development. However, many countries are challenged to provide these basic necessities to their populations, leaving people at risk for water, sanitation, and hygiene (WASH)-related diseases. Because contaminated water is a major cause of illness and death, water quality is a determining factor in human poverty, education, and economic opportunities.  























Lack of access to adequate drinking water services contributes to deaths and illness, especially in children. Water based disease transmission by drinking contaminated water is responsible for significant outbreaks of diseases such as cholera and typhoid and includes diarrheal diseases, viral hepatitis A, cholera, dysentery and dracunculiasis (Guineaworm disease). Improving access to clean drinking water is a crucial element in the reduction of under-five mortality and morbidity and there is evidence that ensuring higher levels of drinking water services has a greater impact. 























Women and children spend millions of hours each year fetching water. The chore diverts their time from other important activities (for example attending school, caring for children, participating in the economy). When water is not available on premises and has to be collected, women and girls are almost two and a half times more likely than men and boys to be the main water carriers for their families.  























Many international organizations use access to safe drinking water and hygienic sanitation facilities as a measure for progress in the fight against poverty, disease, and death. Access to safe drinking water is also considered to be a human right, not a privilege, for every man, woman, and child. Economic benefits of safe drinking water services include higher economic productivity, more education, and health-care savings.","National, regional and income group estimates are made when data are available for at least 50 percent of the population.",,https://datacatalog.worldbank.org/int/public-licenses#cc-by
SH.XPD.CHEX.GD.ZS,CC BY-4.0,Current health expenditure (% of GDP),"Level of current health expenditure expressed as a percentage of GDP.  Estimates of current health expenditures include healthcare goods and services consumed during each year. This indicator does not include capital health expenditures such as buildings, machinery, IT and stocks of vaccines for emergency or outbreaks.","Global Health Expenditure Database, updated December 12th, 2025, World Health Organization (WHO), uri: https://apps.who.int/nha/database",Health: Health systems,WB_WDI,Percentage,Annual,2000-2024,Weighted average,"Methodology: The Health SHA 2011 tracks all health spending in a given country over a defined period of time regardless of the entity or institution that financed and managed that spending. It generates consistent and comprehensive data on health spending in a country, which in turn can contribute to evidence-based policy-making.
Statistical concept(s): The health expenditure estimates have been prepared by the World Health Organization under the framework of the System of Health Accounts 2011 (SHA 2011).","Strengthening health financing is one objective of Sustainable Development Goal 3 (SDG target 3.c).  The levels and trends of health expenditure data identify key issues such as weaknesses and strengths and areas that need investment, for instance additional health facilities, better health information systems, or better trained human resources.  Health financing is also critical for reaching universal health coverage (UHC) defined as all people obtaining the quality health services they need without suffering financial hardship (SDG 3.8).  The data on out-of-pocket spending is a key indicator with regard to financial protection and hence of progress towards UHC.",,,https://datacatalog.worldbank.org/int/public-licenses#cc-by
SH.XPD.GHED.GD.ZS,CC BY-4.0,Domestic general government health expenditure (% of GDP),Public expenditure on health from domestic sources as a share of the economy as measured by GDP.,"Global Health Expenditure Database, updated December 12th, 2025, World Health Organization (WHO), uri: http://apps.who.int/nha/database",Health: Health systems,WB_WDI,Percentage,Annual,2000-2024,Weighted average,"Methodology: The Health SHA 2011 tracks all health spending in a given country over a defined period of time regardless of the entity or institution that financed and managed that spending. It generates consistent and comprehensive data on health spending in a country, which in turn can contribute to evidence-based policy-making.
Statistical concept(s): The health expenditure estimates have been prepared by the World Health Organization under the framework of the System of Health Accounts 2011 (SHA 2011).","Strengthening health financing is one objective of Sustainable Development Goal 3 (SDG target 3.c).  The levels and trends of health expenditure data identify key issues such as weaknesses and strengths and areas that need investment, for instance additional health facilities, better health information systems, or better trained human resources.  Health financing is also critical for reaching universal health coverage (UHC) defined as all people obtaining the quality health services they need without suffering financial hardship (SDG 3.8).  The data on out-of-pocket spending is a key indicator with regard to financial protection and hence of progress towards UHC.",,,https://datacatalog.worldbank.org/int/public-licenses#cc-by
SH.XPD.PVTD.CH.ZS,CC BY-4.0,Domestic private health expenditure (% of current health expenditure),"Share of current health expenditures funded from domestic private sources.  Domestic private sources include funds from households, corporations and non-profit organizations. Such expenditures can be either prepaid to voluntary health insurance or paid directly to healthcare providers.","Global Health Expenditure Database, updated December 12th, 2025, World Health Organization (WHO), uri: http://apps.who.int/nha/database",Health: Health systems,WB_WDI,Percentage,Annual,2000-2024,Weighted average,"Methodology: The Health SHA 2011 tracks all health spending in a given country over a defined period of time regardless of the entity or institution that financed and managed that spending. It generates consistent and comprehensive data on health spending in a country, which in turn can contribute to evidence-based policy-making.
Statistical concept(s): The health expenditure estimates have been prepared by the World Health Organization under the framework of the System of Health Accounts 2011 (SHA 2011).","Strengthening health financing is one objective of Sustainable Development Goal 3 (SDG target 3.c).  The levels and trends of health expenditure data identify key issues such as weaknesses and strengths and areas that need investment, for instance additional health facilities, better health information systems, or better trained human resources.  Health financing is also critical for reaching universal health coverage (UHC) defined as all people obtaining the quality health services they need without suffering financial hardship (SDG 3.8).  The data on out-of-pocket spending is a key indicator with regard to financial protection and hence of progress towards UHC.",,,https://datacatalog.worldbank.org/int/public-licenses#cc-by
SH.DYN.MORT,CC BY-4.0,"Mortality rate, under-5 (per 1,000 live births)","Under-five mortality rate is the probability per 1,000 that a newborn baby will die before reaching age five, if subject to age-specific mortality rates of the specified year.","UN Inter-agency Group for Child Mortality Estimation, UN Children's Fund (UNICEF), uri: www.childmortality.org, publisher: UNICEF, WHO, World Bank, United Nations Population Division;
World Health Organization (WHO), uri: www.childmortality.org, note: UN Inter-agency Group for Child Mortality Estimation;
World Bank (WB), uri: www.childmortality.org, note: UN Inter-agency Group for Child Mortality Estimation;
United Nations (UN), uri: www.childmortality.org, note: UN Inter-agency Group for Child Mortality Estimation, publisher: UN Population Division",Health: Mortality,WB_WDI,Per 1000 live births,Annual,1960-2024,Weighted average,"Methodology: Estimates of neonatal, infant, and child mortality tend to vary by source and method for a given time and place. Years for available estimates also vary by country, making comparisons across countries and over time difficult. To make neonatal, infant, and child mortality estimates comparable and to ensure consistency across estimates by different agencies, the United Nations Inter-agency Group for Child Mortality Estimation (UN IGME), which comprises the United Nations Children's Fund (UNICEF), the World Health Organization (WHO), the World Bank, the United Nations Population Division, and other universities and research institutes, developed and adopted a statistical method that uses all available information to reconcile differences. The method uses statistical models to obtain a best estimate trend line by fitting a country-specific regression model of mortality rates against their reference dates.
Statistical concept(s): The main sources of mortality data are vital registration systems and direct or indirect estimates based on sample surveys or censuses. A "complete" vital registration system - covering at least 90 percent of vital events in the population - is the best source of age-specific mortality data.","Mortality rates for different age groups (infants, children, and adults) and overall mortality indicators (life expectancy at birth or survival to a given age) are important indicators of health status in a country. Because data on the incidence and prevalence of diseases are frequently unavailable, mortality rates are often used to identify vulnerable populations. And they are among the indicators most frequently used to compare socioeconomic development across countries.","Complete vital registration systems are fairly uncommon in developing countries. Thus estimates must be obtained from sample surveys or derived by applying indirect estimation techniques to registration, census, or survey data. Survey data are subject to recall error, and surveys estimating infant/child deaths require large samples because households in which a birth has occurred during a given year cannot ordinarily be preselected for sampling. Indirect estimates rely on model life tables that may be inappropriate for the population concerned. Extrapolations based on outdated surveys may not be reliable for monitoring changes in health status or for comparative analytical work.","Given that data on the incidence and prevalence of diseases are frequently unavailable, mortality rates are often used to identify vulnerable populations. Moreover, they are among the indicators most frequently used to compare socioeconomic development across countries. Under-five mortality rates are higher for boys than for girls in countries in which parental gender preferences are insignificant. Under-five mortality captures the effect of gender discrimination better than infant mortality does, as malnutrition and medical interventions have more significant impacts to this age group. Where female under-five mortality is higher, girls are likely to have less access to resources than boys.

Aggregate data for LIC, UMC, LMC, HIC are computed based on the groupings for the World Bank fiscal year in which the data was released by the UN Inter-agency Group for Child Mortality Estimation.

This is the Sustainable Development Goal indicator 3.2.1[https://unstats.un.org/sdgs/metadata/].",https://datacatalog.worldbank.org/int/public-licenses#cc-by
SH.STA.SUIC.P5,CC BY-4.0,"Suicide mortality rate (per 100,000 population)","Suicide mortality rate is the number of suicide deaths in a year per 100,000 population. Crude suicide rate (not age-adjusted).","World Health Organization, Global Health Observatory Data Repository (http://apps.who.int/ghodata/)., World Health Organization (WHO), uri: https://www.who.int/data/gho",Health: Mortality,WB_WDI,"Per 100,000 population",Annual,2000-2021,Weighted average,"Methodology: It is calculated by dividing the number of suicide deaths in a year by the mid-year population for the same calendar year, then multiplying by 100,000. The estimates are derived from the WHO Global Health Estimates (GHE). For countries with high-quality vital registration systems that include information on cause of death, the vital registration data submitted by member states to the WHO Mortality Database are used, with adjustments made where necessary (e.g., for under-reporting of deaths, unknown age and sex, and ill-defined causes of death). For countries without high-quality death registration data, cause of death estimates are calculated using other sources, including household surveys with verbal autopsy, sample or sentinel registration systems, and special studies. These estimates represent WHO's best calculations, using standard categories, definitions, and methods to ensure cross-country comparability. They may not be identical to official national estimates.",,"Due to changes in input data and methods, the revisions of the data are not comparable to previously published estimates.",This is the Sustainable Development Goal indicator 3.4.2[https://unstats.un.org/sdgs/metadata/].,https://datacatalog.worldbank.org/int/public-licenses#cc-by
SP.DYN.CBRT.IN,CC BY-4.0,"Birth rate, crude (per 1,000 people)","Crude birth rate indicates the number of live births occurring during the year, per 1,000 population estimated at midyear. Subtracting the crude death rate from the crude birth rate provides the rate of natural increase, which is equal to the rate of population change in the absence of migration.","World Population Prospects, United Nations (UN), publisher: UN Population Division;
Statistical databases and publications from national statistical offices, National Statistical Offices (NSOs);
Demographic Statistics, Eurostat (ESTAT);
Population and Vital Statistics Report (various years), United Nations (UN), publisher: UN Statistical Division",Health: Population: Dynamics,WB_WDI,Per 1000 people,Annual,1960-2024,Weighted average,"Methodology: The crude birth rate is calculated as the number of births in a given period divided by the average population in that period. For human populations the period is usually one year and, if the population changes in size over the year, the divisor is taken as the population at the mid-year. The rate is usually expressed in terms of 1,000 people: for example, a crude birth rate of 9.5 (per 1000 people) in a population of 1 million would imply 9500 births per year in the entire population.
Statistical concept(s): Subtracting the crude death rate from the crude birth rate provides the rate of natural increase, which is equal to the rate of population change in the absence of migration. Vital rates are based on data from birth and death registration systems, censuses, and sample surveys by national statistical offices and other organizations, or on demographic analysis. Data for the most recent year for some high-income countries are provisional estimates based on vital registers. The estimates for many other countries are from the United Nations Population Division.","The crude birth rate is not appropriate for comparison of different populations or areas with large differences in age-distributions. When the crude death rate is subtracted from the crude birth rate, the result is the rate of natural increase, which is the rate of population change in the absence of migration.","Vital registers are the preferred source for these data, but in many developing countries systems for registering births and deaths are absent or incomplete because of deficiencies in the coverage of events or geographic areas. Many developing countries carry out special household surveys that ask respondents about recent births and deaths. Estimates derived in this way are subject to sampling errors and recall errors.",,https://datacatalog.worldbank.org/int/public-licenses#cc-by
SH.DTH.COMM.ZS,CC BY-4.0,"Cause of death, by communicable diseases and maternal, prenatal and nutrition conditions (% of total)","Cause of death refers to the share of all deaths for all ages by underlying causes. Communicable diseases and maternal, prenatal and nutrition conditions include infectious and parasitic diseases, respiratory infections, and nutritional deficiencies such as underweight and stunting.","Global Health Estimates, World Health Organization (WHO), uri: https://www.who.int/data/gho/data/themes/mortality-and-global-health-estimates/ghe-leading-causes-of-death, note: Derived based on the data from Global Health Estimates  Deaths by Cause, Age, Sex, by Country and by Region, 2000-2021",Health: Risk factors,WB_WDI,,Annual,2000-2021,Weighted average,"Methodology: Data on cause of death are compiled by the World Health Organization (WHO), using information from civil registration and vital statistics systems (CRVS), local health and demographic studies and other sources, supplemented by vital registration and verbal autopsy in communities as well as regular household health surveys. To address incomplete or inconsistent reporting—particularly in countries with limited vital registration coverage—WHO applies statistical models that account for underreporting, demographic differentials, and expected cause-of-death distribution.  Special attention has also been paid to misattribution or miscoding of causes of death in cardiovascular diseases, cancer, injuries, and general ill-defined categories. For further information, refer to the WHO Global Health Estimates methodological documentation.
Statistical concept(s): Causes of death in the Global Health Estimates (GHE) are classified according to the International Statistical Classification of Diseases and Related Health Problems, 10th Revision (ICD-10) or ICD-9. Reported data from countries are mapped to a standardized cause list structured by WHO in a three-level hierarchy. Each death is assigned to a single underlying cause based on ICD rules. To ensure internal consistency, all cause-specific mortality estimates are constrained to fit within an all-cause mortality envelope derived from demographic estimates prepared by the UN Population Division and WHO. The cause list is designed to be mutually exclusive and collectively exhaustive, allowing full decomposition of total mortality by age, sex, country, and year.

For countries with incomplete, poor-quality, or no usable cause-of-death data, WHO uses a compositional cause modeling strategy. This approach estimates the distribution of causes within broad cause groups based on epidemiological and demographic covariates. Redistribution algorithms are applied to correct for misclassification or ill-defined causes. All modeling approaches are aligned with WHO’s goal of maximizing comparability, transparency, and usability of mortality data across settings with diverse data availability and health system capacities.","Understanding the distribution of causes of death is critical for health planning, policy formulation, and the allocation of resources. Information on the cause of death— communicable diseases and maternal, prenatal and nutrition conditions, non-communicable diseases (NCDs), injury, and, in conjunction with other COVID-19 pandemic-related outcomes—provides a foundation for assessing epidemiological transitions, identifying emerging health threats, and monitoring progress toward national and global health goals, including the Sustainable Development Goals (SDGs); in particular, SDG Target 3.4 aims to reduce premature mortality from NCDs, while communicable diseases remain a key focus under Targets 3.3 and 3.8, which address disease-specific burdens and universal health coverage.

Information on the cause of death is especially important for low- and middle-income countries, where health systems must simultaneously address both infectious disease burdens and the rising prevalence of NCDs and injury-related mortality. Disaggregated cause-of-death data enable governments and development partners to prioritize interventions, assess health system performance, and guide investments in prevention and care. Moreover, monitoring mortality by cause helps identify disparities across population groups and geographies, ensuring that public health responses are equitable and data-driven.","Limited data availability on health status remains a major constraint in assessing health conditions in low-and middle-income countries. Surveillance systems are often weak or absent for major public health issues, and available estimates of disease prevalence and incidence may be incomplete or unreliable. National capacities and commitments to data collection and reporting vary significantly. To address these gaps and enhance reliability and comparability, the World Health Organization (WHO) produces estimates using epidemiological models.

The COVID-19 pandemic introduced exceptional challenges. Even in countries with relatively complete vital registration systems, excess mortality may have been misclassified between COVID-19 and other causes of death. In countries lacking comprehensive registration systems, greater reliance on modelled estimates—including categories such as “other pandemic-related mortality”—may have resulted in underestimation or redistribution of deaths from specific causes, particularly cardiovascular diseases and other non-communicable diseases.",,https://datacatalog.worldbank.org/int/public-licenses#cc-by
SP.DYN.CDRT.IN,CC BY-4.0,"Death rate, crude (per 1,000 people)","Crude death rate indicates the number of deaths occurring during the year, per 1,000 population estimated at midyear. Subtracting the crude death rate from the crude birth rate provides the rate of natural increase, which is equal to the rate of population change in the absence of migration.","World Population Prospects, United Nations (UN), publisher: UN Population Division;
Statistical databases and publications from national statistical offices, National Statistical Offices (NSOs);
Demographic Statistics, Eurostat (ESTAT);
Population and Vital Statistics Report (various years), United Nations (UN), publisher: UN Statistical Division",Health: Population: Dynamics,WB_WDI,Per 1000 people,Annual,1960-2024,Weighted average,"Methodology: The crude death rate is calculated as the number of deaths in a given period divided by the population exposed to risk of death in that period. For human populations the period is usually one year and, if the population changes in size over the year, the divisor is taken as the population at the mid-year. The rate is usually expressed in terms of 1,000 people: for example, a crude death rate of 9.5 (per 1000 people) in a population of 1 million would imply 9500 deaths per year in the entire population.
Statistical concept(s): Subtracting the crude death rate from the crude birth rate provides the rate of natural increase, which is equal to the rate of population change in the absence of migration. Vital rates are based on data from birth and death registration systems, censuses, and sample surveys by national statistical offices and other organizations, or on demographic analysis. Data for the most recent year for some high-income countries are provisional estimates based on vital registers. The estimates for many other countries are from the United Nations Population Division.","The crude death rate is a good indicator of the general health status of a geographic area or population. The crude death rate is not appropriate for comparison of different populations or areas with large differences in age-distributions. Higher crude death rates can be found in some developed countries, despite high life expectancy, because typically these countries have a much higher proportion of older people, due to lower recent birth rates and lower age-specific mortality rates.","Vital registers are the preferred source for these data, but in many developing countries systems for registering births and deaths are absent or incomplete because of deficiencies in the coverage of events or geographic areas. Many developing countries carry out special household surveys that ask respondents about recent births and deaths. Estimates derived in this way are subject to sampling errors and recall errors.",,https://datacatalog.worldbank.org/int/public-licenses#cc-by
